-0.035384
-0.038096
-0.038096
-0.038096
-0.037390
-0.040175
-0.040175
-0.040175
-0.032894
-0.035458
-0.035606
-0.035458
-0.034826
-0.037464
-0.037611
-0.037464
-0.030699
-0.033115
-0.033410
-0.033115
-0.032557
-0.035047
-0.035342
-0.035047
-0.028798
-0.031067
-0.031510
-0.031067
-0.030583
-0.032926
-0.033368
-0.032926
-0.027193
-0.029314
-0.029904
-0.029314
-0.028904
-0.031099
-0.031689
-0.031099
-0.025882
-0.027857
-0.028594
-0.027857
-0.027520
-0.029568
-0.030305
-0.029568
-0.024867
-0.026694
-0.027578
-0.026694
-0.026430
-0.028331
-0.029216
-0.028331
-0.024146
-0.025825
-0.026858
-0.025825
-0.025636
-0.027389
-0.028421
-0.027389
-0.023721
-0.025252
-0.026432
-0.025252
-0.025137
-0.026742
-0.027922
-0.026742
-0.023590
-0.024974
-0.026302
-0.024974
-0.024932
-0.026390
-0.027718
-0.026390
-0.023754
-0.024991
-0.026466
-0.024991
-0.025023
-0.026333
-0.027808
-0.026333
-0.024214
-0.025303
-0.026925
-0.025303
-0.025408
-0.026571
-0.028194
-0.026571
-0.024968
-0.025910
-0.027679
-0.025910
-0.026089
-0.027104
-0.028874
-0.027104
-0.026017
-0.026811
-0.028728
-0.026811
-0.027064
-0.027932
-0.029849
-0.027932
-0.027361
-0.028008
-0.030072
-0.028008
-0.028335
-0.029055
-0.031120
-0.029055
-0.029000
-0.029499
-0.031711
-0.029499
-0.029900
-0.030473
-0.032685
-0.030473
-0.030934
-0.031286
-0.033645
-0.031286
-0.031760
-0.032186
-0.034545
-0.032186
-0.033163
-0.033367
-0.035874
-0.033367
-0.033915
-0.034194
-0.036701
-0.034194
-0.035687
-0.035744
-0.038398
-0.035744
-0.036366
-0.036496
-0.039151
-0.036496
-0.038506
-0.038415
-0.041217
-0.038415
-0.039111
-0.039094
-0.041896
-0.039094
-0.032894
-0.035458
-0.035458
-0.035606
-0.034826
-0.037464
-0.037464
-0.037611
-0.030404
-0.032820
-0.032968
-0.032968
-0.032262
-0.034753
-0.034900
-0.034900
-0.028208
-0.030477
-0.030772
-0.030625
-0.029993
-0.032336
-0.032631
-0.032483
-0.026308
-0.028430
-0.028872
-0.028577
-0.028019
-0.030214
-0.030657
-0.030362
-0.024703
-0.026677
-0.027267
-0.026824
-0.026340
-0.028388
-0.028978
-0.028535
-0.023392
-0.025219
-0.025956
-0.025366
-0.024956
-0.026856
-0.027593
-0.027004
-0.022377
-0.024056
-0.024941
-0.024203
-0.023866
-0.025619
-0.026504
-0.025767
-0.021656
-0.023188
-0.024220
-0.023335
-0.023072
-0.024678
-0.025710
-0.024825
-0.021230
-0.022615
-0.023794
-0.022762
-0.022573
-0.024031
-0.025210
-0.024178
-0.021100
-0.022336
-0.023664
-0.022484
-0.022368
-0.023679
-0.025006
-0.023826
-0.021264
-0.022353
-0.023828
-0.022501
-0.022459
-0.023622
-0.025097
-0.023769
-0.021723
-0.022665
-0.024287
-0.022813
-0.022844
-0.023860
-0.025482
-0.024007
-0.022477
-0.023272
-0.025041
-0.023419
-0.023525
-0.024393
-0.026163
-0.024540
-0.023527
-0.024173
-0.026091
-0.024321
-0.024500
-0.025221
-0.027138
-0.025368
-0.024871
-0.025370
-0.027435
-0.025518
-0.025771
-0.026344
-0.028408
-0.026491
-0.026510
-0.026862
-0.029074
-0.027009
-0.027336
-0.027761
-0.029974
-0.027909
-0.028444
-0.028648
-0.031008
-0.028796
-0.029196
-0.029474
-0.031834
-0.029622
-0.030673
-0.030730
-0.033237
-0.030877
-0.031351
-0.031482
-0.033989
-0.031629
-0.033197
-0.033106
-0.035761
-0.033253
-0.033802
-0.033785
-0.036439
-0.033932
-0.036015
-0.035777
-0.038579
-0.035925
-0.036547
-0.036382
-0.039184
-0.036530
-0.030699
-0.033115
-0.033115
-0.033410
-0.032557
-0.035047
-0.035047
-0.035342
-0.028208
-0.030477
-0.030625
-0.030772
-0.029993
-0.032336
-0.032483
-0.032631
-0.026013
-0.028135
-0.028430
-0.028430
-0.027724
-0.029919
-0.030214
-0.030214
-0.024113
-0.026087
-0.026529
-0.026382
-0.025750
-0.027798
-0.028240
-0.028093
-0.022507
-0.024334
-0.024924
-0.024629
-0.024071
-0.025971
-0.026561
-0.026266
-0.021197
-0.022876
-0.023613
-0.023171
-0.022687
-0.024439
-0.025177
-0.024734
-0.020181
-0.021713
-0.022598
-0.022008
-0.021597
-0.023203
-0.024088
-0.023498
-0.019461
-0.020845
-0.021877
-0.021140
-0.020803
-0.022261
-0.023293
-0.022556
-0.019035
-0.020272
-0.021452
-0.020567
-0.020304
-0.021614
-0.022794
-0.021909
-0.018904
-0.019994
-0.021321
-0.020289
-0.020099
-0.021262
-0.022590
-0.021557
-0.019069
-0.020010
-0.021485
-0.020305
-0.020190
-0.021205
-0.022680
-0.021500
-0.019528
-0.020322
-0.021944
-0.020617
-0.020575
-0.021443
-0.023066
-0.021738
-0.020282
-0.020929
-0.022699
-0.021224
-0.021256
-0.021976
-0.023746
-0.022271
-0.021331
-0.021831
-0.023748
-0.022126
-0.022231
-0.022804
-0.024721
-0.023099
-0.022675
-0.023027
-0.025092
-0.023322
-0.023501
-0.023927
-0.025992
-0.024222
-0.024314
-0.024519
-0.026731
-0.024814
-0.025067
-0.025345
-0.027557
-0.025640
-0.026248
-0.026305
-0.028665
-0.026600
-0.026927
-0.027058
-0.029417
-0.027353
-0.028477
-0.028387
-0.030894
-0.028682
-0.029082
-0.029065
-0.031573
-0.029360
-0.031001
-0.030763
-0.033418
-0.031058
-0.031532
-0.031368
-0.034023
-0.031663
-0.033820
-0.033435
-0.036237
-0.033730
-0.034278
-0.033966
-0.036768
-0.034261
-0.028798
-0.031067
-0.031067
-0.031510
-0.030583
-0.032926
-0.032926
-0.033368
-0.026308
-0.028430
-0.028577
-0.028872
-0.028019
-0.030214
-0.030362
-0.030657
-0.024113
-0.026087
-0.026382
-0.026529
-0.025750
-0.027798
-0.028093
-0.028240
-0.022212
-0.024039
-0.024481
-0.024481
-0.023776
-0.025676
-0.026119
-0.026119
-0.020607
-0.022286
-0.022876
-0.022728
-0.022097
-0.023850
-0.024439
-0.024292
-0.019296
-0.020828
-0.021565
-0.021271
-0.020712
-0.022318
-0.023055
-0.022760
-0.018281
-0.019665
-0.020550
-0.020108
-0.019623
-0.021081
-0.021966
-0.021524
-0.017560
-0.018797
-0.019829
-0.019239
-0.018829
-0.020139
-0.021172
-0.020582
-0.017135
-0.018224
-0.019404
-0.018666
-0.018330
-0.019493
-0.020672
-0.019935
-0.017004
-0.017946
-0.019273
-0.018388
-0.018125
-0.019141
-0.020468
-0.019583
-0.017168
-0.017963
-0.019437
-0.018405
-0.018216
-0.019084
-0.020558
-0.019526
-0.017628
-0.018274
-0.019897
-0.018717
-0.018601
-0.019322
-0.020944
-0.019764
-0.018382
-0.018881
-0.020651
-0.019324
-0.019282
-0.019855
-0.021624
-0.020297
-0.019431
-0.019783
-0.021700
-0.020225
-0.020257
-0.020683
-0.022600
-0.021125
-0.020775
-0.020979
-0.023044
-0.021422
-0.021527
-0.021806
-0.023870
-0.022248
-0.022414
-0.022471
-0.024683
-0.022913
-0.023093
-0.023223
-0.025435
-0.023666
-0.024348
-0.024257
-0.026617
-0.024700
-0.024953
-0.024936
-0.027296
-0.025379
-0.026577
-0.026339
-0.028846
-0.026781
-0.027108
-0.026944
-0.029451
-0.027386
-0.029101
-0.028715
-0.031370
-0.029158
-0.029558
-0.029247
-0.031901
-0.029689
-0.031920
-0.031387
-0.034189
-0.031829
-0.032303
-0.031844
-0.034646
-0.032287
-0.027193
-0.029314
-0.029314
-0.029904
-0.028904
-0.031099
-0.031099
-0.031689
-0.024703
-0.026677
-0.026824
-0.027267
-0.026340
-0.028388
-0.028535
-0.028978
-0.022507
-0.024334
-0.024629
-0.024924
-0.024071
-0.025971
-0.026266
-0.026561
-0.020607
-0.022286
-0.022728
-0.022876
-0.022097
-0.023850
-0.024292
-0.024439
-0.019001
-0.020533
-0.021123
-0.021123
-0.020418
-0.022023
-0.022613
-0.022613
-0.017691
-0.019075
-0.019813
-0.019665
-0.019033
-0.020491
-0.021229
-0.021081
-0.016675
-0.017912
-0.018797
-0.018502
-0.017944
-0.019255
-0.020139
-0.019844
-0.015955
-0.017044
-0.018076
-0.017634
-0.017150
-0.018313
-0.019345
-0.018903
-0.015529
-0.016471
-0.017651
-0.017061
-0.016650
-0.017666
-0.018846
-0.018256
-0.015399
-0.016193
-0.017520
-0.016783
-0.016446
-0.017314
-0.018641
-0.017904
-0.015563
-0.016210
-0.017684
-0.016800
-0.016537
-0.017257
-0.018732
-0.017847
-0.016022
-0.016521
-0.018144
-0.017111
-0.016922
-0.017495
-0.019117
-0.018085
-0.016776
-0.017128
-0.018898
-0.017718
-0.017602
-0.018028
-0.019798
-0.018618
-0.017825
-0.018030
-0.019947
-0.018620
-0.018578
-0.018856
-0.020773
-0.019446
-0.019170
-0.019226
-0.021291
-0.019816
-0.019848
-0.019979
-0.022044
-0.020569
-0.020809
-0.020718
-0.022930
-0.021308
-0.021414
-0.021397
-0.023609
-0.021987
-0.022743
-0.022505
-0.024864
-0.023094
-0.023274
-0.023109
-0.025469
-0.023699
-0.024972
-0.024586
-0.027093
-0.025176
-0.025429
-0.025117
-0.027624
-0.025707
-0.027495
-0.026962
-0.029617
-0.027552
-0.027879
-0.027420
-0.030074
-0.028010
-0.030314
-0.029634
-0.032436
-0.030224
-0.030624
-0.030018
-0.032820
-0.030607
-0.025882
-0.027857
-0.027857
-0.028594
-0.027520
-0.029568
-0.029568
-0.030305
-0.023392
-0.025219
-0.025366
-0.025956
-0.024956
-0.026856
-0.027004
-0.027593
-0.021197
-0.022876
-0.023171
-0.023613
-0.022687
-0.024439
-0.024734
-0.025177
-0.019296
-0.020828
-0.021271
-0.021565
-0.020712
-0.022318
-0.022760
-0.023055
-0.017691
-0.019075
-0.019665
-0.019813
-0.019033
-0.020491
-0.021081
-0.021229
-0.016380
-0.017617
-0.018355
-0.018355
-0.017649
-0.018960
-0.019697
-0.019697
-0.015365
-0.016454
-0.017339
-0.017192
-0.016560
-0.017723
-0.018608
-0.018460
-0.014644
-0.015586
-0.016619
-0.016324
-0.015766
-0.016781
-0.017813
-0.017518
-0.014219
-0.015013
-0.016193
-0.015750
-0.015266
-0.016134
-0.017314
-0.016872
-0.014088
-0.014735
-0.016062
-0.015472
-0.015062
-0.015782
-0.017110
-0.016520
-0.014252
-0.014752
-0.016227
-0.015489
-0.015152
-0.015725
-0.017200
-0.016463
-0.014712
-0.015064
-0.016686
-0.015801
-0.015538
-0.015963
-0.017586
-0.016701
-0.015466
-0.015670
-0.017440
-0.016408
-0.016218
-0.016496
-0.018266
-0.017234
-0.016515
-0.016572
-0.018489
-0.017309
-0.017194
-0.017324
-0.019241
-0.018062
-0.017859
-0.017769
-0.019833
-0.018506
-0.018464
-0.018447
-0.020512
-0.019185
-0.019498
-0.019260
-0.021472
-0.019997
-0.020029
-0.019865
-0.022077
-0.020602
-0.021432
-0.021047
-0.023406
-0.021784
-0.021890
-0.021578
-0.023937
-0.022315
-0.023661
-0.023128
-0.025635
-0.023865
-0.024045
-0.023586
-0.026093
-0.024323
-0.026185
-0.025504
-0.028159
-0.026242
-0.026495
-0.025888
-0.028543
-0.026626
-0.029004
-0.028176
-0.030978
-0.028913
-0.029240
-0.028486
-0.031288
-0.029223
-0.024867
-0.026694
-0.026694
-0.027578
-0.026430
-0.028331
-0.028331
-0.029216
-0.022377
-0.024056
-0.024203
-0.024941
-0.023866
-0.025619
-0.025767
-0.026504
-0.020181
-0.021713
-0.022008
-0.022598
-0.021597
-0.023203
-0.023498
-0.024088
-0.018281
-0.019665
-0.020108
-0.020550
-0.019623
-0.021081
-0.021524
-0.021966
-0.016675
-0.017912
-0.018502
-0.018797
-0.017944
-0.019255
-0.019844
-0.020139
-0.015365
-0.016454
-0.017192
-0.017339
-0.016560
-0.017723
-0.018460
-0.018608
-0.014349
-0.015291
-0.016176
-0.016176
-0.015471
-0.016486
-0.017371
-0.017371
-0.013629
-0.014423
-0.015456
-0.015308
-0.014676
-0.015544
-0.016577
-0.016429
-0.013203
-0.013850
-0.015030
-0.014735
-0.014177
-0.014897
-0.016077
-0.015782
-0.013073
-0.013572
-0.014899
-0.014457
-0.013972
-0.014546
-0.015873
-0.015430
-0.013237
-0.013589
-0.015064
-0.014474
-0.014063
-0.014489
-0.015963
-0.015374
-0.013696
-0.013901
-0.015523
-0.014785
-0.014449
-0.014727
-0.016349
-0.015612
-0.014450
-0.014507
-0.016277
-0.015392
-0.015129
-0.015260
-0.017029
-0.016145
-0.015499
-0.015409
-0.017326
-0.016294
-0.016104
-0.016088
-0.018005
-0.016972
-0.016844
-0.016606
-0.018670
-0.017490
-0.017375
-0.017210
-0.019275
-0.018095
-0.018483
-0.018097
-0.020309
-0.018982
-0.018940
-0.018628
-0.020840
-0.019513
-0.020417
-0.019884
-0.022243
-0.020768
-0.020800
-0.020341
-0.022701
-0.021226
-0.022646
-0.021965
-0.024472
-0.022850
-0.022956
-0.022349
-0.024856
-0.023234
-0.025169
-0.024341
-0.026996
-0.025226
-0.025406
-0.024651
-0.027306
-0.025536
-0.027988
-0.027013
-0.029815
-0.027898
-0.028151
-0.027249
-0.030051
-0.028134
-0.024146
-0.025825
-0.025825
-0.026858
-0.025636
-0.027389
-0.027389
-0.028421
-0.021656
-0.023188
-0.023335
-0.024220
-0.023072
-0.024678
-0.024825
-0.025710
-0.019461
-0.020845
-0.021140
-0.021877
-0.020803
-0.022261
-0.022556
-0.023293
-0.017560
-0.018797
-0.019239
-0.019829
-0.018829
-0.020139
-0.020582
-0.021172
-0.015955
-0.017044
-0.017634
-0.018076
-0.017150
-0.018313
-0.018903
-0.019345
-0.014644
-0.015586
-0.016324
-0.016619
-0.015766
-0.016781
-0.017518
-0.017813
-0.013629
-0.014423
-0.015308
-0.015456
-0.014676
-0.015544
-0.016429
-0.016577
-0.012908
-0.013555
-0.014587
-0.014587
-0.013882
-0.014603
-0.015635
-0.015635
-0.012483
-0.012982
-0.014162
-0.014014
-0.013383
-0.013956
-0.015135
-0.014988
-0.012352
-0.012704
-0.014031
-0.013736
-0.013178
-0.013604
-0.014931
-0.014636
-0.012516
-0.012721
-0.014195
-0.013753
-0.013269
-0.013547
-0.015022
-0.014579
-0.012976
-0.013032
-0.014655
-0.014065
-0.013654
-0.013785
-0.015407
-0.014817
-0.013730
-0.013639
-0.015409
-0.014672
-0.014335
-0.014318
-0.016088
-0.015350
-0.014779
-0.014541
-0.016458
-0.015573
-0.015310
-0.015146
-0.017063
-0.016178
-0.016123
-0.015737
-0.017802
-0.016770
-0.016580
-0.016269
-0.018333
-0.017301
-0.017762
-0.017229
-0.019441
-0.018261
-0.018146
-0.017686
-0.019899
-0.018719
-0.019696
-0.019016
-0.021375
-0.020048
-0.020006
-0.019399
-0.021759
-0.020432
-0.021925
-0.021097
-0.023604
-0.022129
-0.022161
-0.021407
-0.023914
-0.022439
-0.024449
-0.023473
-0.026128
-0.024506
-0.024611
-0.023710
-0.026364
-0.024742
-0.027268
-0.026145
-0.028947
-0.027177
-0.027356
-0.026307
-0.029109
-0.027340
-0.023721
-0.025252
-0.025252
-0.026432
-0.025137
-0.026742
-0.026742
-0.027922
-0.021230
-0.022615
-0.022762
-0.023794
-0.022573
-0.024031
-0.024178
-0.025210
-0.019035
-0.020272
-0.020567
-0.021452
-0.020304
-0.021614
-0.021909
-0.022794
-0.017135
-0.018224
-0.018666
-0.019404
-0.018330
-0.019493
-0.019935
-0.020672
-0.015529
-0.016471
-0.017061
-0.017651
-0.016650
-0.017666
-0.018256
-0.018846
-0.014219
-0.015013
-0.015750
-0.016193
-0.015266
-0.016134
-0.016872
-0.017314
-0.013203
-0.013850
-0.014735
-0.015030
-0.014177
-0.014897
-0.015782
-0.016077
-0.012483
-0.012982
-0.014014
-0.014162
-0.013383
-0.013956
-0.014988
-0.015135
-0.012057
-0.012409
-0.013589
-0.013589
-0.012883
-0.013309
-0.014489
-0.014489
-0.011926
-0.012131
-0.013458
-0.013311
-0.012679
-0.012957
-0.014284
-0.014137
-0.012091
-0.012148
-0.013622
-0.013327
-0.012769
-0.012900
-0.014375
-0.014080
-0.012550
-0.012459
-0.014082
-0.013639
-0.013155
-0.013138
-0.014760
-0.014318
-0.013304
-0.013066
-0.014836
-0.014246
-0.013835
-0.013671
-0.015441
-0.014851
-0.014353
-0.013968
-0.015885
-0.015148
-0.014811
-0.014499
-0.016416
-0.015679
-0.015697
-0.015164
-0.017229
-0.016344
-0.016081
-0.015622
-0.017686
-0.016802
-0.017336
-0.016656
-0.018868
-0.017836
-0.017646
-0.017040
-0.019252
-0.018219
-0.019270
-0.018442
-0.020802
-0.019622
-0.019507
-0.018752
-0.021112
-0.019932
-0.021499
-0.020524
-0.023031
-0.021704
-0.021662
-0.020760
-0.023267
-0.021940
-0.024023
-0.022900
-0.025555
-0.024080
-0.024112
-0.023063
-0.025717
-0.024243
-0.026842
-0.025572
-0.028374
-0.026752
-0.026857
-0.025661
-0.028463
-0.026840
-0.023590
-0.024974
-0.024974
-0.026302
-0.024932
-0.026390
-0.026390
-0.027718
-0.021100
-0.022336
-0.022484
-0.023664
-0.022368
-0.023679
-0.023826
-0.025006
-0.018904
-0.019994
-0.020289
-0.021321
-0.020099
-0.021262
-0.021557
-0.022590
-0.017004
-0.017946
-0.018388
-0.019273
-0.018125
-0.019141
-0.019583
-0.020468
-0.015399
-0.016193
-0.016783
-0.017520
-0.016446
-0.017314
-0.017904
-0.018641
-0.014088
-0.014735
-0.015472
-0.016062
-0.015062
-0.015782
-0.016520
-0.017110
-0.013073
-0.013572
-0.014457
-0.014899
-0.013972
-0.014546
-0.015430
-0.015873
-0.012352
-0.012704
-0.013736
-0.014031
-0.013178
-0.013604
-0.014636
-0.014931
-0.011926
-0.012131
-0.013311
-0.013458
-0.012679
-0.012957
-0.014137
-0.014284
-0.011796
-0.011853
-0.013180
-0.013180
-0.012474
-0.012605
-0.013932
-0.013932
-0.011960
-0.011869
-0.013344
-0.013197
-0.012565
-0.012548
-0.014023
-0.013875
-0.012419
-0.012181
-0.013803
-0.013509
-0.012950
-0.012786
-0.014408
-0.014113
-0.013173
-0.012788
-0.014558
-0.014115
-0.013631
-0.013319
-0.015089
-0.014646
-0.014223
-0.013690
-0.015607
-0.015017
-0.014606
-0.014147
-0.016064
-0.015474
-0.015567
-0.014886
-0.016951
-0.016214
-0.015877
-0.015270
-0.017335
-0.016597
-0.017206
-0.016378
-0.018590
-0.017705
-0.017442
-0.016688
-0.018900
-0.018015
-0.019140
-0.018164
-0.020524
-0.019492
-0.019302
-0.018401
-0.020760
-0.019728
-0.021369
-0.020246
-0.022753
-0.021573
-0.021457
-0.020408
-0.022915
-0.021736
-0.023893
-0.022622
-0.025277
-0.023949
-0.023908
-0.022711
-0.025366
-0.024038
-0.026711
-0.025294
-0.028096
-0.026621
-0.026653
-0.025309
-0.028111
-0.026636
-0.023754
-0.024991
-0.024991
-0.026466
-0.025023
-0.026333
-0.026333
-0.027808
-0.021264
-0.022353
-0.022501
-0.023828
-0.022459
-0.023622
-0.023769
-0.025097
-0.019069
-0.020010
-0.020305
-0.021485
-0.020190
-0.021205
-0.021500
-0.022680
-0.017168
-0.017963
-0.018405
-0.019437
-0.018216
-0.019084
-0.019526
-0.020558
-0.015563
-0.016210
-0.016800
-0.017684
-0.016537
-0.017257
-0.017847
-0.018732
-0.014252
-0.014752
-0.015489
-0.016227
-0.015152
-0.015725
-0.016463
-0.017200
-0.013237
-0.013589
-0.014474
-0.015064
-0.014063
-0.014489
-0.015374
-0.015963
-0.012516
-0.012721
-0.013753
-0.014195
-0.013269
-0.013547
-0.014579
-0.015022
-0.012091
-0.012148
-0.013327
-0.013622
-0.012769
-0.012900
-0.014080
-0.014375
-0.011960
-0.011869
-0.013197
-0.013344
-0.012565
-0.012548
-0.013875
-0.014023
-0.012124
-0.011886
-0.013361
-0.013361
-0.012656
-0.012491
-0.013966
-0.013966
-0.012584
-0.012198
-0.013820
-0.013673
-0.013041
-0.012729
-0.014351
-0.014204
-0.013338
-0.012805
-0.014574
-0.014280
-0.013721
-0.013262
-0.015032
-0.014737
-0.014387
-0.013706
-0.015624
-0.015181
-0.014697
-0.014090
-0.016007
-0.015565
-0.015731
-0.014903
-0.016968
-0.016378
-0.015967
-0.015213
-0.017278
-0.016688
-0.017370
-0.016395
-0.018607
-0.017869
-0.017533
-0.016631
-0.018843
-0.018106
-0.019304
-0.018181
-0.020541
-0.019656
-0.019393
-0.018344
-0.020703
-0.019818
-0.021533
-0.020263
-0.022770
-0.021737
-0.021548
-0.020351
-0.022858
-0.021826
-0.024057
-0.022639
-0.025294
-0.024114
-0.023998
-0.022654
-0.025309
-0.024129
-0.026876
-0.025310
-0.028112
-0.026785
-0.026743
-0.025252
-0.028054
-0.026726
-0.024214
-0.025303
-0.025303
-0.026925
-0.025408
-0.026571
-0.026571
-0.028194
-0.021723
-0.022665
-0.022813
-0.024287
-0.022844
-0.023860
-0.024007
-0.025482
-0.019528
-0.020322
-0.020617
-0.021944
-0.020575
-0.021443
-0.021738
-0.023066
-0.017628
-0.018274
-0.018717
-0.019897
-0.018601
-0.019322
-0.019764
-0.020944
-0.016022
-0.016521
-0.017111
-0.018144
-0.016922
-0.017495
-0.018085
-0.019117
-0.014712
-0.015064
-0.015801
-0.016686
-0.015538
-0.015963
-0.016701
-0.017586
-0.013696
-0.013901
-0.014785
-0.015523
-0.014449
-0.014727
-0.015612
-0.016349
-0.012976
-0.013032
-0.014065
-0.014655
-0.013654
-0.013785
-0.014817
-0.015407
-0.012550
-0.012459
-0.013639
-0.014082
-0.013155
-0.013138
-0.014318
-0.014760
-0.012419
-0.012181
-0.013509
-0.013803
-0.012950
-0.012786
-0.014113
-0.014408
-0.012584
-0.012198
-0.013673
-0.013820
-0.013041
-0.012729
-0.014204
-0.014351
-0.013043
-0.012510
-0.014132
-0.014132
-0.013427
-0.012967
-0.014590
-0.014590
-0.013797
-0.013117
-0.014886
-0.014739
-0.014107
-0.013500
-0.015270
-0.015122
-0.014846
-0.014018
-0.015935
-0.015640
-0.015082
-0.014328
-0.016245
-0.015950
-0.016190
-0.015215
-0.017279
-0.016837
-0.016353
-0.015451
-0.017516
-0.017073
-0.017829
-0.016706
-0.018918
-0.018329
-0.017918
-0.016869
-0.019081
-0.018491
-0.019763
-0.018493
-0.020852
-0.020115
-0.019778
-0.018582
-0.020941
-0.020204
-0.021992
-0.020574
-0.023081
-0.022197
-0.021933
-0.020589
-0.023096
-0.022212
-0.024516
-0.022951
-0.025605
-0.024573
-0.024384
-0.022892
-0.025547
-0.024514
-0.027335
-0.025622
-0.028424
-0.027244
-0.027129
-0.025490
-0.028292
-0.027112
-0.024968
-0.025910
-0.025910
-0.027679
-0.026089
-0.027104
-0.027104
-0.028874
-0.022477
-0.023272
-0.023419
-0.025041
-0.023525
-0.024393
-0.024540
-0.026163
-0.020282
-0.020929
-0.021224
-0.022699
-0.021256
-0.021976
-0.022271
-0.023746
-0.018382
-0.018881
-0.019324
-0.020651
-0.019282
-0.019855
-0.020297
-0.021624
-0.016776
-0.017128
-0.017718
-0.018898
-0.017602
-0.018028
-0.018618
-0.019798
-0.015466
-0.015670
-0.016408
-0.017440
-0.016218
-0.016496
-0.017234
-0.018266
-0.014450
-0.014507
-0.015392
-0.016277
-0.015129
-0.015260
-0.016145
-0.017029
-0.013730
-0.013639
-0.014672
-0.015409
-0.014335
-0.014318
-0.015350
-0.016088
-0.013304
-0.013066
-0.014246
-0.014836
-0.013835
-0.013671
-0.014851
-0.015441
-0.013173
-0.012788
-0.014115
-0.014558
-0.013631
-0.013319
-0.014646
-0.015089
-0.013338
-0.012805
-0.014280
-0.014574
-0.013721
-0.013262
-0.014737
-0.015032
-0.013797
-0.013117
-0.014739
-0.014886
-0.014107
-0.013500
-0.015122
-0.015270
-0.014551
-0.013723
-0.015493
-0.015493
-0.014787
-0.014033
-0.015803
-0.015803
-0.015600
-0.014625
-0.016542
-0.016395
-0.015763
-0.014861
-0.016778
-0.016631
-0.016944
-0.015821
-0.017886
-0.017591
-0.017033
-0.015984
-0.018049
-0.017754
-0.018583
-0.017313
-0.019525
-0.019083
-0.018598
-0.017402
-0.019614
-0.019172
-0.020517
-0.019100
-0.021459
-0.020869
-0.020459
-0.019115
-0.021474
-0.020884
-0.022746
-0.021181
-0.023688
-0.022951
-0.022614
-0.021122
-0.023629
-0.022892
-0.025270
-0.023557
-0.026212
-0.025327
-0.025064
-0.023425
-0.026080
-0.025195
-0.028089
-0.026229
-0.029031
-0.027999
-0.027809
-0.026023
-0.028825
-0.027792
-0.026017
-0.026811
-0.026811
-0.028728
-0.027064
-0.027932
-0.027932
-0.029849
-0.023527
-0.024173
-0.024321
-0.026091
-0.024500
-0.025221
-0.025368
-0.027138
-0.021331
-0.021831
-0.022126
-0.023748
-0.022231
-0.022804
-0.023099
-0.024721
-0.019431
-0.019783
-0.020225
-0.021700
-0.020257
-0.020683
-0.021125
-0.022600
-0.017825
-0.018030
-0.018620
-0.019947
-0.018578
-0.018856
-0.019446
-0.020773
-0.016515
-0.016572
-0.017309
-0.018489
-0.017194
-0.017324
-0.018062
-0.019241
-0.015499
-0.015409
-0.016294
-0.017326
-0.016104
-0.016088
-0.016972
-0.018005
-0.014779
-0.014541
-0.015573
-0.016458
-0.015310
-0.015146
-0.016178
-0.017063
-0.014353
-0.013968
-0.015148
-0.015885
-0.014811
-0.014499
-0.015679
-0.016416
-0.014223
-0.013690
-0.015017
-0.015607
-0.014606
-0.014147
-0.015474
-0.016064
-0.014387
-0.013706
-0.015181
-0.015624
-0.014697
-0.014090
-0.015565
-0.016007
-0.014846
-0.014018
-0.015640
-0.015935
-0.015082
-0.014328
-0.015950
-0.016245
-0.015600
-0.014625
-0.016395
-0.016542
-0.015763
-0.014861
-0.016631
-0.016778
-0.016649
-0.015527
-0.017444
-0.017444
-0.016738
-0.015689
-0.017606
-0.017606
-0.017994
-0.016723
-0.018788
-0.018640
-0.018009
-0.016812
-0.018877
-0.018729
-0.019633
-0.018215
-0.020427
-0.020132
-0.019574
-0.018230
-0.020442
-0.020147
-0.021567
-0.020001
-0.022361
-0.021918
-0.021434
-0.019943
-0.022302
-0.021860
-0.023796
-0.022083
-0.024590
-0.024000
-0.023589
-0.021950
-0.024457
-0.023867
-0.026319
-0.024459
-0.027114
-0.026376
-0.026040
-0.024253
-0.026908
-0.026170
-0.029138
-0.027131
-0.029933
-0.029048
-0.028785
-0.026851
-0.029653
-0.028768
-0.027361
-0.028008
-0.028008
-0.030072
-0.028335
-0.029055
-0.029055
-0.031120
-0.024871
-0.025370
-0.025518
-0.027435
-0.025771
-0.026344
-0.026491
-0.028408
-0.022675
-0.023027
-0.023322
-0.025092
-0.023501
-0.023927
-0.024222
-0.025992
-0.020775
-0.020979
-0.021422
-0.023044
-0.021527
-0.021806
-0.022248
-0.023870
-0.019170
-0.019226
-0.019816
-0.021291
-0.019848
-0.019979
-0.020569
-0.022044
-0.017859
-0.017769
-0.018506
-0.019833
-0.018464
-0.018447
-0.019185
-0.020512
-0.016844
-0.016606
-0.017490
-0.018670
-0.017375
-0.017210
-0.018095
-0.019275
-0.016123
-0.015737
-0.016770
-0.017802
-0.016580
-0.016269
-0.017301
-0.018333
-0.015697
-0.015164
-0.016344
-0.017229
-0.016081
-0.015622
-0.016802
-0.017686
-0.015567
-0.014886
-0.016214
-0.016951
-0.015877
-0.015270
-0.016597
-0.017335
-0.015731
-0.014903
-0.016378
-0.016968
-0.015967
-0.015213
-0.016688
-0.017278
-0.016190
-0.015215
-0.016837
-0.017279
-0.016353
-0.015451
-0.017073
-0.017516
-0.016944
-0.015821
-0.017591
-0.017886
-0.017033
-0.015984
-0.017754
-0.018049
-0.017994
-0.016723
-0.018640
-0.018788
-0.018009
-0.016812
-0.018729
-0.018877
-0.019338
-0.017920
-0.019984
-0.019984
-0.019279
-0.017935
-0.019999
-0.019999
-0.020977
-0.019411
-0.021623
-0.021476
-0.020844
-0.019353
-0.021565
-0.021417
-0.022911
-0.021198
-0.023557
-0.023263
-0.022704
-0.021065
-0.023425
-0.023130
-0.025140
-0.023279
-0.025786
-0.025344
-0.024860
-0.023073
-0.025580
-0.025138
-0.027664
-0.025656
-0.028310
-0.027720
-0.027310
-0.025376
-0.028030
-0.027441
-0.030482
-0.028327
-0.031129
-0.030392
-0.030055
-0.027974
-0.030776
-0.030038
-0.029000
-0.029499
-0.029499
-0.031711
-0.029900
-0.030473
-0.030473
-0.032685
-0.026510
-0.026862
-0.027009
-0.029074
-0.027336
-0.027761
-0.027909
-0.029974
-0.024314
-0.024519
-0.024814
-0.026731
-0.025067
-0.025345
-0.025640
-0.027557
-0.022414
-0.022471
-0.022913
-0.024683
-0.023093
-0.023223
-0.023666
-0.025435
-0.020809
-0.020718
-0.021308
-0.022930
-0.021414
-0.021397
-0.021987
-0.023609
-0.019498
-0.019260
-0.019997
-0.021472
-0.020029
-0.019865
-0.020602
-0.022077
-0.018483
-0.018097
-0.018982
-0.020309
-0.018940
-0.018628
-0.019513
-0.020840
-0.017762
-0.017229
-0.018261
-0.019441
-0.018146
-0.017686
-0.018719
-0.019899
-0.017336
-0.016656
-0.017836
-0.018868
-0.017646
-0.017040
-0.018219
-0.019252
-0.017206
-0.016378
-0.017705
-0.018590
-0.017442
-0.016688
-0.018015
-0.018900
-0.017370
-0.016395
-0.017869
-0.018607
-0.017533
-0.016631
-0.018106
-0.018843
-0.017829
-0.016706
-0.018329
-0.018918
-0.017918
-0.016869
-0.018491
-0.019081
-0.018583
-0.017313
-0.019083
-0.019525
-0.018598
-0.017402
-0.019172
-0.019614
-0.019633
-0.018215
-0.020132
-0.020427
-0.019574
-0.018230
-0.020147
-0.020442
-0.020977
-0.019411
-0.021476
-0.021623
-0.020844
-0.019353
-0.021417
-0.021565
-0.022616
-0.020903
-0.023115
-0.023115
-0.022410
-0.020770
-0.022983
-0.022983
-0.024550
-0.022689
-0.025049
-0.024902
-0.024270
-0.022483
-0.024843
-0.024695
-0.026779
-0.024771
-0.027278
-0.026983
-0.026425
-0.024491
-0.026998
-0.026703
-0.029303
-0.027147
-0.029802
-0.029359
-0.028875
-0.026794
-0.029448
-0.029006
-0.032121
-0.029819
-0.032621
-0.032031
-0.031620
-0.029391
-0.032193
-0.031603
-0.030934
-0.031286
-0.031286
-0.033645
-0.031760
-0.032186
-0.032186
-0.034545
-0.028444
-0.028648
-0.028796
-0.031008
-0.029196
-0.029474
-0.029622
-0.031834
-0.026248
-0.026305
-0.026600
-0.028665
-0.026927
-0.027058
-0.027353
-0.029417
-0.024348
-0.024257
-0.024700
-0.026617
-0.024953
-0.024936
-0.025379
-0.027296
-0.022743
-0.022505
-0.023094
-0.024864
-0.023274
-0.023109
-0.023699
-0.025469
-0.021432
-0.021047
-0.021784
-0.023406
-0.021890
-0.021578
-0.022315
-0.023937
-0.020417
-0.019884
-0.020768
-0.022243
-0.020800
-0.020341
-0.021226
-0.022701
-0.019696
-0.019016
-0.020048
-0.021375
-0.020006
-0.019399
-0.020432
-0.021759
-0.019270
-0.018442
-0.019622
-0.020802
-0.019507
-0.018752
-0.019932
-0.021112
-0.019140
-0.018164
-0.019492
-0.020524
-0.019302
-0.018401
-0.019728
-0.020760
-0.019304
-0.018181
-0.019656
-0.020541
-0.019393
-0.018344
-0.019818
-0.020703
-0.019763
-0.018493
-0.020115
-0.020852
-0.019778
-0.018582
-0.020204
-0.020941
-0.020517
-0.019100
-0.020869
-0.021459
-0.020459
-0.019115
-0.020884
-0.021474
-0.021567
-0.020001
-0.021918
-0.022361
-0.021434
-0.019943
-0.021860
-0.022302
-0.022911
-0.021198
-0.023263
-0.023557
-0.022704
-0.021065
-0.023130
-0.023425
-0.024550
-0.022689
-0.024902
-0.025049
-0.024270
-0.022483
-0.024695
-0.024843
-0.026484
-0.024476
-0.026836
-0.026836
-0.026130
-0.024196
-0.026556
-0.026556
-0.028713
-0.026557
-0.029065
-0.028917
-0.028285
-0.026204
-0.028711
-0.028563
-0.031237
-0.028934
-0.031588
-0.031293
-0.030735
-0.028506
-0.031161
-0.030866
-0.034055
-0.031605
-0.034407
-0.033965
-0.033481
-0.031104
-0.033906
-0.033464
-0.033163
-0.033367
-0.033367
-0.035874
-0.033915
-0.034194
-0.034194
-0.036701
-0.030673
-0.030730
-0.030877
-0.033237
-0.031351
-0.031482
-0.031629
-0.033989
-0.028477
-0.028387
-0.028682
-0.030894
-0.029082
-0.029065
-0.029360
-0.031573
-0.026577
-0.026339
-0.026781
-0.028846
-0.027108
-0.026944
-0.027386
-0.029451
-0.024972
-0.024586
-0.025176
-0.027093
-0.025429
-0.025117
-0.025707
-0.027624
-0.023661
-0.023128
-0.023865
-0.025635
-0.024045
-0.023586
-0.024323
-0.026093
-0.022646
-0.021965
-0.022850
-0.024472
-0.022956
-0.022349
-0.023234
-0.024856
-0.021925
-0.021097
-0.022129
-0.023604
-0.022161
-0.021407
-0.022439
-0.023914
-0.021499
-0.020524
-0.021704
-0.023031
-0.021662
-0.020760
-0.021940
-0.023267
-0.021369
-0.020246
-0.021573
-0.022753
-0.021457
-0.020408
-0.021736
-0.022915
-0.021533
-0.020263
-0.021737
-0.022770
-0.021548
-0.020351
-0.021826
-0.022858
-0.021992
-0.020574
-0.022197
-0.023081
-0.021933
-0.020589
-0.022212
-0.023096
-0.022746
-0.021181
-0.022951
-0.023688
-0.022614
-0.021122
-0.022892
-0.023629
-0.023796
-0.022083
-0.024000
-0.024590
-0.023589
-0.021950
-0.023867
-0.024457
-0.025140
-0.023279
-0.025344
-0.025786
-0.024860
-0.023073
-0.025138
-0.025580
-0.026779
-0.024771
-0.026983
-0.027278
-0.026425
-0.024491
-0.026703
-0.026998
-0.028713
-0.026557
-0.028917
-0.029065
-0.028285
-0.026204
-0.028563
-0.028711
-0.030942
-0.028639
-0.031146
-0.031146
-0.030440
-0.028212
-0.030719
-0.030719
-0.033466
-0.031015
-0.033670
-0.033522
-0.032891
-0.030514
-0.033169
-0.033021
-0.036284
-0.033687
-0.036489
-0.036194
-0.035636
-0.033112
-0.035914
-0.035619
-0.035687
-0.035744
-0.035744
-0.038398
-0.036366
-0.036496
-0.036496
-0.039151
-0.033197
-0.033106
-0.033253
-0.035761
-0.033802
-0.033785
-0.033932
-0.036439
-0.031001
-0.030763
-0.031058
-0.033418
-0.031532
-0.031368
-0.031663
-0.034023
-0.029101
-0.028715
-0.029158
-0.031370
-0.029558
-0.029247
-0.029689
-0.031901
-0.027495
-0.026962
-0.027552
-0.029617
-0.027879
-0.027420
-0.028010
-0.030074
-0.026185
-0.025504
-0.026242
-0.028159
-0.026495
-0.025888
-0.026626
-0.028543
-0.025169
-0.024341
-0.025226
-0.026996
-0.025406
-0.024651
-0.025536
-0.027306
-0.024449
-0.023473
-0.024506
-0.026128
-0.024611
-0.023710
-0.024742
-0.026364
-0.024023
-0.022900
-0.024080
-0.025555
-0.024112
-0.023063
-0.024243
-0.025717
-0.023893
-0.022622
-0.023949
-0.025277
-0.023908
-0.022711
-0.024038
-0.025366
-0.024057
-0.022639
-0.024114
-0.025294
-0.023998
-0.022654
-0.024129
-0.025309
-0.024516
-0.022951
-0.024573
-0.025605
-0.024384
-0.022892
-0.024514
-0.025547
-0.025270
-0.023557
-0.025327
-0.026212
-0.025064
-0.023425
-0.025195
-0.026080
-0.026319
-0.024459
-0.026376
-0.027114
-0.026040
-0.024253
-0.026170
-0.026908
-0.027664
-0.025656
-0.027720
-0.028310
-0.027310
-0.025376
-0.027441
-0.028030
-0.029303
-0.027147
-0.029359
-0.029802
-0.028875
-0.026794
-0.029006
-0.029448
-0.031237
-0.028934
-0.031293
-0.031588
-0.030735
-0.028506
-0.030866
-0.031161
-0.033466
-0.031015
-0.033522
-0.033670
-0.032891
-0.030514
-0.033021
-0.033169
-0.035989
-0.033392
-0.036046
-0.036046
-0.035341
-0.032817
-0.035471
-0.035471
-0.038808
-0.036063
-0.038865
-0.038718
-0.038086
-0.035415
-0.038217
-0.038069
-0.038506
-0.038415
-0.038415
-0.041217
-0.039111
-0.039094
-0.039094
-0.041896
-0.036015
-0.035777
-0.035925
-0.038579
-0.036547
-0.036382
-0.036530
-0.039184
-0.033820
-0.033435
-0.033730
-0.036237
-0.034278
-0.033966
-0.034261
-0.036768
-0.031920
-0.031387
-0.031829
-0.034189
-0.032303
-0.031844
-0.032287
-0.034646
-0.030314
-0.029634
-0.030224
-0.032436
-0.030624
-0.030018
-0.030607
-0.032820
-0.029004
-0.028176
-0.028913
-0.030978
-0.029240
-0.028486
-0.029223
-0.031288
-0.027988
-0.027013
-0.027898
-0.029815
-0.028151
-0.027249
-0.028134
-0.030051
-0.027268
-0.026145
-0.027177
-0.028947
-0.027356
-0.026307
-0.027340
-0.029109
-0.026842
-0.025572
-0.026752
-0.028374
-0.026857
-0.025661
-0.026840
-0.028463
-0.026711
-0.025294
-0.026621
-0.028096
-0.026653
-0.025309
-0.026636
-0.028111
-0.026876
-0.025310
-0.026785
-0.028112
-0.026743
-0.025252
-0.026726
-0.028054
-0.027335
-0.025622
-0.027244
-0.028424
-0.027129
-0.025490
-0.027112
-0.028292
-0.028089
-0.026229
-0.027999
-0.029031
-0.027809
-0.026023
-0.027792
-0.028825
-0.029138
-0.027131
-0.029048
-0.029933
-0.028785
-0.026851
-0.028768
-0.029653
-0.030482
-0.028327
-0.030392
-0.031129
-0.030055
-0.027974
-0.030038
-0.030776
-0.032121
-0.029819
-0.032031
-0.032621
-0.031620
-0.029391
-0.031603
-0.032193
-0.034055
-0.031605
-0.033965
-0.034407
-0.033481
-0.031104
-0.033464
-0.033906
-0.036284
-0.033687
-0.036194
-0.036489
-0.035636
-0.033112
-0.035619
-0.035914
-0.038808
-0.036063
-0.038718
-0.038865
-0.038086
-0.035415
-0.038069
-0.038217
-0.041627
-0.038735
-0.041537
-0.041537
-0.040831
-0.038012
-0.040814
-0.040814
-0.032894
-0.035606
-0.035458
-0.035458
-0.034826
-0.037611
-0.037464
-0.037464
-0.030404
-0.032968
-0.032968
-0.032820
-0.032262
-0.034900
-0.034900
-0.034753
-0.028208
-0.030625
-0.030772
-0.030477
-0.029993
-0.032483
-0.032631
-0.032336
-0.026308
-0.028577
-0.028872
-0.028430
-0.028019
-0.030362
-0.030657
-0.030214
-0.024703
-0.026824
-0.027267
-0.026677
-0.026340
-0.028535
-0.028978
-0.028388
-0.023392
-0.025366
-0.025956
-0.025219
-0.024956
-0.027004
-0.027593
-0.026856
-0.022377
-0.024203
-0.024941
-0.024056
-0.023866
-0.025767
-0.026504
-0.025619
-0.021656
-0.023335
-0.024220
-0.023188
-0.023072
-0.024825
-0.025710
-0.024678
-0.021230
-0.022762
-0.023794
-0.022615
-0.022573
-0.024178
-0.025210
-0.024031
-0.021100
-0.022484
-0.023664
-0.022336
-0.022368
-0.023826
-0.025006
-0.023679
-0.021264
-0.022501
-0.023828
-0.022353
-0.022459
-0.023769
-0.025097
-0.023622
-0.021723
-0.022813
-0.024287
-0.022665
-0.022844
-0.024007
-0.025482
-0.023860
-0.022477
-0.023419
-0.025041
-0.023272
-0.023525
-0.024540
-0.026163
-0.024393
-0.023527
-0.024321
-0.026091
-0.024173
-0.024500
-0.025368
-0.027138
-0.025221
-0.024871
-0.025518
-0.027435
-0.025370
-0.025771
-0.026491
-0.028408
-0.026344
-0.026510
-0.027009
-0.029074
-0.026862
-0.027336
-0.027909
-0.029974
-0.027761
-0.028444
-0.028796
-0.031008
-0.028648
-0.029196
-0.029622
-0.031834
-0.029474
-0.030673
-0.030877
-0.033237
-0.030730
-0.031351
-0.031629
-0.033989
-0.031482
-0.033197
-0.033253
-0.035761
-0.033106
-0.033802
-0.033932
-0.036439
-0.033785
-0.036015
-0.035925
-0.038579
-0.035777
-0.036547
-0.036530
-0.039184
-0.036382
-0.030404
-0.032968
-0.032820
-0.032968
-0.032262
-0.034900
-0.034753
-0.034900
-0.027913
-0.030330
-0.030330
-0.030330
-0.029698
-0.032188
-0.032188
-0.032188
-0.025718
-0.027987
-0.028135
-0.027987
-0.027429
-0.029772
-0.029919
-0.029772
-0.023818
-0.025939
-0.026234
-0.025939
-0.025455
-0.027650
-0.027945
-0.027650
-0.022212
-0.024186
-0.024629
-0.024186
-0.023776
-0.025824
-0.026266
-0.025824
-0.020902
-0.022728
-0.023318
-0.022728
-0.022392
-0.024292
-0.024882
-0.024292
-0.019886
-0.021565
-0.022303
-0.021565
-0.021302
-0.023055
-0.023793
-0.023055
-0.019166
-0.020697
-0.021582
-0.020697
-0.020508
-0.022113
-0.022998
-0.022113
-0.018740
-0.020124
-0.021157
-0.020124
-0.020009
-0.021467
-0.022499
-0.021467
-0.018609
-0.019846
-0.021026
-0.019846
-0.019804
-0.021115
-0.022295
-0.021115
-0.018774
-0.019863
-0.021190
-0.019863
-0.019895
-0.021058
-0.022385
-0.021058
-0.019233
-0.020175
-0.021650
-0.020175
-0.020280
-0.021296
-0.022771
-0.021296
-0.019987
-0.020781
-0.022404
-0.020781
-0.020961
-0.021829
-0.023451
-0.021829
-0.021036
-0.021683
-0.023453
-0.021683
-0.021936
-0.022657
-0.024426
-0.022657
-0.022380
-0.022880
-0.024797
-0.022880
-0.023207
-0.023780
-0.025697
-0.023780
-0.024019
-0.024371
-0.026436
-0.024371
-0.024772
-0.025197
-0.027262
-0.025197
-0.025953
-0.026158
-0.028370
-0.026158
-0.026632
-0.026910
-0.029122
-0.026910
-0.028182
-0.028239
-0.030599
-0.028239
-0.028787
-0.028918
-0.031278
-0.028918
-0.030706
-0.030616
-0.033123
-0.030616
-0.031237
-0.031221
-0.033728
-0.031221
-0.033525
-0.033287
-0.035942
-0.033287
-0.033983
-0.033818
-0.036473
-0.033818
-0.028208
-0.030625
-0.030477
-0.030772
-0.029993
-0.032483
-0.032336
-0.032631
-0.025718
-0.027987
-0.027987
-0.028135
-0.027429
-0.029772
-0.029772
-0.029919
-0.023523
-0.025644
-0.025792
-0.025792
-0.025160
-0.027355
-0.027503
-0.027503
-0.021622
-0.023597
-0.023891
-0.023744
-0.023186
-0.025234
-0.025529
-0.025381
-0.020017
-0.021844
-0.022286
-0.021991
-0.021507
-0.023407
-0.023850
-0.023555
-0.018706
-0.020386
-0.020976
-0.020533
-0.020123
-0.021875
-0.022465
-0.022023
-0.017691
-0.019223
-0.019960
-0.019370
-0.019033
-0.020639
-0.021376
-0.020786
-0.016970
-0.018355
-0.019239
-0.018502
-0.018239
-0.019697
-0.020582
-0.019844
-0.016545
-0.017782
-0.018814
-0.017929
-0.017740
-0.019050
-0.020082
-0.019198
-0.016414
-0.017503
-0.018683
-0.017651
-0.017535
-0.018698
-0.019878
-0.018846
-0.016578
-0.017520
-0.018847
-0.017668
-0.017626
-0.018641
-0.019969
-0.018789
-0.017038
-0.017832
-0.019307
-0.017979
-0.018011
-0.018879
-0.020354
-0.019027
-0.017792
-0.018439
-0.020061
-0.018586
-0.018692
-0.019412
-0.021035
-0.019560
-0.018841
-0.019340
-0.021110
-0.019488
-0.019667
-0.020240
-0.022010
-0.020388
-0.020185
-0.020537
-0.022454
-0.020684
-0.020937
-0.021363
-0.023280
-0.021511
-0.021824
-0.022029
-0.024093
-0.022176
-0.022503
-0.022781
-0.024846
-0.022928
-0.023758
-0.023815
-0.026027
-0.023962
-0.024363
-0.024494
-0.026706
-0.024641
-0.025987
-0.025896
-0.028256
-0.026044
-0.026518
-0.026501
-0.028861
-0.026649
-0.028511
-0.028273
-0.030780
-0.028420
-0.028968
-0.028804
-0.031311
-0.028952
-0.031330
-0.030944
-0.033599
-0.031092
-0.031714
-0.031402
-0.034056
-0.031549
-0.026308
-0.028577
-0.028430
-0.028872
-0.028019
-0.030362
-0.030214
-0.030657
-0.023818
-0.025939
-0.025939
-0.026234
-0.025455
-0.027650
-0.027650
-0.027945
-0.021622
-0.023597
-0.023744
-0.023891
-0.023186
-0.025234
-0.025381
-0.025529
-0.019722
-0.021549
-0.021844
-0.021844
-0.021212
-0.023112
-0.023407
-0.023407
-0.018117
-0.019796
-0.020238
-0.020091
-0.019533
-0.021286
-0.021728
-0.021581
-0.016806
-0.018338
-0.018928
-0.018633
-0.018148
-0.019754
-0.020344
-0.020049
-0.015791
-0.017175
-0.017912
-0.017470
-0.017059
-0.018517
-0.019255
-0.018812
-0.015070
-0.016307
-0.017192
-0.016602
-0.016265
-0.017575
-0.018460
-0.017870
-0.014644
-0.015734
-0.016766
-0.016029
-0.015766
-0.016929
-0.017961
-0.017223
-0.014514
-0.015456
-0.016635
-0.015750
-0.015561
-0.016577
-0.017756
-0.016872
-0.014678
-0.015472
-0.016800
-0.015767
-0.015652
-0.016520
-0.017847
-0.016815
-0.015137
-0.015784
-0.017259
-0.016079
-0.016037
-0.016758
-0.018232
-0.017053
-0.015891
-0.016391
-0.018013
-0.016686
-0.016718
-0.017291
-0.018913
-0.017586
-0.016941
-0.017292
-0.019062
-0.017587
-0.017693
-0.018119
-0.019888
-0.018414
-0.018285
-0.018489
-0.020406
-0.018784
-0.018963
-0.019241
-0.021159
-0.019536
-0.019924
-0.019981
-0.022045
-0.020276
-0.020529
-0.020659
-0.022724
-0.020954
-0.021858
-0.021767
-0.023979
-0.022062
-0.022389
-0.022372
-0.024584
-0.022667
-0.024087
-0.023849
-0.026208
-0.024144
-0.024544
-0.024380
-0.026739
-0.024675
-0.026611
-0.026225
-0.028732
-0.026520
-0.026994
-0.026683
-0.029190
-0.026977
-0.029429
-0.028896
-0.031551
-0.029191
-0.029739
-0.029280
-0.031935
-0.029575
-0.024703
-0.026824
-0.026677
-0.027267
-0.026340
-0.028535
-0.028388
-0.028978
-0.022212
-0.024186
-0.024186
-0.024629
-0.023776
-0.025824
-0.025824
-0.026266
-0.020017
-0.021844
-0.021991
-0.022286
-0.021507
-0.023407
-0.023555
-0.023850
-0.018117
-0.019796
-0.020091
-0.020238
-0.019533
-0.021286
-0.021581
-0.021728
-0.016511
-0.018043
-0.018485
-0.018485
-0.017853
-0.019459
-0.019901
-0.019901
-0.015201
-0.016585
-0.017175
-0.017027
-0.016469
-0.017927
-0.018517
-0.018370
-0.014185
-0.015422
-0.016159
-0.015864
-0.015380
-0.016690
-0.017428
-0.017133
-0.013465
-0.014554
-0.015439
-0.014996
-0.014586
-0.015749
-0.016634
-0.016191
-0.013039
-0.013981
-0.015013
-0.014423
-0.014086
-0.015102
-0.016134
-0.015544
-0.012908
-0.013703
-0.014882
-0.014145
-0.013882
-0.014750
-0.015930
-0.015192
-0.013073
-0.013719
-0.015047
-0.014162
-0.013972
-0.014693
-0.016020
-0.015135
-0.013532
-0.014031
-0.015506
-0.014474
-0.014358
-0.014931
-0.016406
-0.015374
-0.014286
-0.014638
-0.016260
-0.015080
-0.015038
-0.015464
-0.017086
-0.015906
-0.015335
-0.015540
-0.017309
-0.015982
-0.016014
-0.016292
-0.018062
-0.016734
-0.016679
-0.016736
-0.018653
-0.017179
-0.017284
-0.017415
-0.019332
-0.017857
-0.018318
-0.018228
-0.020292
-0.018670
-0.018849
-0.018833
-0.020897
-0.019275
-0.020252
-0.020014
-0.022226
-0.020457
-0.020710
-0.020545
-0.022758
-0.020988
-0.022481
-0.022096
-0.024455
-0.022538
-0.022865
-0.022553
-0.024913
-0.022996
-0.025005
-0.024472
-0.026979
-0.024915
-0.025315
-0.024856
-0.027363
-0.025298
-0.027824
-0.027144
-0.029798
-0.027586
-0.028060
-0.027454
-0.030108
-0.027896
-0.023392
-0.025366
-0.025219
-0.025956
-0.024956
-0.027004
-0.026856
-0.027593
-0.020902
-0.022728
-0.022728
-0.023318
-0.022392
-0.024292
-0.024292
-0.024882
-0.018706
-0.020386
-0.020533
-0.020976
-0.020123
-0.021875
-0.022023
-0.022465
-0.016806
-0.018338
-0.018633
-0.018928
-0.018148
-0.019754
-0.020049
-0.020344
-0.015201
-0.016585
-0.017027
-0.017175
-0.016469
-0.017927
-0.018370
-0.018517
-0.013890
-0.015127
-0.015717
-0.015717
-0.015085
-0.016396
-0.016985
-0.016985
-0.012875
-0.013964
-0.014701
-0.014554
-0.013996
-0.015159
-0.015896
-0.015749
-0.012154
-0.013096
-0.013981
-0.013686
-0.013201
-0.014217
-0.015102
-0.014807
-0.011728
-0.012523
-0.013555
-0.013113
-0.012702
-0.013570
-0.014603
-0.014160
-0.011598
-0.012245
-0.013424
-0.012835
-0.012498
-0.013218
-0.014398
-0.013808
-0.011762
-0.012261
-0.013589
-0.012851
-0.012588
-0.013161
-0.014489
-0.013751
-0.012221
-0.012573
-0.014048
-0.013163
-0.012974
-0.013399
-0.014874
-0.013989
-0.012976
-0.013180
-0.014802
-0.013770
-0.013654
-0.013932
-0.015555
-0.014522
-0.014025
-0.014082
-0.015851
-0.014672
-0.014630
-0.014760
-0.016530
-0.015350
-0.015369
-0.015278
-0.017195
-0.015868
-0.015900
-0.015883
-0.017800
-0.016473
-0.017008
-0.016770
-0.018834
-0.017360
-0.017465
-0.017301
-0.019366
-0.017891
-0.018942
-0.018556
-0.020768
-0.019146
-0.019326
-0.019014
-0.021226
-0.019604
-0.021171
-0.020638
-0.022997
-0.021228
-0.021481
-0.021022
-0.023381
-0.021611
-0.023695
-0.023014
-0.025521
-0.023604
-0.023931
-0.023324
-0.025831
-0.023914
-0.026514
-0.025686
-0.028340
-0.026275
-0.026676
-0.025922
-0.028576
-0.026512
-0.022377
-0.024203
-0.024056
-0.024941
-0.023866
-0.025767
-0.025619
-0.026504
-0.019886
-0.021565
-0.021565
-0.022303
-0.021302
-0.023055
-0.023055
-0.023793
-0.017691
-0.019223
-0.019370
-0.019960
-0.019033
-0.020639
-0.020786
-0.021376
-0.015791
-0.017175
-0.017470
-0.017912
-0.017059
-0.018517
-0.018812
-0.019255
-0.014185
-0.015422
-0.015864
-0.016159
-0.015380
-0.016690
-0.017133
-0.017428
-0.012875
-0.013964
-0.014554
-0.014701
-0.013996
-0.015159
-0.015749
-0.015896
-0.011859
-0.012801
-0.013538
-0.013538
-0.012907
-0.013922
-0.014659
-0.014659
-0.011139
-0.011933
-0.012818
-0.012670
-0.012112
-0.012980
-0.013865
-0.013718
-0.010713
-0.011360
-0.012392
-0.012097
-0.011613
-0.012333
-0.013366
-0.013071
-0.010582
-0.011082
-0.012261
-0.011819
-0.011408
-0.011982
-0.013161
-0.012719
-0.010747
-0.011098
-0.012426
-0.011836
-0.011499
-0.011925
-0.013252
-0.012662
-0.011206
-0.011410
-0.012885
-0.012148
-0.011885
-0.012163
-0.013637
-0.012900
-0.011960
-0.012017
-0.013639
-0.012754
-0.012565
-0.012696
-0.014318
-0.013433
-0.013009
-0.012919
-0.014688
-0.013656
-0.013540
-0.013524
-0.015293
-0.014261
-0.014353
-0.014115
-0.016032
-0.014853
-0.014811
-0.014646
-0.016564
-0.015384
-0.015992
-0.015607
-0.017671
-0.016344
-0.016376
-0.016064
-0.018129
-0.016802
-0.017926
-0.017393
-0.019605
-0.018131
-0.018236
-0.017777
-0.019989
-0.018514
-0.020155
-0.019475
-0.021834
-0.020212
-0.020391
-0.019785
-0.022144
-0.020522
-0.022679
-0.021851
-0.024358
-0.022589
-0.022842
-0.022087
-0.024595
-0.022825
-0.025498
-0.024523
-0.027177
-0.025260
-0.025587
-0.024685
-0.027340
-0.025422
-0.021656
-0.023335
-0.023188
-0.024220
-0.023072
-0.024825
-0.024678
-0.025710
-0.019166
-0.020697
-0.020697
-0.021582
-0.020508
-0.022113
-0.022113
-0.022998
-0.016970
-0.018355
-0.018502
-0.019239
-0.018239
-0.019697
-0.019844
-0.020582
-0.015070
-0.016307
-0.016602
-0.017192
-0.016265
-0.017575
-0.017870
-0.018460
-0.013465
-0.014554
-0.014996
-0.015439
-0.014586
-0.015749
-0.016191
-0.016634
-0.012154
-0.013096
-0.013686
-0.013981
-0.013201
-0.014217
-0.014807
-0.015102
-0.011139
-0.011933
-0.012670
-0.012818
-0.012112
-0.012980
-0.013718
-0.013865
-0.010418
-0.011065
-0.011950
-0.011950
-0.011318
-0.012038
-0.012923
-0.012923
-0.009992
-0.010492
-0.011524
-0.011377
-0.010819
-0.011392
-0.012424
-0.012277
-0.009862
-0.010214
-0.011393
-0.011098
-0.010614
-0.011040
-0.012220
-0.011925
-0.010026
-0.010230
-0.011558
-0.011115
-0.010705
-0.010983
-0.012310
-0.011868
-0.010485
-0.010542
-0.012017
-0.011427
-0.011090
-0.011221
-0.012696
-0.012106
-0.011239
-0.011149
-0.012771
-0.012034
-0.011771
-0.011754
-0.013376
-0.012639
-0.012289
-0.012051
-0.013820
-0.012935
-0.012746
-0.012582
-0.014351
-0.013467
-0.013633
-0.013247
-0.015164
-0.014132
-0.014016
-0.013705
-0.015622
-0.014590
-0.015272
-0.014739
-0.016803
-0.015624
-0.015582
-0.015122
-0.017187
-0.016007
-0.017206
-0.016525
-0.018737
-0.017410
-0.017442
-0.016835
-0.019047
-0.017720
-0.019435
-0.018607
-0.020966
-0.019492
-0.019597
-0.018843
-0.021203
-0.019728
-0.021959
-0.020983
-0.023490
-0.021868
-0.022047
-0.021146
-0.023653
-0.022031
-0.024777
-0.023655
-0.026309
-0.024539
-0.024792
-0.023743
-0.026398
-0.024628
-0.021230
-0.022762
-0.022615
-0.023794
-0.022573
-0.024178
-0.024031
-0.025210
-0.018740
-0.020124
-0.020124
-0.021157
-0.020009
-0.021467
-0.021467
-0.022499
-0.016545
-0.017782
-0.017929
-0.018814
-0.017740
-0.019050
-0.019198
-0.020082
-0.014644
-0.015734
-0.016029
-0.016766
-0.015766
-0.016929
-0.017223
-0.017961
-0.013039
-0.013981
-0.014423
-0.015013
-0.014086
-0.015102
-0.015544
-0.016134
-0.011728
-0.012523
-0.013113
-0.013555
-0.012702
-0.013570
-0.014160
-0.014603
-0.010713
-0.011360
-0.012097
-0.012392
-0.011613
-0.012333
-0.013071
-0.013366
-0.009992
-0.010492
-0.011377
-0.011524
-0.010819
-0.011392
-0.012277
-0.012424
-0.009567
-0.009919
-0.010951
-0.010951
-0.010319
-0.010745
-0.011777
-0.011777
-0.009436
-0.009641
-0.010820
-0.010673
-0.010115
-0.010393
-0.011573
-0.011425
-0.009600
-0.009657
-0.010985
-0.010690
-0.010205
-0.010336
-0.011663
-0.011368
-0.010060
-0.009969
-0.011444
-0.011001
-0.010591
-0.010574
-0.012049
-0.011606
-0.010814
-0.010576
-0.012198
-0.011608
-0.011271
-0.011107
-0.012729
-0.012139
-0.011863
-0.011477
-0.013247
-0.012510
-0.012247
-0.011935
-0.013705
-0.012967
-0.013207
-0.012674
-0.014591
-0.013706
-0.013517
-0.013058
-0.014975
-0.014090
-0.014846
-0.014166
-0.016230
-0.015198
-0.015082
-0.014476
-0.016540
-0.015508
-0.016780
-0.015952
-0.018164
-0.016984
-0.016943
-0.016188
-0.018401
-0.017221
-0.019009
-0.018034
-0.020393
-0.019066
-0.019098
-0.018196
-0.020556
-0.019228
-0.021533
-0.020410
-0.022917
-0.021442
-0.021548
-0.020499
-0.023006
-0.021531
-0.024352
-0.023081
-0.025736
-0.024114
-0.024293
-0.023096
-0.025751
-0.024129
-0.021100
-0.022484
-0.022336
-0.023664
-0.022368
-0.023826
-0.023679
-0.025006
-0.018609
-0.019846
-0.019846
-0.021026
-0.019804
-0.021115
-0.021115
-0.022295
-0.016414
-0.017503
-0.017651
-0.018683
-0.017535
-0.018698
-0.018846
-0.019878
-0.014514
-0.015456
-0.015750
-0.016635
-0.015561
-0.016577
-0.016872
-0.017756
-0.012908
-0.013703
-0.014145
-0.014882
-0.013882
-0.014750
-0.015192
-0.015930
-0.011598
-0.012245
-0.012835
-0.013424
-0.012498
-0.013218
-0.013808
-0.014398
-0.010582
-0.011082
-0.011819
-0.012261
-0.011408
-0.011982
-0.012719
-0.013161
-0.009862
-0.010214
-0.011098
-0.011393
-0.010614
-0.011040
-0.011925
-0.012220
-0.009436
-0.009641
-0.010673
-0.010820
-0.010115
-0.010393
-0.011425
-0.011573
-0.009305
-0.009362
-0.010542
-0.010542
-0.009910
-0.010041
-0.011221
-0.011221
-0.009470
-0.009379
-0.010706
-0.010559
-0.010001
-0.009984
-0.011311
-0.011164
-0.009929
-0.009691
-0.011166
-0.010871
-0.010386
-0.010222
-0.011697
-0.011402
-0.010683
-0.010298
-0.011920
-0.011477
-0.011067
-0.010755
-0.012377
-0.011935
-0.011732
-0.011199
-0.012969
-0.012379
-0.012042
-0.011583
-0.013353
-0.012763
-0.013076
-0.012396
-0.014313
-0.013576
-0.013313
-0.012706
-0.014623
-0.013886
-0.014715
-0.013888
-0.015952
-0.015067
-0.014878
-0.014124
-0.016188
-0.015304
-0.016649
-0.015674
-0.017886
-0.016854
-0.016738
-0.015837
-0.018049
-0.017016
-0.018878
-0.017755
-0.020115
-0.018935
-0.018893
-0.017844
-0.020204
-0.019024
-0.021402
-0.020132
-0.022639
-0.021312
-0.021344
-0.020147
-0.022654
-0.021327
-0.024221
-0.022803
-0.025458
-0.023983
-0.024089
-0.022745
-0.025399
-0.023924
-0.021264
-0.022501
-0.022353
-0.023828
-0.022459
-0.023769
-0.023622
-0.025097
-0.018774
-0.019863
-0.019863
-0.021190
-0.019895
-0.021058
-0.021058
-0.022385
-0.016578
-0.017520
-0.017668
-0.018847
-0.017626
-0.018641
-0.018789
-0.019969
-0.014678
-0.015472
-0.015767
-0.016800
-0.015652
-0.016520
-0.016815
-0.017847
-0.013073
-0.013719
-0.014162
-0.015047
-0.013972
-0.014693
-0.015135
-0.016020
-0.011762
-0.012261
-0.012851
-0.013589
-0.012588
-0.013161
-0.013751
-0.014489
-0.010747
-0.011098
-0.011836
-0.012426
-0.011499
-0.011925
-0.012662
-0.013252
-0.010026
-0.010230
-0.011115
-0.011558
-0.010705
-0.010983
-0.011868
-0.012310
-0.009600
-0.009657
-0.010690
-0.010985
-0.010205
-0.010336
-0.011368
-0.011663
-0.009470
-0.009379
-0.010559
-0.010706
-0.010001
-0.009984
-0.011164
-0.011311
-0.009634
-0.009396
-0.010723
-0.010723
-0.010091
-0.009927
-0.011254
-0.011254
-0.010093
-0.009708
-0.011183
-0.011035
-0.010477
-0.010165
-0.011640
-0.011493
-0.010847
-0.010314
-0.011937
-0.011642
-0.011157
-0.010698
-0.012320
-0.012025
-0.011897
-0.011216
-0.012986
-0.012543
-0.012133
-0.011526
-0.013296
-0.012853
-0.013241
-0.012413
-0.014330
-0.013740
-0.013403
-0.012649
-0.014566
-0.013976
-0.014880
-0.013904
-0.015969
-0.015232
-0.014968
-0.014067
-0.016131
-0.015394
-0.016814
-0.015691
-0.017903
-0.017018
-0.016829
-0.015780
-0.017992
-0.017107
-0.019043
-0.017772
-0.020132
-0.019100
-0.018984
-0.017787
-0.020147
-0.019115
-0.021567
-0.020149
-0.022656
-0.021476
-0.021434
-0.020090
-0.022597
-0.021417
-0.024385
-0.022820
-0.025475
-0.024147
-0.024179
-0.022688
-0.025342
-0.024015
-0.021723
-0.022813
-0.022665
-0.024287
-0.022844
-0.024007
-0.023860
-0.025482
-0.019233
-0.020175
-0.020175
-0.021650
-0.020280
-0.021296
-0.021296
-0.022771
-0.017038
-0.017832
-0.017979
-0.019307
-0.018011
-0.018879
-0.019027
-0.020354
-0.015137
-0.015784
-0.016079
-0.017259
-0.016037
-0.016758
-0.017053
-0.018232
-0.013532
-0.014031
-0.014474
-0.015506
-0.014358
-0.014931
-0.015374
-0.016406
-0.012221
-0.012573
-0.013163
-0.014048
-0.012974
-0.013399
-0.013989
-0.014874
-0.011206
-0.011410
-0.012148
-0.012885
-0.011885
-0.012163
-0.012900
-0.013637
-0.010485
-0.010542
-0.011427
-0.012017
-0.011090
-0.011221
-0.012106
-0.012696
-0.010060
-0.009969
-0.011001
-0.011444
-0.010591
-0.010574
-0.011606
-0.012049
-0.009929
-0.009691
-0.010871
-0.011166
-0.010386
-0.010222
-0.011402
-0.011697
-0.010093
-0.009708
-0.011035
-0.011183
-0.010477
-0.010165
-0.011493
-0.011640
-0.010552
-0.010020
-0.011494
-0.011494
-0.010862
-0.010403
-0.011878
-0.011878
-0.011307
-0.010626
-0.012248
-0.012101
-0.011543
-0.010936
-0.012558
-0.012411
-0.012356
-0.011528
-0.013298
-0.013003
-0.012518
-0.011764
-0.013534
-0.013239
-0.013700
-0.012725
-0.014642
-0.014199
-0.013789
-0.012887
-0.014804
-0.014362
-0.015339
-0.014216
-0.016281
-0.015691
-0.015354
-0.014305
-0.016370
-0.015780
-0.017273
-0.016003
-0.018215
-0.017477
-0.017214
-0.016018
-0.018230
-0.017492
-0.019502
-0.018084
-0.020444
-0.019559
-0.019369
-0.018025
-0.020385
-0.019500
-0.022026
-0.020460
-0.022968
-0.021935
-0.021820
-0.020328
-0.022835
-0.021803
-0.024845
-0.023132
-0.025786
-0.024607
-0.024565
-0.022926
-0.025580
-0.024400
-0.022477
-0.023419
-0.023272
-0.025041
-0.023525
-0.024540
-0.024393
-0.026163
-0.019987
-0.020781
-0.020781
-0.022404
-0.020961
-0.021829
-0.021829
-0.023451
-0.017792
-0.018439
-0.018586
-0.020061
-0.018692
-0.019412
-0.019560
-0.021035
-0.015891
-0.016391
-0.016686
-0.018013
-0.016718
-0.017291
-0.017586
-0.018913
-0.014286
-0.014638
-0.015080
-0.016260
-0.015038
-0.015464
-0.015906
-0.017086
-0.012976
-0.013180
-0.013770
-0.014802
-0.013654
-0.013932
-0.014522
-0.015555
-0.011960
-0.012017
-0.012754
-0.013639
-0.012565
-0.012696
-0.013433
-0.014318
-0.011239
-0.011149
-0.012034
-0.012771
-0.011771
-0.011754
-0.012639
-0.013376
-0.010814
-0.010576
-0.011608
-0.012198
-0.011271
-0.011107
-0.012139
-0.012729
-0.010683
-0.010298
-0.011477
-0.011920
-0.011067
-0.010755
-0.011935
-0.012377
-0.010847
-0.010314
-0.011642
-0.011937
-0.011157
-0.010698
-0.012025
-0.012320
-0.011307
-0.010626
-0.012101
-0.012248
-0.011543
-0.010936
-0.012411
-0.012558
-0.012061
-0.011233
-0.012855
-0.012855
-0.012223
-0.011469
-0.013091
-0.013091
-0.013110
-0.012135
-0.013904
-0.013757
-0.013199
-0.012297
-0.014067
-0.013919
-0.014454
-0.013331
-0.015248
-0.014953
-0.014469
-0.013420
-0.015337
-0.015042
-0.016093
-0.014823
-0.016887
-0.016445
-0.016034
-0.014838
-0.016902
-0.016460
-0.018027
-0.016609
-0.018821
-0.018232
-0.017895
-0.016551
-0.018763
-0.018173
-0.020256
-0.018691
-0.021050
-0.020313
-0.020050
-0.018558
-0.020918
-0.020181
-0.022780
-0.021067
-0.023574
-0.022689
-0.022500
-0.020861
-0.023368
-0.022483
-0.025599
-0.023739
-0.026393
-0.025361
-0.025245
-0.023459
-0.026113
-0.025081
-0.023527
-0.024321
-0.024173
-0.026091
-0.024500
-0.025368
-0.025221
-0.027138
-0.021036
-0.021683
-0.021683
-0.023453
-0.021936
-0.022657
-0.022657
-0.024426
-0.018841
-0.019340
-0.019488
-0.021110
-0.019667
-0.020240
-0.020388
-0.022010
-0.016941
-0.017292
-0.017587
-0.019062
-0.017693
-0.018119
-0.018414
-0.019888
-0.015335
-0.015540
-0.015982
-0.017309
-0.016014
-0.016292
-0.016734
-0.018062
-0.014025
-0.014082
-0.014672
-0.015851
-0.014630
-0.014760
-0.015350
-0.016530
-0.013009
-0.012919
-0.013656
-0.014688
-0.013540
-0.013524
-0.014261
-0.015293
-0.012289
-0.012051
-0.012935
-0.013820
-0.012746
-0.012582
-0.013467
-0.014351
-0.011863
-0.011477
-0.012510
-0.013247
-0.012247
-0.011935
-0.012967
-0.013705
-0.011732
-0.011199
-0.012379
-0.012969
-0.012042
-0.011583
-0.012763
-0.013353
-0.011897
-0.011216
-0.012543
-0.012986
-0.012133
-0.011526
-0.012853
-0.013296
-0.012356
-0.011528
-0.013003
-0.013298
-0.012518
-0.011764
-0.013239
-0.013534
-0.013110
-0.012135
-0.013757
-0.013904
-0.013199
-0.012297
-0.013919
-0.014067
-0.014159
-0.013036
-0.014806
-0.014806
-0.014174
-0.013125
-0.014895
-0.014895
-0.015503
-0.014233
-0.016150
-0.016003
-0.015445
-0.014248
-0.016165
-0.016018
-0.017142
-0.015724
-0.017789
-0.017494
-0.017010
-0.015666
-0.017730
-0.017435
-0.019076
-0.017511
-0.019723
-0.019281
-0.018870
-0.017379
-0.019591
-0.019148
-0.021305
-0.019592
-0.021952
-0.021362
-0.021025
-0.019386
-0.021746
-0.021156
-0.023829
-0.021969
-0.024476
-0.023739
-0.023475
-0.021689
-0.024196
-0.023459
-0.026648
-0.024640
-0.027295
-0.026410
-0.026221
-0.024287
-0.026941
-0.026056
-0.024871
-0.025518
-0.025370
-0.027435
-0.025771
-0.026491
-0.026344
-0.028408
-0.022380
-0.022880
-0.022880
-0.024797
-0.023207
-0.023780
-0.023780
-0.025697
-0.020185
-0.020537
-0.020684
-0.022454
-0.020937
-0.021363
-0.021511
-0.023280
-0.018285
-0.018489
-0.018784
-0.020406
-0.018963
-0.019241
-0.019536
-0.021159
-0.016679
-0.016736
-0.017179
-0.018653
-0.017284
-0.017415
-0.017857
-0.019332
-0.015369
-0.015278
-0.015868
-0.017195
-0.015900
-0.015883
-0.016473
-0.017800
-0.014353
-0.014115
-0.014853
-0.016032
-0.014811
-0.014646
-0.015384
-0.016564
-0.013633
-0.013247
-0.014132
-0.015164
-0.014016
-0.013705
-0.014590
-0.015622
-0.013207
-0.012674
-0.013706
-0.014591
-0.013517
-0.013058
-0.014090
-0.014975
-0.013076
-0.012396
-0.013576
-0.014313
-0.013313
-0.012706
-0.013886
-0.014623
-0.013241
-0.012413
-0.013740
-0.014330
-0.013403
-0.012649
-0.013976
-0.014566
-0.013700
-0.012725
-0.014199
-0.014642
-0.013789
-0.012887
-0.014362
-0.014804
-0.014454
-0.013331
-0.014953
-0.015248
-0.014469
-0.013420
-0.015042
-0.015337
-0.015503
-0.014233
-0.016003
-0.016150
-0.015445
-0.014248
-0.016018
-0.016165
-0.016847
-0.015429
-0.017347
-0.017347
-0.016715
-0.015371
-0.017288
-0.017288
-0.018486
-0.016921
-0.018986
-0.018838
-0.018280
-0.016789
-0.018853
-0.018706
-0.020420
-0.018708
-0.020920
-0.020625
-0.020140
-0.018501
-0.020714
-0.020419
-0.022649
-0.020789
-0.023149
-0.022706
-0.022296
-0.020509
-0.022869
-0.022426
-0.025173
-0.023165
-0.025673
-0.025083
-0.024746
-0.022812
-0.025319
-0.024729
-0.027992
-0.025837
-0.028491
-0.027754
-0.027491
-0.025409
-0.028064
-0.027327
-0.026510
-0.027009
-0.026862
-0.029074
-0.027336
-0.027909
-0.027761
-0.029974
-0.024019
-0.024371
-0.024371
-0.026436
-0.024772
-0.025197
-0.025197
-0.027262
-0.021824
-0.022029
-0.022176
-0.024093
-0.022503
-0.022781
-0.022928
-0.024846
-0.019924
-0.019981
-0.020276
-0.022045
-0.020529
-0.020659
-0.020954
-0.022724
-0.018318
-0.018228
-0.018670
-0.020292
-0.018849
-0.018833
-0.019275
-0.020897
-0.017008
-0.016770
-0.017360
-0.018834
-0.017465
-0.017301
-0.017891
-0.019366
-0.015992
-0.015607
-0.016344
-0.017671
-0.016376
-0.016064
-0.016802
-0.018129
-0.015272
-0.014739
-0.015624
-0.016803
-0.015582
-0.015122
-0.016007
-0.017187
-0.014846
-0.014166
-0.015198
-0.016230
-0.015082
-0.014476
-0.015508
-0.016540
-0.014715
-0.013888
-0.015067
-0.015952
-0.014878
-0.014124
-0.015304
-0.016188
-0.014880
-0.013904
-0.015232
-0.015969
-0.014968
-0.014067
-0.015394
-0.016131
-0.015339
-0.014216
-0.015691
-0.016281
-0.015354
-0.014305
-0.015780
-0.016370
-0.016093
-0.014823
-0.016445
-0.016887
-0.016034
-0.014838
-0.016460
-0.016902
-0.017142
-0.015724
-0.017494
-0.017789
-0.017010
-0.015666
-0.017435
-0.017730
-0.018486
-0.016921
-0.018838
-0.018986
-0.018280
-0.016789
-0.018706
-0.018853
-0.020125
-0.018413
-0.020477
-0.020477
-0.019846
-0.018206
-0.020271
-0.020271
-0.022059
-0.020199
-0.022411
-0.022264
-0.021706
-0.019919
-0.022131
-0.021984
-0.024288
-0.022281
-0.024640
-0.024345
-0.023861
-0.021927
-0.024287
-0.023992
-0.026812
-0.024657
-0.027164
-0.026722
-0.026311
-0.024230
-0.026737
-0.026294
-0.029631
-0.027328
-0.029983
-0.029393
-0.029056
-0.026827
-0.029482
-0.028892
-0.028444
-0.028796
-0.028648
-0.031008
-0.029196
-0.029622
-0.029474
-0.031834
-0.025953
-0.026158
-0.026158
-0.028370
-0.026632
-0.026910
-0.026910
-0.029122
-0.023758
-0.023815
-0.023962
-0.026027
-0.024363
-0.024494
-0.024641
-0.026706
-0.021858
-0.021767
-0.022062
-0.023979
-0.022389
-0.022372
-0.022667
-0.024584
-0.020252
-0.020014
-0.020457
-0.022226
-0.020710
-0.020545
-0.020988
-0.022758
-0.018942
-0.018556
-0.019146
-0.020768
-0.019326
-0.019014
-0.019604
-0.021226
-0.017926
-0.017393
-0.018131
-0.019605
-0.018236
-0.017777
-0.018514
-0.019989
-0.017206
-0.016525
-0.017410
-0.018737
-0.017442
-0.016835
-0.017720
-0.019047
-0.016780
-0.015952
-0.016984
-0.018164
-0.016943
-0.016188
-0.017221
-0.018401
-0.016649
-0.015674
-0.016854
-0.017886
-0.016738
-0.015837
-0.017016
-0.018049
-0.016814
-0.015691
-0.017018
-0.017903
-0.016829
-0.015780
-0.017107
-0.017992
-0.017273
-0.016003
-0.017477
-0.018215
-0.017214
-0.016018
-0.017492
-0.018230
-0.018027
-0.016609
-0.018232
-0.018821
-0.017895
-0.016551
-0.018173
-0.018763
-0.019076
-0.017511
-0.019281
-0.019723
-0.018870
-0.017379
-0.019148
-0.019591
-0.020420
-0.018708
-0.020625
-0.020920
-0.020140
-0.018501
-0.020419
-0.020714
-0.022059
-0.020199
-0.022264
-0.022411
-0.021706
-0.019919
-0.021984
-0.022131
-0.023993
-0.021986
-0.024198
-0.024198
-0.023566
-0.021632
-0.023844
-0.023844
-0.026222
-0.024067
-0.026427
-0.026279
-0.025721
-0.023640
-0.025999
-0.025852
-0.028746
-0.026444
-0.028951
-0.028656
-0.028171
-0.025942
-0.028450
-0.028155
-0.031565
-0.029115
-0.031770
-0.031327
-0.030917
-0.028540
-0.031195
-0.030752
-0.030673
-0.030877
-0.030730
-0.033237
-0.031351
-0.031629
-0.031482
-0.033989
-0.028182
-0.028239
-0.028239
-0.030599
-0.028787
-0.028918
-0.028918
-0.031278
-0.025987
-0.025896
-0.026044
-0.028256
-0.026518
-0.026501
-0.026649
-0.028861
-0.024087
-0.023849
-0.024144
-0.026208
-0.024544
-0.024380
-0.024675
-0.026739
-0.022481
-0.022096
-0.022538
-0.024455
-0.022865
-0.022553
-0.022996
-0.024913
-0.021171
-0.020638
-0.021228
-0.022997
-0.021481
-0.021022
-0.021611
-0.023381
-0.020155
-0.019475
-0.020212
-0.021834
-0.020391
-0.019785
-0.020522
-0.022144
-0.019435
-0.018607
-0.019492
-0.020966
-0.019597
-0.018843
-0.019728
-0.021203
-0.019009
-0.018034
-0.019066
-0.020393
-0.019098
-0.018196
-0.019228
-0.020556
-0.018878
-0.017755
-0.018935
-0.020115
-0.018893
-0.017844
-0.019024
-0.020204
-0.019043
-0.017772
-0.019100
-0.020132
-0.018984
-0.017787
-0.019115
-0.020147
-0.019502
-0.018084
-0.019559
-0.020444
-0.019369
-0.018025
-0.019500
-0.020385
-0.020256
-0.018691
-0.020313
-0.021050
-0.020050
-0.018558
-0.020181
-0.020918
-0.021305
-0.019592
-0.021362
-0.021952
-0.021025
-0.019386
-0.021156
-0.021746
-0.022649
-0.020789
-0.022706
-0.023149
-0.022296
-0.020509
-0.022426
-0.022869
-0.024288
-0.022281
-0.024345
-0.024640
-0.023861
-0.021927
-0.023992
-0.024287
-0.026222
-0.024067
-0.026279
-0.026427
-0.025721
-0.023640
-0.025852
-0.025999
-0.028451
-0.026149
-0.028508
-0.028508
-0.027876
-0.025648
-0.028007
-0.028007
-0.030975
-0.028525
-0.031032
-0.030885
-0.030327
-0.027950
-0.030457
-0.030310
-0.033794
-0.031196
-0.033851
-0.033556
-0.033072
-0.030548
-0.033202
-0.032907
-0.033197
-0.033253
-0.033106
-0.035761
-0.033802
-0.033932
-0.033785
-0.036439
-0.030706
-0.030616
-0.030616
-0.033123
-0.031237
-0.031221
-0.031221
-0.033728
-0.028511
-0.028273
-0.028420
-0.030780
-0.028968
-0.028804
-0.028952
-0.031311
-0.026611
-0.026225
-0.026520
-0.028732
-0.026994
-0.026683
-0.026977
-0.029190
-0.025005
-0.024472
-0.024915
-0.026979
-0.025315
-0.024856
-0.025298
-0.027363
-0.023695
-0.023014
-0.023604
-0.025521
-0.023931
-0.023324
-0.023914
-0.025831
-0.022679
-0.021851
-0.022589
-0.024358
-0.022842
-0.022087
-0.022825
-0.024595
-0.021959
-0.020983
-0.021868
-0.023490
-0.022047
-0.021146
-0.022031
-0.023653
-0.021533
-0.020410
-0.021442
-0.022917
-0.021548
-0.020499
-0.021531
-0.023006
-0.021402
-0.020132
-0.021312
-0.022639
-0.021344
-0.020147
-0.021327
-0.022654
-0.021567
-0.020149
-0.021476
-0.022656
-0.021434
-0.020090
-0.021417
-0.022597
-0.022026
-0.020460
-0.021935
-0.022968
-0.021820
-0.020328
-0.021803
-0.022835
-0.022780
-0.021067
-0.022689
-0.023574
-0.022500
-0.020861
-0.022483
-0.023368
-0.023829
-0.021969
-0.023739
-0.024476
-0.023475
-0.021689
-0.023459
-0.024196
-0.025173
-0.023165
-0.025083
-0.025673
-0.024746
-0.022812
-0.024729
-0.025319
-0.026812
-0.024657
-0.026722
-0.027164
-0.026311
-0.024230
-0.026294
-0.026737
-0.028746
-0.026444
-0.028656
-0.028951
-0.028171
-0.025942
-0.028155
-0.028450
-0.030975
-0.028525
-0.030885
-0.031032
-0.030327
-0.027950
-0.030310
-0.030457
-0.033499
-0.030901
-0.033409
-0.033409
-0.032777
-0.030253
-0.032760
-0.032760
-0.036318
-0.033573
-0.036227
-0.036080
-0.035522
-0.032851
-0.035505
-0.035358
-0.036015
-0.035925
-0.035777
-0.038579
-0.036547
-0.036530
-0.036382
-0.039184
-0.033525
-0.033287
-0.033287
-0.035942
-0.033983
-0.033818
-0.033818
-0.036473
-0.031330
-0.030944
-0.031092
-0.033599
-0.031714
-0.031402
-0.031549
-0.034056
-0.029429
-0.028896
-0.029191
-0.031551
-0.029739
-0.029280
-0.029575
-0.031935
-0.027824
-0.027144
-0.027586
-0.029798
-0.028060
-0.027454
-0.027896
-0.030108
-0.026514
-0.025686
-0.026275
-0.028340
-0.026676
-0.025922
-0.026512
-0.028576
-0.025498
-0.024523
-0.025260
-0.027177
-0.025587
-0.024685
-0.025422
-0.027340
-0.024777
-0.023655
-0.024539
-0.026309
-0.024792
-0.023743
-0.024628
-0.026398
-0.024352
-0.023081
-0.024114
-0.025736
-0.024293
-0.023096
-0.024129
-0.025751
-0.024221
-0.022803
-0.023983
-0.025458
-0.024089
-0.022745
-0.023924
-0.025399
-0.024385
-0.022820
-0.024147
-0.025475
-0.024179
-0.022688
-0.024015
-0.025342
-0.024845
-0.023132
-0.024607
-0.025786
-0.024565
-0.022926
-0.024400
-0.025580
-0.025599
-0.023739
-0.025361
-0.026393
-0.025245
-0.023459
-0.025081
-0.026113
-0.026648
-0.024640
-0.026410
-0.027295
-0.026221
-0.024287
-0.026056
-0.026941
-0.027992
-0.025837
-0.027754
-0.028491
-0.027491
-0.025409
-0.027327
-0.028064
-0.029631
-0.027328
-0.029393
-0.029983
-0.029056
-0.026827
-0.028892
-0.029482
-0.031565
-0.029115
-0.031327
-0.031770
-0.030917
-0.028540
-0.030752
-0.031195
-0.033794
-0.031196
-0.033556
-0.033851
-0.033072
-0.030548
-0.032907
-0.033202
-0.036318
-0.033573
-0.036080
-0.036227
-0.035522
-0.032851
-0.035358
-0.035505
-0.039137
-0.036244
-0.038899
-0.038899
-0.038267
-0.035448
-0.038103
-0.038103
-0.030699
-0.033410
-0.033115
-0.033115
-0.032557
-0.035342
-0.035047
-0.035047
-0.028208
-0.030772
-0.030625
-0.030477
-0.029993
-0.032631
-0.032483
-0.032336
-0.026013
-0.028430
-0.028430
-0.028135
-0.027724
-0.030214
-0.030214
-0.029919
-0.024113
-0.026382
-0.026529
-0.026087
-0.025750
-0.028093
-0.028240
-0.027798
-0.022507
-0.024629
-0.024924
-0.024334
-0.024071
-0.026266
-0.026561
-0.025971
-0.021197
-0.023171
-0.023613
-0.022876
-0.022687
-0.024734
-0.025177
-0.024439
-0.020181
-0.022008
-0.022598
-0.021713
-0.021597
-0.023498
-0.024088
-0.023203
-0.019461
-0.021140
-0.021877
-0.020845
-0.020803
-0.022556
-0.023293
-0.022261
-0.019035
-0.020567
-0.021452
-0.020272
-0.020304
-0.021909
-0.022794
-0.021614
-0.018904
-0.020289
-0.021321
-0.019994
-0.020099
-0.021557
-0.022590
-0.021262
-0.019069
-0.020305
-0.021485
-0.020010
-0.020190
-0.021500
-0.022680
-0.021205
-0.019528
-0.020617
-0.021944
-0.020322
-0.020575
-0.021738
-0.023066
-0.021443
-0.020282
-0.021224
-0.022699
-0.020929
-0.021256
-0.022271
-0.023746
-0.021976
-0.021331
-0.022126
-0.023748
-0.021831
-0.022231
-0.023099
-0.024721
-0.022804
-0.022675
-0.023322
-0.025092
-0.023027
-0.023501
-0.024222
-0.025992
-0.023927
-0.024314
-0.024814
-0.026731
-0.024519
-0.025067
-0.025640
-0.027557
-0.025345
-0.026248
-0.026600
-0.028665
-0.026305
-0.026927
-0.027353
-0.029417
-0.027058
-0.028477
-0.028682
-0.030894
-0.028387
-0.029082
-0.029360
-0.031573
-0.029065
-0.031001
-0.031058
-0.033418
-0.030763
-0.031532
-0.031663
-0.034023
-0.031368
-0.033820
-0.033730
-0.036237
-0.033435
-0.034278
-0.034261
-0.036768
-0.033966
-0.028208
-0.030772
-0.030477
-0.030625
-0.029993
-0.032631
-0.032336
-0.032483
-0.025718
-0.028135
-0.027987
-0.027987
-0.027429
-0.029919
-0.029772
-0.029772
-0.023523
-0.025792
-0.025792
-0.025644
-0.025160
-0.027503
-0.027503
-0.027355
-0.021622
-0.023744
-0.023891
-0.023597
-0.023186
-0.025381
-0.025529
-0.025234
-0.020017
-0.021991
-0.022286
-0.021844
-0.021507
-0.023555
-0.023850
-0.023407
-0.018706
-0.020533
-0.020976
-0.020386
-0.020123
-0.022023
-0.022465
-0.021875
-0.017691
-0.019370
-0.019960
-0.019223
-0.019033
-0.020786
-0.021376
-0.020639
-0.016970
-0.018502
-0.019239
-0.018355
-0.018239
-0.019844
-0.020582
-0.019697
-0.016545
-0.017929
-0.018814
-0.017782
-0.017740
-0.019198
-0.020082
-0.019050
-0.016414
-0.017651
-0.018683
-0.017503
-0.017535
-0.018846
-0.019878
-0.018698
-0.016578
-0.017668
-0.018847
-0.017520
-0.017626
-0.018789
-0.019969
-0.018641
-0.017038
-0.017979
-0.019307
-0.017832
-0.018011
-0.019027
-0.020354
-0.018879
-0.017792
-0.018586
-0.020061
-0.018439
-0.018692
-0.019560
-0.021035
-0.019412
-0.018841
-0.019488
-0.021110
-0.019340
-0.019667
-0.020388
-0.022010
-0.020240
-0.020185
-0.020684
-0.022454
-0.020537
-0.020937
-0.021511
-0.023280
-0.021363
-0.021824
-0.022176
-0.024093
-0.022029
-0.022503
-0.022928
-0.024846
-0.022781
-0.023758
-0.023962
-0.026027
-0.023815
-0.024363
-0.024641
-0.026706
-0.024494
-0.025987
-0.026044
-0.028256
-0.025896
-0.026518
-0.026649
-0.028861
-0.026501
-0.028511
-0.028420
-0.030780
-0.028273
-0.028968
-0.028952
-0.031311
-0.028804
-0.031330
-0.031092
-0.033599
-0.030944
-0.031714
-0.031549
-0.034056
-0.031402
-0.026013
-0.028430
-0.028135
-0.028430
-0.027724
-0.030214
-0.029919
-0.030214
-0.023523
-0.025792
-0.025644
-0.025792
-0.025160
-0.027503
-0.027355
-0.027503
-0.021327
-0.023449
-0.023449
-0.023449
-0.022891
-0.025086
-0.025086
-0.025086
-0.019427
-0.021401
-0.021549
-0.021401
-0.020917
-0.022965
-0.023112
-0.022965
-0.017822
-0.019648
-0.019943
-0.019648
-0.019238
-0.021138
-0.021433
-0.021138
-0.016511
-0.018190
-0.018633
-0.018190
-0.017853
-0.019606
-0.020049
-0.019606
-0.015496
-0.017027
-0.017617
-0.017027
-0.016764
-0.018370
-0.018960
-0.018370
-0.014775
-0.016159
-0.016897
-0.016159
-0.015970
-0.017428
-0.018165
-0.017428
-0.014349
-0.015586
-0.016471
-0.015586
-0.015471
-0.016781
-0.017666
-0.016781
-0.014219
-0.015308
-0.016340
-0.015308
-0.015266
-0.016429
-0.017461
-0.016429
-0.014383
-0.015325
-0.016505
-0.015325
-0.015357
-0.016372
-0.017552
-0.016372
-0.014842
-0.015637
-0.016964
-0.015637
-0.015742
-0.016610
-0.017938
-0.016610
-0.015596
-0.016243
-0.017718
-0.016243
-0.016423
-0.017143
-0.018618
-0.017143
-0.016646
-0.017145
-0.018767
-0.017145
-0.017398
-0.017971
-0.019593
-0.017971
-0.017990
-0.018342
-0.020111
-0.018342
-0.018668
-0.019094
-0.020864
-0.019094
-0.019629
-0.019833
-0.021750
-0.019833
-0.020234
-0.020512
-0.022429
-0.020512
-0.021563
-0.021620
-0.023684
-0.021620
-0.022094
-0.022225
-0.024289
-0.022225
-0.023792
-0.023701
-0.025913
-0.023701
-0.024249
-0.024232
-0.026445
-0.024232
-0.026316
-0.026078
-0.028437
-0.026078
-0.026699
-0.026535
-0.028895
-0.026535
-0.029134
-0.028749
-0.031256
-0.028749
-0.029444
-0.029133
-0.031640
-0.029133
-0.024113
-0.026382
-0.026087
-0.026529
-0.025750
-0.028093
-0.027798
-0.028240
-0.021622
-0.023744
-0.023597
-0.023891
-0.023186
-0.025381
-0.025234
-0.025529
-0.019427
-0.021401
-0.021401
-0.021549
-0.020917
-0.022965
-0.022965
-0.023112
-0.017527
-0.019353
-0.019501
-0.019501
-0.018943
-0.020843
-0.020991
-0.020991
-0.015921
-0.017600
-0.017895
-0.017748
-0.017264
-0.019016
-0.019311
-0.019164
-0.014611
-0.016142
-0.016585
-0.016290
-0.015879
-0.017485
-0.017927
-0.017632
-0.013595
-0.014979
-0.015569
-0.015127
-0.014790
-0.016248
-0.016838
-0.016396
-0.012875
-0.014111
-0.014849
-0.014259
-0.013996
-0.015306
-0.016044
-0.015454
-0.012449
-0.013538
-0.014423
-0.013686
-0.013496
-0.014659
-0.015544
-0.014807
-0.012318
-0.013260
-0.014293
-0.013408
-0.013292
-0.014308
-0.015340
-0.014455
-0.012483
-0.013277
-0.014457
-0.013424
-0.013383
-0.014251
-0.015430
-0.014398
-0.012942
-0.013589
-0.014916
-0.013736
-0.013768
-0.014489
-0.015816
-0.014636
-0.013696
-0.014195
-0.015670
-0.014343
-0.014449
-0.015022
-0.016496
-0.015169
-0.014745
-0.015097
-0.016719
-0.015245
-0.015424
-0.015850
-0.017472
-0.015997
-0.016089
-0.016294
-0.018063
-0.016441
-0.016694
-0.016972
-0.018742
-0.017120
-0.017728
-0.017785
-0.019703
-0.017933
-0.018260
-0.018390
-0.020307
-0.018538
-0.019662
-0.019572
-0.021636
-0.019719
-0.020120
-0.020103
-0.022168
-0.020251
-0.021891
-0.021653
-0.023865
-0.021801
-0.022275
-0.022111
-0.024323
-0.022258
-0.024415
-0.024030
-0.026389
-0.024177
-0.024725
-0.024413
-0.026773
-0.024561
-0.027234
-0.026701
-0.029208
-0.026849
-0.027470
-0.027011
-0.029518
-0.027159
-0.022507
-0.024629
-0.024334
-0.024924
-0.024071
-0.026266
-0.025971
-0.026561
-0.020017
-0.021991
-0.021844
-0.022286
-0.021507
-0.023555
-0.023407
-0.023850
-0.017822
-0.019648
-0.019648
-0.019943
-0.019238
-0.021138
-0.021138
-0.021433
-0.015921
-0.017600
-0.017748
-0.017895
-0.017264
-0.019016
-0.019164
-0.019311
-0.014316
-0.015848
-0.016142
-0.016142
-0.015584
-0.017190
-0.017485
-0.017485
-0.013005
-0.014390
-0.014832
-0.014685
-0.014200
-0.015658
-0.016101
-0.015953
-0.011990
-0.013227
-0.013816
-0.013522
-0.013111
-0.014421
-0.015011
-0.014716
-0.011269
-0.012359
-0.013096
-0.012653
-0.012317
-0.013480
-0.014217
-0.013775
-0.010844
-0.011785
-0.012670
-0.012080
-0.011817
-0.012833
-0.013718
-0.013128
-0.010713
-0.011507
-0.012540
-0.011802
-0.011613
-0.012481
-0.013513
-0.012776
-0.010877
-0.011524
-0.012704
-0.011819
-0.011703
-0.012424
-0.013604
-0.012719
-0.011336
-0.011836
-0.013163
-0.012131
-0.012089
-0.012662
-0.013989
-0.012957
-0.012091
-0.012443
-0.013917
-0.012738
-0.012769
-0.013195
-0.014670
-0.013490
-0.013140
-0.013344
-0.014966
-0.013639
-0.013745
-0.014023
-0.015645
-0.014318
-0.014484
-0.014541
-0.016311
-0.014836
-0.015015
-0.015146
-0.016916
-0.015441
-0.016123
-0.016032
-0.017950
-0.016327
-0.016580
-0.016564
-0.018481
-0.016859
-0.018057
-0.017819
-0.019884
-0.018114
-0.018441
-0.018276
-0.020341
-0.018571
-0.020286
-0.019900
-0.022113
-0.020195
-0.020596
-0.020284
-0.022496
-0.020579
-0.022810
-0.022277
-0.024636
-0.022572
-0.023046
-0.022587
-0.024946
-0.022882
-0.025629
-0.024948
-0.027455
-0.025243
-0.025791
-0.025184
-0.027692
-0.025479
-0.021197
-0.023171
-0.022876
-0.023613
-0.022687
-0.024734
-0.024439
-0.025177
-0.018706
-0.020533
-0.020386
-0.020976
-0.020123
-0.022023
-0.021875
-0.022465
-0.016511
-0.018190
-0.018190
-0.018633
-0.017853
-0.019606
-0.019606
-0.020049
-0.014611
-0.016142
-0.016290
-0.016585
-0.015879
-0.017485
-0.017632
-0.017927
-0.013005
-0.014390
-0.014685
-0.014832
-0.014200
-0.015658
-0.015953
-0.016101
-0.011695
-0.012932
-0.013374
-0.013374
-0.012816
-0.014126
-0.014569
-0.014569
-0.010679
-0.011769
-0.012359
-0.012211
-0.011727
-0.012890
-0.013480
-0.013332
-0.009959
-0.010901
-0.011638
-0.011343
-0.010932
-0.011948
-0.012685
-0.012390
-0.009533
-0.010327
-0.011212
-0.010770
-0.010433
-0.011301
-0.012186
-0.011744
-0.009402
-0.010049
-0.011082
-0.010492
-0.010229
-0.010949
-0.011982
-0.011392
-0.009567
-0.010066
-0.011246
-0.010509
-0.010319
-0.010892
-0.012072
-0.011335
-0.010026
-0.010378
-0.011705
-0.010820
-0.010705
-0.011130
-0.012458
-0.011573
-0.010780
-0.010985
-0.012459
-0.011427
-0.011385
-0.011663
-0.013138
-0.012106
-0.011829
-0.011886
-0.013509
-0.012329
-0.012361
-0.012491
-0.014113
-0.012934
-0.013173
-0.013083
-0.014853
-0.013525
-0.013631
-0.013614
-0.015384
-0.014057
-0.014812
-0.014574
-0.016492
-0.015017
-0.015196
-0.015032
-0.016949
-0.015474
-0.016746
-0.016361
-0.018426
-0.016803
-0.017056
-0.016745
-0.018809
-0.017187
-0.018975
-0.018442
-0.020655
-0.018885
-0.019212
-0.018752
-0.020965
-0.019195
-0.021499
-0.020819
-0.023178
-0.021261
-0.021662
-0.021055
-0.023415
-0.021498
-0.024318
-0.023490
-0.025997
-0.023933
-0.024407
-0.023653
-0.026160
-0.024095
-0.020181
-0.022008
-0.021713
-0.022598
-0.021597
-0.023498
-0.023203
-0.024088
-0.017691
-0.019370
-0.019223
-0.019960
-0.019033
-0.020786
-0.020639
-0.021376
-0.015496
-0.017027
-0.017027
-0.017617
-0.016764
-0.018370
-0.018370
-0.018960
-0.013595
-0.014979
-0.015127
-0.015569
-0.014790
-0.016248
-0.016396
-0.016838
-0.011990
-0.013227
-0.013522
-0.013816
-0.013111
-0.014421
-0.014716
-0.015011
-0.010679
-0.011769
-0.012211
-0.012359
-0.011727
-0.012890
-0.013332
-0.013480
-0.009664
-0.010606
-0.011196
-0.011196
-0.010637
-0.011653
-0.012243
-0.012243
-0.008943
-0.009738
-0.010475
-0.010327
-0.009843
-0.010711
-0.011449
-0.011301
-0.008518
-0.009164
-0.010049
-0.009754
-0.009344
-0.010064
-0.010949
-0.010654
-0.008387
-0.008886
-0.009919
-0.009476
-0.009139
-0.009712
-0.010745
-0.010302
-0.008551
-0.008903
-0.010083
-0.009493
-0.009230
-0.009656
-0.010835
-0.010245
-0.009010
-0.009215
-0.010542
-0.009805
-0.009615
-0.009894
-0.011221
-0.010483
-0.009765
-0.009822
-0.011296
-0.010412
-0.010296
-0.010427
-0.011901
-0.011016
-0.010814
-0.010723
-0.012346
-0.011313
-0.011271
-0.011254
-0.012877
-0.011844
-0.012158
-0.011920
-0.013690
-0.012510
-0.012542
-0.012377
-0.014147
-0.012967
-0.013797
-0.013411
-0.015329
-0.014001
-0.014107
-0.013795
-0.015712
-0.014385
-0.015731
-0.015198
-0.017263
-0.015788
-0.015967
-0.015508
-0.017573
-0.016098
-0.017960
-0.017279
-0.019492
-0.017869
-0.018122
-0.017516
-0.019728
-0.018106
-0.020484
-0.019656
-0.022015
-0.020246
-0.020573
-0.019818
-0.022178
-0.020408
-0.023303
-0.022327
-0.024834
-0.022917
-0.023318
-0.022416
-0.024923
-0.023006
-0.019461
-0.021140
-0.020845
-0.021877
-0.020803
-0.022556
-0.022261
-0.023293
-0.016970
-0.018502
-0.018355
-0.019239
-0.018239
-0.019844
-0.019697
-0.020582
-0.014775
-0.016159
-0.016159
-0.016897
-0.015970
-0.017428
-0.017428
-0.018165
-0.012875
-0.014111
-0.014259
-0.014849
-0.013996
-0.015306
-0.015454
-0.016044
-0.011269
-0.012359
-0.012653
-0.013096
-0.012317
-0.013480
-0.013775
-0.014217
-0.009959
-0.010901
-0.011343
-0.011638
-0.010932
-0.011948
-0.012390
-0.012685
-0.008943
-0.009738
-0.010327
-0.010475
-0.009843
-0.010711
-0.011301
-0.011449
-0.008223
-0.008870
-0.009607
-0.009607
-0.009049
-0.009769
-0.010507
-0.010507
-0.007797
-0.008296
-0.009181
-0.009034
-0.008549
-0.009123
-0.010007
-0.009860
-0.007666
-0.008018
-0.009051
-0.008756
-0.008345
-0.008771
-0.009803
-0.009508
-0.007831
-0.008035
-0.009215
-0.008772
-0.008436
-0.008714
-0.009894
-0.009451
-0.008290
-0.008347
-0.009674
-0.009084
-0.008821
-0.008952
-0.010279
-0.009689
-0.009044
-0.008954
-0.010428
-0.009691
-0.009502
-0.009485
-0.010960
-0.010222
-0.010093
-0.009855
-0.011477
-0.010593
-0.010477
-0.010313
-0.011935
-0.011050
-0.011437
-0.011052
-0.012822
-0.011789
-0.011747
-0.011436
-0.013205
-0.012173
-0.013076
-0.012543
-0.014461
-0.013281
-0.013313
-0.012853
-0.014771
-0.013591
-0.015010
-0.014330
-0.016395
-0.015067
-0.015173
-0.014566
-0.016631
-0.015304
-0.017239
-0.016411
-0.018624
-0.017149
-0.017328
-0.016574
-0.018786
-0.017311
-0.019763
-0.018788
-0.021147
-0.019525
-0.019778
-0.018877
-0.021236
-0.019614
-0.022582
-0.021459
-0.023966
-0.022197
-0.022523
-0.021474
-0.023981
-0.022212
-0.019035
-0.020567
-0.020272
-0.021452
-0.020304
-0.021909
-0.021614
-0.022794
-0.016545
-0.017929
-0.017782
-0.018814
-0.017740
-0.019198
-0.019050
-0.020082
-0.014349
-0.015586
-0.015586
-0.016471
-0.015471
-0.016781
-0.016781
-0.017666
-0.012449
-0.013538
-0.013686
-0.014423
-0.013496
-0.014659
-0.014807
-0.015544
-0.010844
-0.011785
-0.012080
-0.012670
-0.011817
-0.012833
-0.013128
-0.013718
-0.009533
-0.010327
-0.010770
-0.011212
-0.010433
-0.011301
-0.011744
-0.012186
-0.008518
-0.009164
-0.009754
-0.010049
-0.009344
-0.010064
-0.010654
-0.010949
-0.007797
-0.008296
-0.009034
-0.009181
-0.008549
-0.009123
-0.009860
-0.010007
-0.007371
-0.007723
-0.008608
-0.008608
-0.008050
-0.008476
-0.009361
-0.009361
-0.007241
-0.007445
-0.008478
-0.008330
-0.007846
-0.008124
-0.009156
-0.009009
-0.007405
-0.007462
-0.008642
-0.008347
-0.007936
-0.008067
-0.009247
-0.008952
-0.007864
-0.007774
-0.009101
-0.008659
-0.008322
-0.008305
-0.009632
-0.009190
-0.008618
-0.008380
-0.009855
-0.009265
-0.009002
-0.008838
-0.010313
-0.009723
-0.009668
-0.009282
-0.010904
-0.010167
-0.009978
-0.009666
-0.011288
-0.010551
-0.011012
-0.010479
-0.012248
-0.011364
-0.011248
-0.010789
-0.012558
-0.011674
-0.012651
-0.011970
-0.013888
-0.012855
-0.012813
-0.012207
-0.014124
-0.013091
-0.014585
-0.013757
-0.015821
-0.014642
-0.014674
-0.013919
-0.015984
-0.014804
-0.016814
-0.015838
-0.018050
-0.016723
-0.016829
-0.015927
-0.018139
-0.016812
-0.019338
-0.018215
-0.020574
-0.019100
-0.019279
-0.018230
-0.020589
-0.019115
-0.022156
-0.020886
-0.023393
-0.021771
-0.022024
-0.020827
-0.023335
-0.021712
-0.018904
-0.020289
-0.019994
-0.021321
-0.020099
-0.021557
-0.021262
-0.022590
-0.016414
-0.017651
-0.017503
-0.018683
-0.017535
-0.018846
-0.018698
-0.019878
-0.014219
-0.015308
-0.015308
-0.016340
-0.015266
-0.016429
-0.016429
-0.017461
-0.012318
-0.013260
-0.013408
-0.014293
-0.013292
-0.014308
-0.014455
-0.015340
-0.010713
-0.011507
-0.011802
-0.012540
-0.011613
-0.012481
-0.012776
-0.013513
-0.009402
-0.010049
-0.010492
-0.011082
-0.010229
-0.010949
-0.011392
-0.011982
-0.008387
-0.008886
-0.009476
-0.009919
-0.009139
-0.009712
-0.010302
-0.010745
-0.007666
-0.008018
-0.008756
-0.009051
-0.008345
-0.008771
-0.009508
-0.009803
-0.007241
-0.007445
-0.008330
-0.008478
-0.007846
-0.008124
-0.009009
-0.009156
-0.007110
-0.007167
-0.008199
-0.008199
-0.007641
-0.007772
-0.008804
-0.008804
-0.007274
-0.007184
-0.008364
-0.008216
-0.007732
-0.007715
-0.008895
-0.008747
-0.007734
-0.007496
-0.008823
-0.008528
-0.008117
-0.007953
-0.009280
-0.008985
-0.008488
-0.008102
-0.009577
-0.009135
-0.008798
-0.008486
-0.009961
-0.009518
-0.009537
-0.009004
-0.010626
-0.010036
-0.009773
-0.009314
-0.010936
-0.010346
-0.010881
-0.010201
-0.011970
-0.011233
-0.011044
-0.010437
-0.012207
-0.011469
-0.012520
-0.011692
-0.013609
-0.012725
-0.012609
-0.011855
-0.013772
-0.012887
-0.014454
-0.013479
-0.015543
-0.014511
-0.014469
-0.013567
-0.015632
-0.014600
-0.016683
-0.015560
-0.017772
-0.016592
-0.016624
-0.015575
-0.017787
-0.016608
-0.019207
-0.017937
-0.020296
-0.018969
-0.019075
-0.017878
-0.020238
-0.018910
-0.022026
-0.020608
-0.023115
-0.021640
-0.021820
-0.020476
-0.022983
-0.021508
-0.019069
-0.020305
-0.020010
-0.021485
-0.020190
-0.021500
-0.021205
-0.022680
-0.016578
-0.017668
-0.017520
-0.018847
-0.017626
-0.018789
-0.018641
-0.019969
-0.014383
-0.015325
-0.015325
-0.016505
-0.015357
-0.016372
-0.016372
-0.017552
-0.012483
-0.013277
-0.013424
-0.014457
-0.013383
-0.014251
-0.014398
-0.015430
-0.010877
-0.011524
-0.011819
-0.012704
-0.011703
-0.012424
-0.012719
-0.013604
-0.009567
-0.010066
-0.010509
-0.011246
-0.010319
-0.010892
-0.011335
-0.012072
-0.008551
-0.008903
-0.009493
-0.010083
-0.009230
-0.009656
-0.010245
-0.010835
-0.007831
-0.008035
-0.008772
-0.009215
-0.008436
-0.008714
-0.009451
-0.009894
-0.007405
-0.007462
-0.008347
-0.008642
-0.007936
-0.008067
-0.008952
-0.009247
-0.007274
-0.007184
-0.008216
-0.008364
-0.007732
-0.007715
-0.008747
-0.008895
-0.007439
-0.007201
-0.008380
-0.008380
-0.007822
-0.007658
-0.008838
-0.008838
-0.007898
-0.007512
-0.008840
-0.008692
-0.008208
-0.007896
-0.009223
-0.009076
-0.008652
-0.008119
-0.009594
-0.009299
-0.008888
-0.008429
-0.009904
-0.009609
-0.009701
-0.009021
-0.010643
-0.010201
-0.009864
-0.009257
-0.010879
-0.010437
-0.011045
-0.010217
-0.011987
-0.011397
-0.011134
-0.010380
-0.012150
-0.011560
-0.012684
-0.011709
-0.013626
-0.012889
-0.012699
-0.011798
-0.013715
-0.012978
-0.014618
-0.013495
-0.015560
-0.014675
-0.014560
-0.013511
-0.015575
-0.014690
-0.016847
-0.015577
-0.017789
-0.016757
-0.016715
-0.015518
-0.017730
-0.016698
-0.019371
-0.017953
-0.020313
-0.019133
-0.019165
-0.017821
-0.020181
-0.019001
-0.022190
-0.020625
-0.023132
-0.021805
-0.021910
-0.020419
-0.022926
-0.021598
-0.019528
-0.020617
-0.020322
-0.021944
-0.020575
-0.021738
-0.021443
-0.023066
-0.017038
-0.017979
-0.017832
-0.019307
-0.018011
-0.019027
-0.018879
-0.020354
-0.014842
-0.015637
-0.015637
-0.016964
-0.015742
-0.016610
-0.016610
-0.017938
-0.012942
-0.013589
-0.013736
-0.014916
-0.013768
-0.014489
-0.014636
-0.015816
-0.011336
-0.011836
-0.012131
-0.013163
-0.012089
-0.012662
-0.012957
-0.013989
-0.010026
-0.010378
-0.010820
-0.011705
-0.010705
-0.011130
-0.011573
-0.012458
-0.009010
-0.009215
-0.009805
-0.010542
-0.009615
-0.009894
-0.010483
-0.011221
-0.008290
-0.008347
-0.009084
-0.009674
-0.008821
-0.008952
-0.009689
-0.010279
-0.007864
-0.007774
-0.008659
-0.009101
-0.008322
-0.008305
-0.009190
-0.009632
-0.007734
-0.007496
-0.008528
-0.008823
-0.008117
-0.007953
-0.008985
-0.009280
-0.007898
-0.007512
-0.008692
-0.008840
-0.008208
-0.007896
-0.009076
-0.009223
-0.008357
-0.007824
-0.009151
-0.009151
-0.008593
-0.008134
-0.009461
-0.009461
-0.009111
-0.008431
-0.009906
-0.009758
-0.009274
-0.008667
-0.010142
-0.009994
-0.010160
-0.009333
-0.010955
-0.010660
-0.010249
-0.009495
-0.011117
-0.010822
-0.011505
-0.010529
-0.012299
-0.011856
-0.011520
-0.010618
-0.012388
-0.011945
-0.013144
-0.012021
-0.013938
-0.013348
-0.013085
-0.012036
-0.013953
-0.013363
-0.015078
-0.013807
-0.015872
-0.015135
-0.014945
-0.013749
-0.015813
-0.015076
-0.017307
-0.015889
-0.018101
-0.017216
-0.017100
-0.015756
-0.017968
-0.017084
-0.019830
-0.018265
-0.020625
-0.019592
-0.019551
-0.018059
-0.020419
-0.019386
-0.022649
-0.020937
-0.023444
-0.022264
-0.022296
-0.020657
-0.023164
-0.021984
-0.020282
-0.021224
-0.020929
-0.022699
-0.021256
-0.022271
-0.021976
-0.023746
-0.017792
-0.018586
-0.018439
-0.020061
-0.018692
-0.019560
-0.019412
-0.021035
-0.015596
-0.016243
-0.016243
-0.017718
-0.016423
-0.017143
-0.017143
-0.018618
-0.013696
-0.014195
-0.014343
-0.015670
-0.014449
-0.015022
-0.015169
-0.016496
-0.012091
-0.012443
-0.012738
-0.013917
-0.012769
-0.013195
-0.013490
-0.014670
-0.010780
-0.010985
-0.011427
-0.012459
-0.011385
-0.011663
-0.012106
-0.013138
-0.009765
-0.009822
-0.010412
-0.011296
-0.010296
-0.010427
-0.011016
-0.011901
-0.009044
-0.008954
-0.009691
-0.010428
-0.009502
-0.009485
-0.010222
-0.010960
-0.008618
-0.008380
-0.009265
-0.009855
-0.009002
-0.008838
-0.009723
-0.010313
-0.008488
-0.008102
-0.009135
-0.009577
-0.008798
-0.008486
-0.009518
-0.009961
-0.008652
-0.008119
-0.009299
-0.009594
-0.008888
-0.008429
-0.009609
-0.009904
-0.009111
-0.008431
-0.009758
-0.009906
-0.009274
-0.008667
-0.009994
-0.010142
-0.009866
-0.009038
-0.010512
-0.010512
-0.009954
-0.009200
-0.010675
-0.010675
-0.010915
-0.009939
-0.011562
-0.011414
-0.010930
-0.010028
-0.011650
-0.011503
-0.012259
-0.011136
-0.012906
-0.012611
-0.012200
-0.011151
-0.012921
-0.012626
-0.013898
-0.012627
-0.014545
-0.014102
-0.013765
-0.012569
-0.014486
-0.014044
-0.015832
-0.014414
-0.016479
-0.015889
-0.015626
-0.014282
-0.016346
-0.015756
-0.018061
-0.016495
-0.018708
-0.017970
-0.017781
-0.016289
-0.018501
-0.017764
-0.020585
-0.018872
-0.021231
-0.020347
-0.020231
-0.018592
-0.020952
-0.020067
-0.023404
-0.021543
-0.024050
-0.023018
-0.022976
-0.021190
-0.023697
-0.022664
-0.021331
-0.022126
-0.021831
-0.023748
-0.022231
-0.023099
-0.022804
-0.024721
-0.018841
-0.019488
-0.019340
-0.021110
-0.019667
-0.020388
-0.020240
-0.022010
-0.016646
-0.017145
-0.017145
-0.018767
-0.017398
-0.017971
-0.017971
-0.019593
-0.014745
-0.015097
-0.015245
-0.016719
-0.015424
-0.015850
-0.015997
-0.017472
-0.013140
-0.013344
-0.013639
-0.014966
-0.013745
-0.014023
-0.014318
-0.015645
-0.011829
-0.011886
-0.012329
-0.013509
-0.012361
-0.012491
-0.012934
-0.014113
-0.010814
-0.010723
-0.011313
-0.012346
-0.011271
-0.011254
-0.011844
-0.012877
-0.010093
-0.009855
-0.010593
-0.011477
-0.010477
-0.010313
-0.011050
-0.011935
-0.009668
-0.009282
-0.010167
-0.010904
-0.009978
-0.009666
-0.010551
-0.011288
-0.009537
-0.009004
-0.010036
-0.010626
-0.009773
-0.009314
-0.010346
-0.010936
-0.009701
-0.009021
-0.010201
-0.010643
-0.009864
-0.009257
-0.010437
-0.010879
-0.010160
-0.009333
-0.010660
-0.010955
-0.010249
-0.009495
-0.010822
-0.011117
-0.010915
-0.009939
-0.011414
-0.011562
-0.010930
-0.010028
-0.011503
-0.011650
-0.011964
-0.010841
-0.012463
-0.012463
-0.011905
-0.010856
-0.012478
-0.012478
-0.013308
-0.012038
-0.013807
-0.013660
-0.013175
-0.011979
-0.013749
-0.013601
-0.014947
-0.013529
-0.015446
-0.015151
-0.014741
-0.013397
-0.015314
-0.015019
-0.016881
-0.015316
-0.017380
-0.016938
-0.016601
-0.015109
-0.017174
-0.016732
-0.019110
-0.017397
-0.019609
-0.019019
-0.018756
-0.017117
-0.019329
-0.018739
-0.021634
-0.019774
-0.022133
-0.021396
-0.021206
-0.019420
-0.021780
-0.021042
-0.024453
-0.022445
-0.024952
-0.024067
-0.023952
-0.022018
-0.024525
-0.023640
-0.022675
-0.023322
-0.023027
-0.025092
-0.023501
-0.024222
-0.023927
-0.025992
-0.020185
-0.020684
-0.020537
-0.022454
-0.020937
-0.021511
-0.021363
-0.023280
-0.017990
-0.018342
-0.018342
-0.020111
-0.018668
-0.019094
-0.019094
-0.020864
-0.016089
-0.016294
-0.016441
-0.018063
-0.016694
-0.016972
-0.017120
-0.018742
-0.014484
-0.014541
-0.014836
-0.016311
-0.015015
-0.015146
-0.015441
-0.016916
-0.013173
-0.013083
-0.013525
-0.014853
-0.013631
-0.013614
-0.014057
-0.015384
-0.012158
-0.011920
-0.012510
-0.013690
-0.012542
-0.012377
-0.012967
-0.014147
-0.011437
-0.011052
-0.011789
-0.012822
-0.011747
-0.011436
-0.012173
-0.013205
-0.011012
-0.010479
-0.011364
-0.012248
-0.011248
-0.010789
-0.011674
-0.012558
-0.010881
-0.010201
-0.011233
-0.011970
-0.011044
-0.010437
-0.011469
-0.012207
-0.011045
-0.010217
-0.011397
-0.011987
-0.011134
-0.010380
-0.011560
-0.012150
-0.011505
-0.010529
-0.011856
-0.012299
-0.011520
-0.010618
-0.011945
-0.012388
-0.012259
-0.011136
-0.012611
-0.012906
-0.012200
-0.011151
-0.012626
-0.012921
-0.013308
-0.012038
-0.013660
-0.013807
-0.013175
-0.011979
-0.013601
-0.013749
-0.014652
-0.013234
-0.015004
-0.015004
-0.014446
-0.013102
-0.014871
-0.014871
-0.016291
-0.014726
-0.016643
-0.016495
-0.016011
-0.014520
-0.016437
-0.016289
-0.018225
-0.016512
-0.018577
-0.018282
-0.017871
-0.016232
-0.018297
-0.018002
-0.020454
-0.018594
-0.020806
-0.020363
-0.020027
-0.018240
-0.020452
-0.020010
-0.022978
-0.020970
-0.023330
-0.022740
-0.022477
-0.020543
-0.022902
-0.022312
-0.025797
-0.023642
-0.026149
-0.025411
-0.025222
-0.023140
-0.025648
-0.024910
-0.024314
-0.024814
-0.024519
-0.026731
-0.025067
-0.025640
-0.025345
-0.027557
-0.021824
-0.022176
-0.022029
-0.024093
-0.022503
-0.022928
-0.022781
-0.024846
-0.019629
-0.019833
-0.019833
-0.021750
-0.020234
-0.020512
-0.020512
-0.022429
-0.017728
-0.017785
-0.017933
-0.019703
-0.018260
-0.018390
-0.018538
-0.020307
-0.016123
-0.016032
-0.016327
-0.017950
-0.016580
-0.016564
-0.016859
-0.018481
-0.014812
-0.014574
-0.015017
-0.016492
-0.015196
-0.015032
-0.015474
-0.016949
-0.013797
-0.013411
-0.014001
-0.015329
-0.014107
-0.013795
-0.014385
-0.015712
-0.013076
-0.012543
-0.013281
-0.014461
-0.013313
-0.012853
-0.013591
-0.014771
-0.012651
-0.011970
-0.012855
-0.013888
-0.012813
-0.012207
-0.013091
-0.014124
-0.012520
-0.011692
-0.012725
-0.013609
-0.012609
-0.011855
-0.012887
-0.013772
-0.012684
-0.011709
-0.012889
-0.013626
-0.012699
-0.011798
-0.012978
-0.013715
-0.013144
-0.012021
-0.013348
-0.013938
-0.013085
-0.012036
-0.013363
-0.013953
-0.013898
-0.012627
-0.014102
-0.014545
-0.013765
-0.012569
-0.014044
-0.014486
-0.014947
-0.013529
-0.015151
-0.015446
-0.014741
-0.013397
-0.015019
-0.015314
-0.016291
-0.014726
-0.016495
-0.016643
-0.016011
-0.014520
-0.016289
-0.016437
-0.017930
-0.016217
-0.018134
-0.018134
-0.017576
-0.015937
-0.017855
-0.017855
-0.019864
-0.018004
-0.020068
-0.019921
-0.019437
-0.017650
-0.019715
-0.019567
-0.022093
-0.020085
-0.022297
-0.022002
-0.021592
-0.019658
-0.021870
-0.021575
-0.024617
-0.022462
-0.024821
-0.024379
-0.024042
-0.021961
-0.024320
-0.023878
-0.027436
-0.025133
-0.027640
-0.027050
-0.026787
-0.024558
-0.027065
-0.026475
-0.026248
-0.026600
-0.026305
-0.028665
-0.026927
-0.027353
-0.027058
-0.029417
-0.023758
-0.023962
-0.023815
-0.026027
-0.024363
-0.024641
-0.024494
-0.026706
-0.021563
-0.021620
-0.021620
-0.023684
-0.022094
-0.022225
-0.022225
-0.024289
-0.019662
-0.019572
-0.019719
-0.021636
-0.020120
-0.020103
-0.020251
-0.022168
-0.018057
-0.017819
-0.018114
-0.019884
-0.018441
-0.018276
-0.018571
-0.020341
-0.016746
-0.016361
-0.016803
-0.018426
-0.017056
-0.016745
-0.017187
-0.018809
-0.015731
-0.015198
-0.015788
-0.017263
-0.015967
-0.015508
-0.016098
-0.017573
-0.015010
-0.014330
-0.015067
-0.016395
-0.015173
-0.014566
-0.015304
-0.016631
-0.014585
-0.013757
-0.014642
-0.015821
-0.014674
-0.013919
-0.014804
-0.015984
-0.014454
-0.013479
-0.014511
-0.015543
-0.014469
-0.013567
-0.014600
-0.015632
-0.014618
-0.013495
-0.014675
-0.015560
-0.014560
-0.013511
-0.014690
-0.015575
-0.015078
-0.013807
-0.015135
-0.015872
-0.014945
-0.013749
-0.015076
-0.015813
-0.015832
-0.014414
-0.015889
-0.016479
-0.015626
-0.014282
-0.015756
-0.016346
-0.016881
-0.015316
-0.016938
-0.017380
-0.016601
-0.015109
-0.016732
-0.017174
-0.018225
-0.016512
-0.018282
-0.018577
-0.017871
-0.016232
-0.018002
-0.018297
-0.019864
-0.018004
-0.019921
-0.020068
-0.019437
-0.017650
-0.019567
-0.019715
-0.021798
-0.019790
-0.021855
-0.021855
-0.021297
-0.019363
-0.021428
-0.021428
-0.024027
-0.021872
-0.024084
-0.023936
-0.023452
-0.021371
-0.023583
-0.023435
-0.026551
-0.024248
-0.026608
-0.026313
-0.025902
-0.023673
-0.026033
-0.025738
-0.029370
-0.026920
-0.029427
-0.028984
-0.028647
-0.026271
-0.028778
-0.028336
-0.028477
-0.028682
-0.028387
-0.030894
-0.029082
-0.029360
-0.029065
-0.031573
-0.025987
-0.026044
-0.025896
-0.028256
-0.026518
-0.026649
-0.026501
-0.028861
-0.023792
-0.023701
-0.023701
-0.025913
-0.024249
-0.024232
-0.024232
-0.026445
-0.021891
-0.021653
-0.021801
-0.023865
-0.022275
-0.022111
-0.022258
-0.024323
-0.020286
-0.019900
-0.020195
-0.022113
-0.020596
-0.020284
-0.020579
-0.022496
-0.018975
-0.018442
-0.018885
-0.020655
-0.019212
-0.018752
-0.019195
-0.020965
-0.017960
-0.017279
-0.017869
-0.019492
-0.018122
-0.017516
-0.018106
-0.019728
-0.017239
-0.016411
-0.017149
-0.018624
-0.017328
-0.016574
-0.017311
-0.018786
-0.016814
-0.015838
-0.016723
-0.018050
-0.016829
-0.015927
-0.016812
-0.018139
-0.016683
-0.015560
-0.016592
-0.017772
-0.016624
-0.015575
-0.016608
-0.017787
-0.016847
-0.015577
-0.016757
-0.017789
-0.016715
-0.015518
-0.016698
-0.017730
-0.017307
-0.015889
-0.017216
-0.018101
-0.017100
-0.015756
-0.017084
-0.017968
-0.018061
-0.016495
-0.017970
-0.018708
-0.017781
-0.016289
-0.017764
-0.018501
-0.019110
-0.017397
-0.019019
-0.019609
-0.018756
-0.017117
-0.018739
-0.019329
-0.020454
-0.018594
-0.020363
-0.020806
-0.020027
-0.018240
-0.020010
-0.020452
-0.022093
-0.020085
-0.022002
-0.022297
-0.021592
-0.019658
-0.021575
-0.021870
-0.024027
-0.021872
-0.023936
-0.024084
-0.023452
-0.021371
-0.023435
-0.023583
-0.026256
-0.023953
-0.026165
-0.026165
-0.025607
-0.023378
-0.025591
-0.025591
-0.028780
-0.026330
-0.028689
-0.028542
-0.028058
-0.025681
-0.028041
-0.027893
-0.031599
-0.029001
-0.031508
-0.031213
-0.030803
-0.028279
-0.030786
-0.030491
-0.031001
-0.031058
-0.030763
-0.033418
-0.031532
-0.031663
-0.031368
-0.034023
-0.028511
-0.028420
-0.028273
-0.030780
-0.028968
-0.028952
-0.028804
-0.031311
-0.026316
-0.026078
-0.026078
-0.028437
-0.026699
-0.026535
-0.026535
-0.028895
-0.024415
-0.024030
-0.024177
-0.026389
-0.024725
-0.024413
-0.024561
-0.026773
-0.022810
-0.022277
-0.022572
-0.024636
-0.023046
-0.022587
-0.022882
-0.024946
-0.021499
-0.020819
-0.021261
-0.023178
-0.021662
-0.021055
-0.021498
-0.023415
-0.020484
-0.019656
-0.020246
-0.022015
-0.020573
-0.019818
-0.020408
-0.022178
-0.019763
-0.018788
-0.019525
-0.021147
-0.019778
-0.018877
-0.019614
-0.021236
-0.019338
-0.018215
-0.019100
-0.020574
-0.019279
-0.018230
-0.019115
-0.020589
-0.019207
-0.017937
-0.018969
-0.020296
-0.019075
-0.017878
-0.018910
-0.020238
-0.019371
-0.017953
-0.019133
-0.020313
-0.019165
-0.017821
-0.019001
-0.020181
-0.019830
-0.018265
-0.019592
-0.020625
-0.019551
-0.018059
-0.019386
-0.020419
-0.020585
-0.018872
-0.020347
-0.021231
-0.020231
-0.018592
-0.020067
-0.020952
-0.021634
-0.019774
-0.021396
-0.022133
-0.021206
-0.019420
-0.021042
-0.021780
-0.022978
-0.020970
-0.022740
-0.023330
-0.022477
-0.020543
-0.022312
-0.022902
-0.024617
-0.022462
-0.024379
-0.024821
-0.024042
-0.021961
-0.023878
-0.024320
-0.026551
-0.024248
-0.026313
-0.026608
-0.025902
-0.023673
-0.025738
-0.026033
-0.028780
-0.026330
-0.028542
-0.028689
-0.028058
-0.025681
-0.027893
-0.028041
-0.031304
-0.028706
-0.031066
-0.031066
-0.030508
-0.027984
-0.030343
-0.030343
-0.034123
-0.031378
-0.033885
-0.033737
-0.033253
-0.030581
-0.033089
-0.032941
-0.033820
-0.033730
-0.033435
-0.036237
-0.034278
-0.034261
-0.033966
-0.036768
-0.031330
-0.031092
-0.030944
-0.033599
-0.031714
-0.031549
-0.031402
-0.034056
-0.029134
-0.028749
-0.028749
-0.031256
-0.029444
-0.029133
-0.029133
-0.031640
-0.027234
-0.026701
-0.026849
-0.029208
-0.027470
-0.027011
-0.027159
-0.029518
-0.025629
-0.024948
-0.025243
-0.027455
-0.025791
-0.025184
-0.025479
-0.027692
-0.024318
-0.023490
-0.023933
-0.025997
-0.024407
-0.023653
-0.024095
-0.026160
-0.023303
-0.022327
-0.022917
-0.024834
-0.023318
-0.022416
-0.023006
-0.024923
-0.022582
-0.021459
-0.022197
-0.023966
-0.022523
-0.021474
-0.022212
-0.023981
-0.022156
-0.020886
-0.021771
-0.023393
-0.022024
-0.020827
-0.021712
-0.023335
-0.022026
-0.020608
-0.021640
-0.023115
-0.021820
-0.020476
-0.021508
-0.022983
-0.022190
-0.020625
-0.021805
-0.023132
-0.021910
-0.020419
-0.021598
-0.022926
-0.022649
-0.020937
-0.022264
-0.023444
-0.022296
-0.020657
-0.021984
-0.023164
-0.023404
-0.021543
-0.023018
-0.024050
-0.022976
-0.021190
-0.022664
-0.023697
-0.024453
-0.022445
-0.024067
-0.024952
-0.023952
-0.022018
-0.023640
-0.024525
-0.025797
-0.023642
-0.025411
-0.026149
-0.025222
-0.023140
-0.024910
-0.025648
-0.027436
-0.025133
-0.027050
-0.027640
-0.026787
-0.024558
-0.026475
-0.027065
-0.029370
-0.026920
-0.028984
-0.029427
-0.028647
-0.026271
-0.028336
-0.028778
-0.031599
-0.029001
-0.031213
-0.031508
-0.030803
-0.028279
-0.030491
-0.030786
-0.034123
-0.031378
-0.033737
-0.033885
-0.033253
-0.030581
-0.032941
-0.033089
-0.036941
-0.034049
-0.036556
-0.036556
-0.035998
-0.033179
-0.035686
-0.035686
-0.028798
-0.031510
-0.031067
-0.031067
-0.030583
-0.033368
-0.032926
-0.032926
-0.026308
-0.028872
-0.028577
-0.028430
-0.028019
-0.030657
-0.030362
-0.030214
-0.024113
-0.026529
-0.026382
-0.026087
-0.025750
-0.028240
-0.028093
-0.027798
-0.022212
-0.024481
-0.024481
-0.024039
-0.023776
-0.026119
-0.026119
-0.025676
-0.020607
-0.022728
-0.022876
-0.022286
-0.022097
-0.024292
-0.024439
-0.023850
-0.019296
-0.021271
-0.021565
-0.020828
-0.020712
-0.022760
-0.023055
-0.022318
-0.018281
-0.020108
-0.020550
-0.019665
-0.019623
-0.021524
-0.021966
-0.021081
-0.017560
-0.019239
-0.019829
-0.018797
-0.018829
-0.020582
-0.021172
-0.020139
-0.017135
-0.018666
-0.019404
-0.018224
-0.018330
-0.019935
-0.020672
-0.019493
-0.017004
-0.018388
-0.019273
-0.017946
-0.018125
-0.019583
-0.020468
-0.019141
-0.017168
-0.018405
-0.019437
-0.017963
-0.018216
-0.019526
-0.020558
-0.019084
-0.017628
-0.018717
-0.019897
-0.018274
-0.018601
-0.019764
-0.020944
-0.019322
-0.018382
-0.019324
-0.020651
-0.018881
-0.019282
-0.020297
-0.021624
-0.019855
-0.019431
-0.020225
-0.021700
-0.019783
-0.020257
-0.021125
-0.022600
-0.020683
-0.020775
-0.021422
-0.023044
-0.020979
-0.021527
-0.022248
-0.023870
-0.021806
-0.022414
-0.022913
-0.024683
-0.022471
-0.023093
-0.023666
-0.025435
-0.023223
-0.024348
-0.024700
-0.026617
-0.024257
-0.024953
-0.025379
-0.027296
-0.024936
-0.026577
-0.026781
-0.028846
-0.026339
-0.027108
-0.027386
-0.029451
-0.026944
-0.029101
-0.029158
-0.031370
-0.028715
-0.029558
-0.029689
-0.031901
-0.029247
-0.031920
-0.031829
-0.034189
-0.031387
-0.032303
-0.032287
-0.034646
-0.031844
-0.026308
-0.028872
-0.028430
-0.028577
-0.028019
-0.030657
-0.030214
-0.030362
-0.023818
-0.026234
-0.025939
-0.025939
-0.025455
-0.027945
-0.027650
-0.027650
-0.021622
-0.023891
-0.023744
-0.023597
-0.023186
-0.025529
-0.025381
-0.025234
-0.019722
-0.021844
-0.021844
-0.021549
-0.021212
-0.023407
-0.023407
-0.023112
-0.018117
-0.020091
-0.020238
-0.019796
-0.019533
-0.021581
-0.021728
-0.021286
-0.016806
-0.018633
-0.018928
-0.018338
-0.018148
-0.020049
-0.020344
-0.019754
-0.015791
-0.017470
-0.017912
-0.017175
-0.017059
-0.018812
-0.019255
-0.018517
-0.015070
-0.016602
-0.017192
-0.016307
-0.016265
-0.017870
-0.018460
-0.017575
-0.014644
-0.016029
-0.016766
-0.015734
-0.015766
-0.017223
-0.017961
-0.016929
-0.014514
-0.015750
-0.016635
-0.015456
-0.015561
-0.016872
-0.017756
-0.016577
-0.014678
-0.015767
-0.016800
-0.015472
-0.015652
-0.016815
-0.017847
-0.016520
-0.015137
-0.016079
-0.017259
-0.015784
-0.016037
-0.017053
-0.018232
-0.016758
-0.015891
-0.016686
-0.018013
-0.016391
-0.016718
-0.017586
-0.018913
-0.017291
-0.016941
-0.017587
-0.019062
-0.017292
-0.017693
-0.018414
-0.019888
-0.018119
-0.018285
-0.018784
-0.020406
-0.018489
-0.018963
-0.019536
-0.021159
-0.019241
-0.019924
-0.020276
-0.022045
-0.019981
-0.020529
-0.020954
-0.022724
-0.020659
-0.021858
-0.022062
-0.023979
-0.021767
-0.022389
-0.022667
-0.024584
-0.022372
-0.024087
-0.024144
-0.026208
-0.023849
-0.024544
-0.024675
-0.026739
-0.024380
-0.026611
-0.026520
-0.028732
-0.026225
-0.026994
-0.026977
-0.029190
-0.026683
-0.029429
-0.029191
-0.031551
-0.028896
-0.029739
-0.029575
-0.031935
-0.029280
-0.024113
-0.026529
-0.026087
-0.026382
-0.025750
-0.028240
-0.027798
-0.028093
-0.021622
-0.023891
-0.023597
-0.023744
-0.023186
-0.025529
-0.025234
-0.025381
-0.019427
-0.021549
-0.021401
-0.021401
-0.020917
-0.023112
-0.022965
-0.022965
-0.017527
-0.019501
-0.019501
-0.019353
-0.018943
-0.020991
-0.020991
-0.020843
-0.015921
-0.017748
-0.017895
-0.017600
-0.017264
-0.019164
-0.019311
-0.019016
-0.014611
-0.016290
-0.016585
-0.016142
-0.015879
-0.017632
-0.017927
-0.017485
-0.013595
-0.015127
-0.015569
-0.014979
-0.014790
-0.016396
-0.016838
-0.016248
-0.012875
-0.014259
-0.014849
-0.014111
-0.013996
-0.015454
-0.016044
-0.015306
-0.012449
-0.013686
-0.014423
-0.013538
-0.013496
-0.014807
-0.015544
-0.014659
-0.012318
-0.013408
-0.014293
-0.013260
-0.013292
-0.014455
-0.015340
-0.014308
-0.012483
-0.013424
-0.014457
-0.013277
-0.013383
-0.014398
-0.015430
-0.014251
-0.012942
-0.013736
-0.014916
-0.013589
-0.013768
-0.014636
-0.015816
-0.014489
-0.013696
-0.014343
-0.015670
-0.014195
-0.014449
-0.015169
-0.016496
-0.015022
-0.014745
-0.015245
-0.016719
-0.015097
-0.015424
-0.015997
-0.017472
-0.015850
-0.016089
-0.016441
-0.018063
-0.016294
-0.016694
-0.017120
-0.018742
-0.016972
-0.017728
-0.017933
-0.019703
-0.017785
-0.018260
-0.018538
-0.020307
-0.018390
-0.019662
-0.019719
-0.021636
-0.019572
-0.020120
-0.020251
-0.022168
-0.020103
-0.021891
-0.021801
-0.023865
-0.021653
-0.022275
-0.022258
-0.024323
-0.022111
-0.024415
-0.024177
-0.026389
-0.024030
-0.024725
-0.024561
-0.026773
-0.024413
-0.027234
-0.026849
-0.029208
-0.026701
-0.027470
-0.027159
-0.029518
-0.027011
-0.022212
-0.024481
-0.024039
-0.024481
-0.023776
-0.026119
-0.025676
-0.026119
-0.019722
-0.021844
-0.021549
-0.021844
-0.021212
-0.023407
-0.023112
-0.023407
-0.017527
-0.019501
-0.019353
-0.019501
-0.018943
-0.020991
-0.020843
-0.020991
-0.015626
-0.017453
-0.017453
-0.017453
-0.016969
-0.018869
-0.018869
-0.018869
-0.014021
-0.015700
-0.015848
-0.015700
-0.015289
-0.017042
-0.017190
-0.017042
-0.012710
-0.014242
-0.014537
-0.014242
-0.013905
-0.015511
-0.015806
-0.015511
-0.011695
-0.013079
-0.013522
-0.013079
-0.012816
-0.014274
-0.014716
-0.014274
-0.010974
-0.012211
-0.012801
-0.012211
-0.012022
-0.013332
-0.013922
-0.013332
-0.010549
-0.011638
-0.012375
-0.011638
-0.011522
-0.012685
-0.013423
-0.012685
-0.010418
-0.011360
-0.012245
-0.011360
-0.011318
-0.012333
-0.013218
-0.012333
-0.010582
-0.011377
-0.012409
-0.011377
-0.011408
-0.012277
-0.013309
-0.012277
-0.011042
-0.011688
-0.012868
-0.011688
-0.011794
-0.012515
-0.013694
-0.012515
-0.011796
-0.012295
-0.013622
-0.012295
-0.012474
-0.013048
-0.014375
-0.013048
-0.012845
-0.013197
-0.014672
-0.013197
-0.013450
-0.013875
-0.015350
-0.013875
-0.014189
-0.014393
-0.016016
-0.014393
-0.014720
-0.014998
-0.016621
-0.014998
-0.015828
-0.015885
-0.017655
-0.015885
-0.016285
-0.016416
-0.018186
-0.016416
-0.017762
-0.017671
-0.019589
-0.017671
-0.018146
-0.018129
-0.020046
-0.018129
-0.019991
-0.019753
-0.021818
-0.019753
-0.020301
-0.020137
-0.022201
-0.020137
-0.022515
-0.022129
-0.024341
-0.022129
-0.022751
-0.022439
-0.024651
-0.022439
-0.025334
-0.024801
-0.027160
-0.024801
-0.025496
-0.025037
-0.027397
-0.025037
-0.020607
-0.022728
-0.022286
-0.022876
-0.022097
-0.024292
-0.023850
-0.024439
-0.018117
-0.020091
-0.019796
-0.020238
-0.019533
-0.021581
-0.021286
-0.021728
-0.015921
-0.017748
-0.017600
-0.017895
-0.017264
-0.019164
-0.019016
-0.019311
-0.014021
-0.015700
-0.015700
-0.015848
-0.015289
-0.017042
-0.017042
-0.017190
-0.012415
-0.013947
-0.014095
-0.014095
-0.013610
-0.015216
-0.015363
-0.015363
-0.011105
-0.012489
-0.012784
-0.012637
-0.012226
-0.013684
-0.013979
-0.013832
-0.010089
-0.011326
-0.011769
-0.011474
-0.011137
-0.012447
-0.012890
-0.012595
-0.009369
-0.010458
-0.011048
-0.010606
-0.010343
-0.011506
-0.012095
-0.011653
-0.008943
-0.009885
-0.010622
-0.010033
-0.009843
-0.010859
-0.011596
-0.011006
-0.008813
-0.009607
-0.010492
-0.009754
-0.009639
-0.010507
-0.011392
-0.010654
-0.008977
-0.009624
-0.010656
-0.009771
-0.009729
-0.010450
-0.011482
-0.010597
-0.009436
-0.009935
-0.011115
-0.010083
-0.010115
-0.010688
-0.011868
-0.010835
-0.010190
-0.010542
-0.011869
-0.010690
-0.010795
-0.011221
-0.012548
-0.011368
-0.011239
-0.011444
-0.012919
-0.011591
-0.011771
-0.012049
-0.013524
-0.012196
-0.012584
-0.012640
-0.014263
-0.012788
-0.013041
-0.013172
-0.014794
-0.013319
-0.014223
-0.014132
-0.015902
-0.014280
-0.014606
-0.014590
-0.016359
-0.014737
-0.016157
-0.015919
-0.017836
-0.016066
-0.016467
-0.016302
-0.018219
-0.016450
-0.018386
-0.018000
-0.020065
-0.018147
-0.018622
-0.018310
-0.020375
-0.018457
-0.020909
-0.020376
-0.022589
-0.020524
-0.021072
-0.020613
-0.022825
-0.020760
-0.023728
-0.023048
-0.025407
-0.023195
-0.023817
-0.023210
-0.025570
-0.023358
-0.019296
-0.021271
-0.020828
-0.021565
-0.020712
-0.022760
-0.022318
-0.023055
-0.016806
-0.018633
-0.018338
-0.018928
-0.018148
-0.020049
-0.019754
-0.020344
-0.014611
-0.016290
-0.016142
-0.016585
-0.015879
-0.017632
-0.017485
-0.017927
-0.012710
-0.014242
-0.014242
-0.014537
-0.013905
-0.015511
-0.015511
-0.015806
-0.011105
-0.012489
-0.012637
-0.012784
-0.012226
-0.013684
-0.013832
-0.013979
-0.009794
-0.011031
-0.011326
-0.011326
-0.010842
-0.012152
-0.012447
-0.012447
-0.008779
-0.009868
-0.010311
-0.010163
-0.009753
-0.010916
-0.011358
-0.011211
-0.008058
-0.009000
-0.009590
-0.009295
-0.008958
-0.009974
-0.010564
-0.010269
-0.007633
-0.008427
-0.009164
-0.008722
-0.008459
-0.009327
-0.010064
-0.009622
-0.007502
-0.008149
-0.009034
-0.008444
-0.008255
-0.008975
-0.009860
-0.009270
-0.007666
-0.008166
-0.009198
-0.008461
-0.008345
-0.008918
-0.009951
-0.009213
-0.008126
-0.008478
-0.009657
-0.008772
-0.008731
-0.009156
-0.010336
-0.009451
-0.008880
-0.009084
-0.010412
-0.009379
-0.009411
-0.009689
-0.011016
-0.009984
-0.009929
-0.009986
-0.011461
-0.010281
-0.010386
-0.010517
-0.011992
-0.010812
-0.011273
-0.011183
-0.012805
-0.011477
-0.011657
-0.011640
-0.013262
-0.011935
-0.012912
-0.012674
-0.014444
-0.012969
-0.013222
-0.013058
-0.014828
-0.013353
-0.014846
-0.014461
-0.016378
-0.014756
-0.015082
-0.014771
-0.016688
-0.015066
-0.017075
-0.016542
-0.018607
-0.016837
-0.017238
-0.016778
-0.018843
-0.017073
-0.019599
-0.018918
-0.021131
-0.019213
-0.019688
-0.019081
-0.021293
-0.019376
-0.022418
-0.021590
-0.023949
-0.021885
-0.022433
-0.021679
-0.024038
-0.021974
-0.018281
-0.020108
-0.019665
-0.020550
-0.019623
-0.021524
-0.021081
-0.021966
-0.015791
-0.017470
-0.017175
-0.017912
-0.017059
-0.018812
-0.018517
-0.019255
-0.013595
-0.015127
-0.014979
-0.015569
-0.014790
-0.016396
-0.016248
-0.016838
-0.011695
-0.013079
-0.013079
-0.013522
-0.012816
-0.014274
-0.014274
-0.014716
-0.010089
-0.011326
-0.011474
-0.011769
-0.011137
-0.012447
-0.012595
-0.012890
-0.008779
-0.009868
-0.010163
-0.010311
-0.009753
-0.010916
-0.011211
-0.011358
-0.007763
-0.008705
-0.009148
-0.009148
-0.008663
-0.009679
-0.010121
-0.010121
-0.007043
-0.007837
-0.008427
-0.008280
-0.007869
-0.008737
-0.009327
-0.009180
-0.006617
-0.007264
-0.008001
-0.007707
-0.007370
-0.008090
-0.008828
-0.008533
-0.006487
-0.006986
-0.007871
-0.007428
-0.007165
-0.007738
-0.008623
-0.008181
-0.006651
-0.007003
-0.008035
-0.007445
-0.007256
-0.007681
-0.008714
-0.008124
-0.007110
-0.007315
-0.008494
-0.007757
-0.007641
-0.007919
-0.009099
-0.008362
-0.007864
-0.007921
-0.009249
-0.008364
-0.008322
-0.008452
-0.009780
-0.008895
-0.008913
-0.008823
-0.010298
-0.009265
-0.009297
-0.009280
-0.010755
-0.009723
-0.010258
-0.010020
-0.011642
-0.010462
-0.010568
-0.010403
-0.012025
-0.010846
-0.011897
-0.011511
-0.013281
-0.011954
-0.012133
-0.011821
-0.013591
-0.012264
-0.013831
-0.013298
-0.015215
-0.013740
-0.013993
-0.013534
-0.015451
-0.013976
-0.016060
-0.015379
-0.017444
-0.015821
-0.016148
-0.015542
-0.017606
-0.015984
-0.018583
-0.017755
-0.019968
-0.018198
-0.018598
-0.017844
-0.020056
-0.018287
-0.021402
-0.020427
-0.022786
-0.020869
-0.021344
-0.020442
-0.022802
-0.020884
-0.017560
-0.019239
-0.018797
-0.019829
-0.018829
-0.020582
-0.020139
-0.021172
-0.015070
-0.016602
-0.016307
-0.017192
-0.016265
-0.017870
-0.017575
-0.018460
-0.012875
-0.014259
-0.014111
-0.014849
-0.013996
-0.015454
-0.015306
-0.016044
-0.010974
-0.012211
-0.012211
-0.012801
-0.012022
-0.013332
-0.013332
-0.013922
-0.009369
-0.010458
-0.010606
-0.011048
-0.010343
-0.011506
-0.011653
-0.012095
-0.008058
-0.009000
-0.009295
-0.009590
-0.008958
-0.009974
-0.010269
-0.010564
-0.007043
-0.007837
-0.008280
-0.008427
-0.007869
-0.008737
-0.009180
-0.009327
-0.006322
-0.006969
-0.007559
-0.007559
-0.007075
-0.007795
-0.008385
-0.008385
-0.005897
-0.006396
-0.007133
-0.006986
-0.006575
-0.007148
-0.007886
-0.007738
-0.005766
-0.006118
-0.007003
-0.006708
-0.006371
-0.006797
-0.007681
-0.007386
-0.005930
-0.006135
-0.007167
-0.006725
-0.006462
-0.006740
-0.007772
-0.007330
-0.006390
-0.006446
-0.007626
-0.007036
-0.006847
-0.006978
-0.008157
-0.007568
-0.007144
-0.007053
-0.008380
-0.007643
-0.007527
-0.007511
-0.008838
-0.008101
-0.008193
-0.007955
-0.009430
-0.008545
-0.008503
-0.008339
-0.009813
-0.008928
-0.009537
-0.009151
-0.010774
-0.009741
-0.009773
-0.009461
-0.011084
-0.010051
-0.011176
-0.010643
-0.012413
-0.011233
-0.011339
-0.010879
-0.012649
-0.011469
-0.013110
-0.012430
-0.014347
-0.013019
-0.013199
-0.012592
-0.014509
-0.013182
-0.015339
-0.014511
-0.016576
-0.015101
-0.015354
-0.014600
-0.016664
-0.015190
-0.017863
-0.016887
-0.019100
-0.017477
-0.017804
-0.016902
-0.019115
-0.017492
-0.020682
-0.019559
-0.021918
-0.020149
-0.020549
-0.019500
-0.021860
-0.020090
-0.017135
-0.018666
-0.018224
-0.019404
-0.018330
-0.019935
-0.019493
-0.020672
-0.014644
-0.016029
-0.015734
-0.016766
-0.015766
-0.017223
-0.016929
-0.017961
-0.012449
-0.013686
-0.013538
-0.014423
-0.013496
-0.014807
-0.014659
-0.015544
-0.010549
-0.011638
-0.011638
-0.012375
-0.011522
-0.012685
-0.012685
-0.013423
-0.008943
-0.009885
-0.010033
-0.010622
-0.009843
-0.010859
-0.011006
-0.011596
-0.007633
-0.008427
-0.008722
-0.009164
-0.008459
-0.009327
-0.009622
-0.010064
-0.006617
-0.007264
-0.007707
-0.008001
-0.007370
-0.008090
-0.008533
-0.008828
-0.005897
-0.006396
-0.006986
-0.007133
-0.006575
-0.007148
-0.007738
-0.007886
-0.005471
-0.005823
-0.006560
-0.006560
-0.006076
-0.006502
-0.007239
-0.007239
-0.005340
-0.005545
-0.006430
-0.006282
-0.005872
-0.006150
-0.007035
-0.006887
-0.005505
-0.005562
-0.006594
-0.006299
-0.005962
-0.006093
-0.007125
-0.006830
-0.005964
-0.005873
-0.007053
-0.006611
-0.006348
-0.006331
-0.007511
-0.007068
-0.006718
-0.006480
-0.007807
-0.007217
-0.007028
-0.006864
-0.008191
-0.007601
-0.007767
-0.007382
-0.008857
-0.008119
-0.008004
-0.007692
-0.009167
-0.008429
-0.009111
-0.008578
-0.010201
-0.009316
-0.009274
-0.008815
-0.010437
-0.009552
-0.010750
-0.010070
-0.011840
-0.010807
-0.010839
-0.010232
-0.012002
-0.010970
-0.012684
-0.011856
-0.013774
-0.012594
-0.012699
-0.011945
-0.013862
-0.012683
-0.014913
-0.013938
-0.016003
-0.014675
-0.014855
-0.013953
-0.016018
-0.014690
-0.017437
-0.016314
-0.018526
-0.017052
-0.017305
-0.016256
-0.018468
-0.016993
-0.020256
-0.018986
-0.021345
-0.019723
-0.020050
-0.018853
-0.021213
-0.019591
-0.017004
-0.018388
-0.017946
-0.019273
-0.018125
-0.019583
-0.019141
-0.020468
-0.014514
-0.015750
-0.015456
-0.016635
-0.015561
-0.016872
-0.016577
-0.017756
-0.012318
-0.013408
-0.013260
-0.014293
-0.013292
-0.014455
-0.014308
-0.015340
-0.010418
-0.011360
-0.011360
-0.012245
-0.011318
-0.012333
-0.012333
-0.013218
-0.008813
-0.009607
-0.009754
-0.010492
-0.009639
-0.010507
-0.010654
-0.011392
-0.007502
-0.008149
-0.008444
-0.009034
-0.008255
-0.008975
-0.009270
-0.009860
-0.006487
-0.006986
-0.007428
-0.007871
-0.007165
-0.007738
-0.008181
-0.008623
-0.005766
-0.006118
-0.006708
-0.007003
-0.006371
-0.006797
-0.007386
-0.007681
-0.005340
-0.005545
-0.006282
-0.006430
-0.005872
-0.006150
-0.006887
-0.007035
-0.005210
-0.005267
-0.006152
-0.006152
-0.005667
-0.005798
-0.006683
-0.006683
-0.005374
-0.005283
-0.006316
-0.006168
-0.005758
-0.005741
-0.006773
-0.006626
-0.005833
-0.005595
-0.006775
-0.006480
-0.006143
-0.005979
-0.007159
-0.006864
-0.006587
-0.006202
-0.007529
-0.007087
-0.006824
-0.006512
-0.007839
-0.007397
-0.007637
-0.007104
-0.008578
-0.007988
-0.007799
-0.007340
-0.008815
-0.008225
-0.008981
-0.008300
-0.009922
-0.009185
-0.009069
-0.008463
-0.010085
-0.009348
-0.010620
-0.009792
-0.011562
-0.010677
-0.010635
-0.009881
-0.011650
-0.010765
-0.012554
-0.011578
-0.013495
-0.012463
-0.012495
-0.011593
-0.013511
-0.012478
-0.014783
-0.013660
-0.015724
-0.014545
-0.014650
-0.013601
-0.015666
-0.014486
-0.017307
-0.016036
-0.018248
-0.016921
-0.017100
-0.015904
-0.018116
-0.016789
-0.020125
-0.018708
-0.021067
-0.019592
-0.019846
-0.018501
-0.020861
-0.019386
-0.017168
-0.018405
-0.017963
-0.019437
-0.018216
-0.019526
-0.019084
-0.020558
-0.014678
-0.015767
-0.015472
-0.016800
-0.015652
-0.016815
-0.016520
-0.017847
-0.012483
-0.013424
-0.013277
-0.014457
-0.013383
-0.014398
-0.014251
-0.015430
-0.010582
-0.011377
-0.011377
-0.012409
-0.011408
-0.012277
-0.012277
-0.013309
-0.008977
-0.009624
-0.009771
-0.010656
-0.009729
-0.010450
-0.010597
-0.011482
-0.007666
-0.008166
-0.008461
-0.009198
-0.008345
-0.008918
-0.009213
-0.009951
-0.006651
-0.007003
-0.007445
-0.008035
-0.007256
-0.007681
-0.008124
-0.008714
-0.005930
-0.006135
-0.006725
-0.007167
-0.006462
-0.006740
-0.007330
-0.007772
-0.005505
-0.005562
-0.006299
-0.006594
-0.005962
-0.006093
-0.006830
-0.007125
-0.005374
-0.005283
-0.006168
-0.006316
-0.005758
-0.005741
-0.006626
-0.006773
-0.005538
-0.005300
-0.006333
-0.006333
-0.005848
-0.005684
-0.006716
-0.006716
-0.005998
-0.005612
-0.006792
-0.006644
-0.006234
-0.005922
-0.007102
-0.006954
-0.006752
-0.006219
-0.007546
-0.007251
-0.006914
-0.006455
-0.007782
-0.007487
-0.007801
-0.007120
-0.008595
-0.008153
-0.007890
-0.007283
-0.008758
-0.008315
-0.009145
-0.008317
-0.009939
-0.009349
-0.009160
-0.008406
-0.010028
-0.009438
-0.010784
-0.009809
-0.011578
-0.010841
-0.010725
-0.009824
-0.011593
-0.010856
-0.012718
-0.011595
-0.013512
-0.012627
-0.012586
-0.011536
-0.013454
-0.012569
-0.014947
-0.013677
-0.015741
-0.014709
-0.014741
-0.013544
-0.015609
-0.014576
-0.017471
-0.016053
-0.018265
-0.017085
-0.017191
-0.015847
-0.018059
-0.016879
-0.020290
-0.018724
-0.021084
-0.019757
-0.019936
-0.018444
-0.020804
-0.019477
-0.017628
-0.018717
-0.018274
-0.019897
-0.018601
-0.019764
-0.019322
-0.020944
-0.015137
-0.016079
-0.015784
-0.017259
-0.016037
-0.017053
-0.016758
-0.018232
-0.012942
-0.013736
-0.013589
-0.014916
-0.013768
-0.014636
-0.014489
-0.015816
-0.011042
-0.011688
-0.011688
-0.012868
-0.011794
-0.012515
-0.012515
-0.013694
-0.009436
-0.009935
-0.010083
-0.011115
-0.010115
-0.010688
-0.010835
-0.011868
-0.008126
-0.008478
-0.008772
-0.009657
-0.008731
-0.009156
-0.009451
-0.010336
-0.007110
-0.007315
-0.007757
-0.008494
-0.007641
-0.007919
-0.008362
-0.009099
-0.006390
-0.006446
-0.007036
-0.007626
-0.006847
-0.006978
-0.007568
-0.008157
-0.005964
-0.005873
-0.006611
-0.007053
-0.006348
-0.006331
-0.007068
-0.007511
-0.005833
-0.005595
-0.006480
-0.006775
-0.006143
-0.005979
-0.006864
-0.007159
-0.005998
-0.005612
-0.006644
-0.006792
-0.006234
-0.005922
-0.006954
-0.007102
-0.006457
-0.005924
-0.007104
-0.007104
-0.006619
-0.006160
-0.007340
-0.007340
-0.007211
-0.006531
-0.007858
-0.007710
-0.007300
-0.006693
-0.008020
-0.007873
-0.008260
-0.007432
-0.008907
-0.008612
-0.008275
-0.007521
-0.008996
-0.008701
-0.009604
-0.008629
-0.010251
-0.009809
-0.009545
-0.008644
-0.010266
-0.009824
-0.011243
-0.010120
-0.011890
-0.011300
-0.011111
-0.010062
-0.011831
-0.011241
-0.013177
-0.011907
-0.013824
-0.013087
-0.012971
-0.011774
-0.013692
-0.012954
-0.015406
-0.013988
-0.016053
-0.015168
-0.015126
-0.013782
-0.015847
-0.014962
-0.017930
-0.016365
-0.018577
-0.017545
-0.017576
-0.016085
-0.018297
-0.017265
-0.020749
-0.019036
-0.021396
-0.020216
-0.020322
-0.018683
-0.021042
-0.019862
-0.018382
-0.019324
-0.018881
-0.020651
-0.019282
-0.020297
-0.019855
-0.021624
-0.015891
-0.016686
-0.016391
-0.018013
-0.016718
-0.017586
-0.017291
-0.018913
-0.013696
-0.014343
-0.014195
-0.015670
-0.014449
-0.015169
-0.015022
-0.016496
-0.011796
-0.012295
-0.012295
-0.013622
-0.012474
-0.013048
-0.013048
-0.014375
-0.010190
-0.010542
-0.010690
-0.011869
-0.010795
-0.011221
-0.011368
-0.012548
-0.008880
-0.009084
-0.009379
-0.010412
-0.009411
-0.009689
-0.009984
-0.011016
-0.007864
-0.007921
-0.008364
-0.009249
-0.008322
-0.008452
-0.008895
-0.009780
-0.007144
-0.007053
-0.007643
-0.008380
-0.007527
-0.007511
-0.008101
-0.008838
-0.006718
-0.006480
-0.007217
-0.007807
-0.007028
-0.006864
-0.007601
-0.008191
-0.006587
-0.006202
-0.007087
-0.007529
-0.006824
-0.006512
-0.007397
-0.007839
-0.006752
-0.006219
-0.007251
-0.007546
-0.006914
-0.006455
-0.007487
-0.007782
-0.007211
-0.006531
-0.007710
-0.007858
-0.007300
-0.006693
-0.007873
-0.008020
-0.007965
-0.007137
-0.008465
-0.008465
-0.007980
-0.007226
-0.008553
-0.008553
-0.009014
-0.008039
-0.009514
-0.009366
-0.008956
-0.008054
-0.009529
-0.009381
-0.010358
-0.009236
-0.010858
-0.010563
-0.010226
-0.009177
-0.010799
-0.010504
-0.011997
-0.010727
-0.012497
-0.012054
-0.011791
-0.010595
-0.012364
-0.011922
-0.013931
-0.012514
-0.014431
-0.013841
-0.013652
-0.012307
-0.014225
-0.013635
-0.016160
-0.014595
-0.016660
-0.015922
-0.015807
-0.014315
-0.016380
-0.015642
-0.018684
-0.016971
-0.019184
-0.018299
-0.018257
-0.016618
-0.018830
-0.017945
-0.021503
-0.019643
-0.022002
-0.020970
-0.021002
-0.019215
-0.021575
-0.020543
-0.019431
-0.020225
-0.019783
-0.021700
-0.020257
-0.021125
-0.020683
-0.022600
-0.016941
-0.017587
-0.017292
-0.019062
-0.017693
-0.018414
-0.018119
-0.019888
-0.014745
-0.015245
-0.015097
-0.016719
-0.015424
-0.015997
-0.015850
-0.017472
-0.012845
-0.013197
-0.013197
-0.014672
-0.013450
-0.013875
-0.013875
-0.015350
-0.011239
-0.011444
-0.011591
-0.012919
-0.011771
-0.012049
-0.012196
-0.013524
-0.009929
-0.009986
-0.010281
-0.011461
-0.010386
-0.010517
-0.010812
-0.011992
-0.008913
-0.008823
-0.009265
-0.010298
-0.009297
-0.009280
-0.009723
-0.010755
-0.008193
-0.007955
-0.008545
-0.009430
-0.008503
-0.008339
-0.008928
-0.009813
-0.007767
-0.007382
-0.008119
-0.008857
-0.008004
-0.007692
-0.008429
-0.009167
-0.007637
-0.007104
-0.007988
-0.008578
-0.007799
-0.007340
-0.008225
-0.008815
-0.007801
-0.007120
-0.008153
-0.008595
-0.007890
-0.007283
-0.008315
-0.008758
-0.008260
-0.007432
-0.008612
-0.008907
-0.008275
-0.007521
-0.008701
-0.008996
-0.009014
-0.008039
-0.009366
-0.009514
-0.008956
-0.008054
-0.009381
-0.009529
-0.010063
-0.008941
-0.010415
-0.010415
-0.009931
-0.008882
-0.010357
-0.010357
-0.011408
-0.010137
-0.011759
-0.011612
-0.011201
-0.010005
-0.011627
-0.011479
-0.013047
-0.011629
-0.013398
-0.013103
-0.012767
-0.011423
-0.013192
-0.012897
-0.014981
-0.013415
-0.015332
-0.014890
-0.014627
-0.013135
-0.015053
-0.014610
-0.017210
-0.015497
-0.017561
-0.016971
-0.016782
-0.015143
-0.017208
-0.016618
-0.019733
-0.017873
-0.020085
-0.019348
-0.019232
-0.017446
-0.019658
-0.018921
-0.022552
-0.020545
-0.022904
-0.022019
-0.021977
-0.020043
-0.022403
-0.021518
-0.020775
-0.021422
-0.020979
-0.023044
-0.021527
-0.022248
-0.021806
-0.023870
-0.018285
-0.018784
-0.018489
-0.020406
-0.018963
-0.019536
-0.019241
-0.021159
-0.016089
-0.016441
-0.016294
-0.018063
-0.016694
-0.017120
-0.016972
-0.018742
-0.014189
-0.014393
-0.014393
-0.016016
-0.014720
-0.014998
-0.014998
-0.016621
-0.012584
-0.012640
-0.012788
-0.014263
-0.013041
-0.013172
-0.013319
-0.014794
-0.011273
-0.011183
-0.011477
-0.012805
-0.011657
-0.011640
-0.011935
-0.013262
-0.010258
-0.010020
-0.010462
-0.011642
-0.010568
-0.010403
-0.010846
-0.012025
-0.009537
-0.009151
-0.009741
-0.010774
-0.009773
-0.009461
-0.010051
-0.011084
-0.009111
-0.008578
-0.009316
-0.010201
-0.009274
-0.008815
-0.009552
-0.010437
-0.008981
-0.008300
-0.009185
-0.009922
-0.009069
-0.008463
-0.009348
-0.010085
-0.009145
-0.008317
-0.009349
-0.009939
-0.009160
-0.008406
-0.009438
-0.010028
-0.009604
-0.008629
-0.009809
-0.010251
-0.009545
-0.008644
-0.009824
-0.010266
-0.010358
-0.009236
-0.010563
-0.010858
-0.010226
-0.009177
-0.010504
-0.010799
-0.011408
-0.010137
-0.011612
-0.011759
-0.011201
-0.010005
-0.011479
-0.011627
-0.012752
-0.011334
-0.012956
-0.012956
-0.012472
-0.011128
-0.012750
-0.012750
-0.014391
-0.012825
-0.014595
-0.014448
-0.014037
-0.012545
-0.014315
-0.014168
-0.016325
-0.014612
-0.016529
-0.016234
-0.015897
-0.014258
-0.016175
-0.015880
-0.018554
-0.016693
-0.018758
-0.018316
-0.018052
-0.016266
-0.018331
-0.017888
-0.021078
-0.019070
-0.021282
-0.020692
-0.020503
-0.018569
-0.020781
-0.020191
-0.023896
-0.021741
-0.024101
-0.023363
-0.023248
-0.021166
-0.023526
-0.022789
-0.022414
-0.022913
-0.022471
-0.024683
-0.023093
-0.023666
-0.023223
-0.025435
-0.019924
-0.020276
-0.019981
-0.022045
-0.020529
-0.020954
-0.020659
-0.022724
-0.017728
-0.017933
-0.017785
-0.019703
-0.018260
-0.018538
-0.018390
-0.020307
-0.015828
-0.015885
-0.015885
-0.017655
-0.016285
-0.016416
-0.016416
-0.018186
-0.014223
-0.014132
-0.014280
-0.015902
-0.014606
-0.014590
-0.014737
-0.016359
-0.012912
-0.012674
-0.012969
-0.014444
-0.013222
-0.013058
-0.013353
-0.014828
-0.011897
-0.011511
-0.011954
-0.013281
-0.012133
-0.011821
-0.012264
-0.013591
-0.011176
-0.010643
-0.011233
-0.012413
-0.011339
-0.010879
-0.011469
-0.012649
-0.010750
-0.010070
-0.010807
-0.011840
-0.010839
-0.010232
-0.010970
-0.012002
-0.010620
-0.009792
-0.010677
-0.011562
-0.010635
-0.009881
-0.010765
-0.011650
-0.010784
-0.009809
-0.010841
-0.011578
-0.010725
-0.009824
-0.010856
-0.011593
-0.011243
-0.010120
-0.011300
-0.011890
-0.011111
-0.010062
-0.011241
-0.011831
-0.011997
-0.010727
-0.012054
-0.012497
-0.011791
-0.010595
-0.011922
-0.012364
-0.013047
-0.011629
-0.013103
-0.013398
-0.012767
-0.011423
-0.012897
-0.013192
-0.014391
-0.012825
-0.014448
-0.014595
-0.014037
-0.012545
-0.014168
-0.014315
-0.016030
-0.014317
-0.016087
-0.016087
-0.015602
-0.013963
-0.015733
-0.015733
-0.017964
-0.016103
-0.018021
-0.017873
-0.017463
-0.015676
-0.017593
-0.017446
-0.020193
-0.018185
-0.020250
-0.019955
-0.019618
-0.017684
-0.019748
-0.019454
-0.022717
-0.020561
-0.022773
-0.022331
-0.022068
-0.019986
-0.022199
-0.021756
-0.025535
-0.023233
-0.025592
-0.025002
-0.024813
-0.022584
-0.024944
-0.024354
-0.024348
-0.024700
-0.024257
-0.026617
-0.024953
-0.025379
-0.024936
-0.027296
-0.021858
-0.022062
-0.021767
-0.023979
-0.022389
-0.022667
-0.022372
-0.024584
-0.019662
-0.019719
-0.019572
-0.021636
-0.020120
-0.020251
-0.020103
-0.022168
-0.017762
-0.017671
-0.017671
-0.019589
-0.018146
-0.018129
-0.018129
-0.020046
-0.016157
-0.015919
-0.016066
-0.017836
-0.016467
-0.016302
-0.016450
-0.018219
-0.014846
-0.014461
-0.014756
-0.016378
-0.015082
-0.014771
-0.015066
-0.016688
-0.013831
-0.013298
-0.013740
-0.015215
-0.013993
-0.013534
-0.013976
-0.015451
-0.013110
-0.012430
-0.013019
-0.014347
-0.013199
-0.012592
-0.013182
-0.014509
-0.012684
-0.011856
-0.012594
-0.013774
-0.012699
-0.011945
-0.012683
-0.013862
-0.012554
-0.011578
-0.012463
-0.013495
-0.012495
-0.011593
-0.012478
-0.013511
-0.012718
-0.011595
-0.012627
-0.013512
-0.012586
-0.011536
-0.012569
-0.013454
-0.013177
-0.011907
-0.013087
-0.013824
-0.012971
-0.011774
-0.012954
-0.013692
-0.013931
-0.012514
-0.013841
-0.014431
-0.013652
-0.012307
-0.013635
-0.014225
-0.014981
-0.013415
-0.014890
-0.015332
-0.014627
-0.013135
-0.014610
-0.015053
-0.016325
-0.014612
-0.016234
-0.016529
-0.015897
-0.014258
-0.015880
-0.016175
-0.017964
-0.016103
-0.017873
-0.018021
-0.017463
-0.015676
-0.017446
-0.017593
-0.019898
-0.017890
-0.019807
-0.019807
-0.019323
-0.017389
-0.019306
-0.019306
-0.022127
-0.019971
-0.022036
-0.021889
-0.021478
-0.019397
-0.021461
-0.021314
-0.024651
-0.022348
-0.024560
-0.024265
-0.023928
-0.021699
-0.023911
-0.023616
-0.027469
-0.025019
-0.027379
-0.026936
-0.026673
-0.024297
-0.026657
-0.026214
-0.026577
-0.026781
-0.026339
-0.028846
-0.027108
-0.027386
-0.026944
-0.029451
-0.024087
-0.024144
-0.023849
-0.026208
-0.024544
-0.024675
-0.024380
-0.026739
-0.021891
-0.021801
-0.021653
-0.023865
-0.022275
-0.022258
-0.022111
-0.024323
-0.019991
-0.019753
-0.019753
-0.021818
-0.020301
-0.020137
-0.020137
-0.022201
-0.018386
-0.018000
-0.018147
-0.020065
-0.018622
-0.018310
-0.018457
-0.020375
-0.017075
-0.016542
-0.016837
-0.018607
-0.017238
-0.016778
-0.017073
-0.018843
-0.016060
-0.015379
-0.015821
-0.017444
-0.016148
-0.015542
-0.015984
-0.017606
-0.015339
-0.014511
-0.015101
-0.016576
-0.015354
-0.014600
-0.015190
-0.016664
-0.014913
-0.013938
-0.014675
-0.016003
-0.014855
-0.013953
-0.014690
-0.016018
-0.014783
-0.013660
-0.014545
-0.015724
-0.014650
-0.013601
-0.014486
-0.015666
-0.014947
-0.013677
-0.014709
-0.015741
-0.014741
-0.013544
-0.014576
-0.015609
-0.015406
-0.013988
-0.015168
-0.016053
-0.015126
-0.013782
-0.014962
-0.015847
-0.016160
-0.014595
-0.015922
-0.016660
-0.015807
-0.014315
-0.015642
-0.016380
-0.017210
-0.015497
-0.016971
-0.017561
-0.016782
-0.015143
-0.016618
-0.017208
-0.018554
-0.016693
-0.018316
-0.018758
-0.018052
-0.016266
-0.017888
-0.018331
-0.020193
-0.018185
-0.019955
-0.020250
-0.019618
-0.017684
-0.019454
-0.019748
-0.022127
-0.019971
-0.021889
-0.022036
-0.021478
-0.019397
-0.021314
-0.021461
-0.024356
-0.022053
-0.024118
-0.024118
-0.023633
-0.021404
-0.023469
-0.023469
-0.026880
-0.024429
-0.026641
-0.026494
-0.026083
-0.023707
-0.025919
-0.025772
-0.029698
-0.027101
-0.029460
-0.029165
-0.028829
-0.026305
-0.028664
-0.028369
-0.029101
-0.029158
-0.028715
-0.031370
-0.029558
-0.029689
-0.029247
-0.031901
-0.026611
-0.026520
-0.026225
-0.028732
-0.026994
-0.026977
-0.026683
-0.029190
-0.024415
-0.024177
-0.024030
-0.026389
-0.024725
-0.024561
-0.024413
-0.026773
-0.022515
-0.022129
-0.022129
-0.024341
-0.022751
-0.022439
-0.022439
-0.024651
-0.020909
-0.020376
-0.020524
-0.022589
-0.021072
-0.020613
-0.020760
-0.022825
-0.019599
-0.018918
-0.019213
-0.021131
-0.019688
-0.019081
-0.019376
-0.021293
-0.018583
-0.017755
-0.018198
-0.019968
-0.018598
-0.017844
-0.018287
-0.020056
-0.017863
-0.016887
-0.017477
-0.019100
-0.017804
-0.016902
-0.017492
-0.019115
-0.017437
-0.016314
-0.017052
-0.018526
-0.017305
-0.016256
-0.016993
-0.018468
-0.017307
-0.016036
-0.016921
-0.018248
-0.017100
-0.015904
-0.016789
-0.018116
-0.017471
-0.016053
-0.017085
-0.018265
-0.017191
-0.015847
-0.016879
-0.018059
-0.017930
-0.016365
-0.017545
-0.018577
-0.017576
-0.016085
-0.017265
-0.018297
-0.018684
-0.016971
-0.018299
-0.019184
-0.018257
-0.016618
-0.017945
-0.018830
-0.019733
-0.017873
-0.019348
-0.020085
-0.019232
-0.017446
-0.018921
-0.019658
-0.021078
-0.019070
-0.020692
-0.021282
-0.020503
-0.018569
-0.020191
-0.020781
-0.022717
-0.020561
-0.022331
-0.022773
-0.022068
-0.019986
-0.021756
-0.022199
-0.024651
-0.022348
-0.024265
-0.024560
-0.023928
-0.021699
-0.023616
-0.023911
-0.026880
-0.024429
-0.026494
-0.026641
-0.026083
-0.023707
-0.025772
-0.025919
-0.029403
-0.026806
-0.029018
-0.029018
-0.028534
-0.026010
-0.028222
-0.028222
-0.032222
-0.029477
-0.031837
-0.031689
-0.031279
-0.028607
-0.030967
-0.030819
-0.031920
-0.031829
-0.031387
-0.034189
-0.032303
-0.032287
-0.031844
-0.034646
-0.029429
-0.029191
-0.028896
-0.031551
-0.029739
-0.029575
-0.029280
-0.031935
-0.027234
-0.026849
-0.026701
-0.029208
-0.027470
-0.027159
-0.027011
-0.029518
-0.025334
-0.024801
-0.024801
-0.027160
-0.025496
-0.025037
-0.025037
-0.027397
-0.023728
-0.023048
-0.023195
-0.025407
-0.023817
-0.023210
-0.023358
-0.025570
-0.022418
-0.021590
-0.021885
-0.023949
-0.022433
-0.021679
-0.021974
-0.024038
-0.021402
-0.020427
-0.020869
-0.022786
-0.021344
-0.020442
-0.020884
-0.022802
-0.020682
-0.019559
-0.020149
-0.021918
-0.020549
-0.019500
-0.020090
-0.021860
-0.020256
-0.018986
-0.019723
-0.021345
-0.020050
-0.018853
-0.019591
-0.021213
-0.020125
-0.018708
-0.019592
-0.021067
-0.019846
-0.018501
-0.019386
-0.020861
-0.020290
-0.018724
-0.019757
-0.021084
-0.019936
-0.018444
-0.019477
-0.020804
-0.020749
-0.019036
-0.020216
-0.021396
-0.020322
-0.018683
-0.019862
-0.021042
-0.021503
-0.019643
-0.020970
-0.022002
-0.021002
-0.019215
-0.020543
-0.021575
-0.022552
-0.020545
-0.022019
-0.022904
-0.021977
-0.020043
-0.021518
-0.022403
-0.023896
-0.021741
-0.023363
-0.024101
-0.023248
-0.021166
-0.022789
-0.023526
-0.025535
-0.023233
-0.025002
-0.025592
-0.024813
-0.022584
-0.024354
-0.024944
-0.027469
-0.025019
-0.026936
-0.027379
-0.026673
-0.024297
-0.026214
-0.026657
-0.029698
-0.027101
-0.029165
-0.029460
-0.028829
-0.026305
-0.028369
-0.028664
-0.032222
-0.029477
-0.031689
-0.031837
-0.031279
-0.028607
-0.030819
-0.030967
-0.035041
-0.032149
-0.034508
-0.034508
-0.034024
-0.031205
-0.033565
-0.033565
-0.027193
-0.029904
-0.029314
-0.029314
-0.028904
-0.031689
-0.031099
-0.031099
-0.024703
-0.027267
-0.026824
-0.026677
-0.026340
-0.028978
-0.028535
-0.028388
-0.022507
-0.024924
-0.024629
-0.024334
-0.024071
-0.026561
-0.026266
-0.025971
-0.020607
-0.022876
-0.022728
-0.022286
-0.022097
-0.024439
-0.024292
-0.023850
-0.019001
-0.021123
-0.021123
-0.020533
-0.020418
-0.022613
-0.022613
-0.022023
-0.017691
-0.019665
-0.019813
-0.019075
-0.019033
-0.021081
-0.021229
-0.020491
-0.016675
-0.018502
-0.018797
-0.017912
-0.017944
-0.019844
-0.020139
-0.019255
-0.015955
-0.017634
-0.018076
-0.017044
-0.017150
-0.018903
-0.019345
-0.018313
-0.015529
-0.017061
-0.017651
-0.016471
-0.016650
-0.018256
-0.018846
-0.017666
-0.015399
-0.016783
-0.017520
-0.016193
-0.016446
-0.017904
-0.018641
-0.017314
-0.015563
-0.016800
-0.017684
-0.016210
-0.016537
-0.017847
-0.018732
-0.017257
-0.016022
-0.017111
-0.018144
-0.016521
-0.016922
-0.018085
-0.019117
-0.017495
-0.016776
-0.017718
-0.018898
-0.017128
-0.017602
-0.018618
-0.019798
-0.018028
-0.017825
-0.018620
-0.019947
-0.018030
-0.018578
-0.019446
-0.020773
-0.018856
-0.019170
-0.019816
-0.021291
-0.019226
-0.019848
-0.020569
-0.022044
-0.019979
-0.020809
-0.021308
-0.022930
-0.020718
-0.021414
-0.021987
-0.023609
-0.021397
-0.022743
-0.023094
-0.024864
-0.022505
-0.023274
-0.023699
-0.025469
-0.023109
-0.024972
-0.025176
-0.027093
-0.024586
-0.025429
-0.025707
-0.027624
-0.025117
-0.027495
-0.027552
-0.029617
-0.026962
-0.027879
-0.028010
-0.030074
-0.027420
-0.030314
-0.030224
-0.032436
-0.029634
-0.030624
-0.030607
-0.032820
-0.030018
-0.024703
-0.027267
-0.026677
-0.026824
-0.026340
-0.028978
-0.028388
-0.028535
-0.022212
-0.024629
-0.024186
-0.024186
-0.023776
-0.026266
-0.025824
-0.025824
-0.020017
-0.022286
-0.021991
-0.021844
-0.021507
-0.023850
-0.023555
-0.023407
-0.018117
-0.020238
-0.020091
-0.019796
-0.019533
-0.021728
-0.021581
-0.021286
-0.016511
-0.018485
-0.018485
-0.018043
-0.017853
-0.019901
-0.019901
-0.019459
-0.015201
-0.017027
-0.017175
-0.016585
-0.016469
-0.018370
-0.018517
-0.017927
-0.014185
-0.015864
-0.016159
-0.015422
-0.015380
-0.017133
-0.017428
-0.016690
-0.013465
-0.014996
-0.015439
-0.014554
-0.014586
-0.016191
-0.016634
-0.015749
-0.013039
-0.014423
-0.015013
-0.013981
-0.014086
-0.015544
-0.016134
-0.015102
-0.012908
-0.014145
-0.014882
-0.013703
-0.013882
-0.015192
-0.015930
-0.014750
-0.013073
-0.014162
-0.015047
-0.013719
-0.013972
-0.015135
-0.016020
-0.014693
-0.013532
-0.014474
-0.015506
-0.014031
-0.014358
-0.015374
-0.016406
-0.014931
-0.014286
-0.015080
-0.016260
-0.014638
-0.015038
-0.015906
-0.017086
-0.015464
-0.015335
-0.015982
-0.017309
-0.015540
-0.016014
-0.016734
-0.018062
-0.016292
-0.016679
-0.017179
-0.018653
-0.016736
-0.017284
-0.017857
-0.019332
-0.017415
-0.018318
-0.018670
-0.020292
-0.018228
-0.018849
-0.019275
-0.020897
-0.018833
-0.020252
-0.020457
-0.022226
-0.020014
-0.020710
-0.020988
-0.022758
-0.020545
-0.022481
-0.022538
-0.024455
-0.022096
-0.022865
-0.022996
-0.024913
-0.022553
-0.025005
-0.024915
-0.026979
-0.024472
-0.025315
-0.025298
-0.027363
-0.024856
-0.027824
-0.027586
-0.029798
-0.027144
-0.028060
-0.027896
-0.030108
-0.027454
-0.022507
-0.024924
-0.024334
-0.024629
-0.024071
-0.026561
-0.025971
-0.026266
-0.020017
-0.022286
-0.021844
-0.021991
-0.021507
-0.023850
-0.023407
-0.023555
-0.017822
-0.019943
-0.019648
-0.019648
-0.019238
-0.021433
-0.021138
-0.021138
-0.015921
-0.017895
-0.017748
-0.017600
-0.017264
-0.019311
-0.019164
-0.019016
-0.014316
-0.016142
-0.016142
-0.015848
-0.015584
-0.017485
-0.017485
-0.017190
-0.013005
-0.014685
-0.014832
-0.014390
-0.014200
-0.015953
-0.016101
-0.015658
-0.011990
-0.013522
-0.013816
-0.013227
-0.013111
-0.014716
-0.015011
-0.014421
-0.011269
-0.012653
-0.013096
-0.012359
-0.012317
-0.013775
-0.014217
-0.013480
-0.010844
-0.012080
-0.012670
-0.011785
-0.011817
-0.013128
-0.013718
-0.012833
-0.010713
-0.011802
-0.012540
-0.011507
-0.011613
-0.012776
-0.013513
-0.012481
-0.010877
-0.011819
-0.012704
-0.011524
-0.011703
-0.012719
-0.013604
-0.012424
-0.011336
-0.012131
-0.013163
-0.011836
-0.012089
-0.012957
-0.013989
-0.012662
-0.012091
-0.012738
-0.013917
-0.012443
-0.012769
-0.013490
-0.014670
-0.013195
-0.013140
-0.013639
-0.014966
-0.013344
-0.013745
-0.014318
-0.015645
-0.014023
-0.014484
-0.014836
-0.016311
-0.014541
-0.015015
-0.015441
-0.016916
-0.015146
-0.016123
-0.016327
-0.017950
-0.016032
-0.016580
-0.016859
-0.018481
-0.016564
-0.018057
-0.018114
-0.019884
-0.017819
-0.018441
-0.018571
-0.020341
-0.018276
-0.020286
-0.020195
-0.022113
-0.019900
-0.020596
-0.020579
-0.022496
-0.020284
-0.022810
-0.022572
-0.024636
-0.022277
-0.023046
-0.022882
-0.024946
-0.022587
-0.025629
-0.025243
-0.027455
-0.024948
-0.025791
-0.025479
-0.027692
-0.025184
-0.020607
-0.022876
-0.022286
-0.022728
-0.022097
-0.024439
-0.023850
-0.024292
-0.018117
-0.020238
-0.019796
-0.020091
-0.019533
-0.021728
-0.021286
-0.021581
-0.015921
-0.017895
-0.017600
-0.017748
-0.017264
-0.019311
-0.019016
-0.019164
-0.014021
-0.015848
-0.015700
-0.015700
-0.015289
-0.017190
-0.017042
-0.017042
-0.012415
-0.014095
-0.014095
-0.013947
-0.013610
-0.015363
-0.015363
-0.015216
-0.011105
-0.012637
-0.012784
-0.012489
-0.012226
-0.013832
-0.013979
-0.013684
-0.010089
-0.011474
-0.011769
-0.011326
-0.011137
-0.012595
-0.012890
-0.012447
-0.009369
-0.010606
-0.011048
-0.010458
-0.010343
-0.011653
-0.012095
-0.011506
-0.008943
-0.010033
-0.010622
-0.009885
-0.009843
-0.011006
-0.011596
-0.010859
-0.008813
-0.009754
-0.010492
-0.009607
-0.009639
-0.010654
-0.011392
-0.010507
-0.008977
-0.009771
-0.010656
-0.009624
-0.009729
-0.010597
-0.011482
-0.010450
-0.009436
-0.010083
-0.011115
-0.009935
-0.010115
-0.010835
-0.011868
-0.010688
-0.010190
-0.010690
-0.011869
-0.010542
-0.010795
-0.011368
-0.012548
-0.011221
-0.011239
-0.011591
-0.012919
-0.011444
-0.011771
-0.012196
-0.013524
-0.012049
-0.012584
-0.012788
-0.014263
-0.012640
-0.013041
-0.013319
-0.014794
-0.013172
-0.014223
-0.014280
-0.015902
-0.014132
-0.014606
-0.014737
-0.016359
-0.014590
-0.016157
-0.016066
-0.017836
-0.015919
-0.016467
-0.016450
-0.018219
-0.016302
-0.018386
-0.018147
-0.020065
-0.018000
-0.018622
-0.018457
-0.020375
-0.018310
-0.020909
-0.020524
-0.022589
-0.020376
-0.021072
-0.020760
-0.022825
-0.020613
-0.023728
-0.023195
-0.025407
-0.023048
-0.023817
-0.023358
-0.025570
-0.023210
-0.019001
-0.021123
-0.020533
-0.021123
-0.020418
-0.022613
-0.022023
-0.022613
-0.016511
-0.018485
-0.018043
-0.018485
-0.017853
-0.019901
-0.019459
-0.019901
-0.014316
-0.016142
-0.015848
-0.016142
-0.015584
-0.017485
-0.017190
-0.017485
-0.012415
-0.014095
-0.013947
-0.014095
-0.013610
-0.015363
-0.015216
-0.015363
-0.010810
-0.012342
-0.012342
-0.012342
-0.011931
-0.013537
-0.013537
-0.013537
-0.009500
-0.010884
-0.011031
-0.010884
-0.010547
-0.012005
-0.012152
-0.012005
-0.008484
-0.009721
-0.010016
-0.009721
-0.009458
-0.010768
-0.011063
-0.010768
-0.007763
-0.008853
-0.009295
-0.008853
-0.008663
-0.009826
-0.010269
-0.009826
-0.007338
-0.008280
-0.008870
-0.008280
-0.008164
-0.009180
-0.009769
-0.009180
-0.007207
-0.008001
-0.008739
-0.008001
-0.007960
-0.008828
-0.009565
-0.008828
-0.007371
-0.008018
-0.008903
-0.008018
-0.008050
-0.008771
-0.009656
-0.008771
-0.007831
-0.008330
-0.009362
-0.008330
-0.008436
-0.009009
-0.010041
-0.009009
-0.008585
-0.008937
-0.010117
-0.008937
-0.009116
-0.009542
-0.010722
-0.009542
-0.009634
-0.009838
-0.011166
-0.009838
-0.010091
-0.010370
-0.011697
-0.010370
-0.010978
-0.011035
-0.012510
-0.011035
-0.011362
-0.011493
-0.012967
-0.011493
-0.012617
-0.012527
-0.014149
-0.012527
-0.012927
-0.012910
-0.014533
-0.012910
-0.014551
-0.014313
-0.016083
-0.014313
-0.014787
-0.014623
-0.016393
-0.014623
-0.016780
-0.016395
-0.018312
-0.016395
-0.016943
-0.016631
-0.018548
-0.016631
-0.019304
-0.018771
-0.020836
-0.018771
-0.019393
-0.018934
-0.020998
-0.018934
-0.022123
-0.021442
-0.023655
-0.021442
-0.022138
-0.021531
-0.023743
-0.021531
-0.017691
-0.019665
-0.019075
-0.019813
-0.019033
-0.021081
-0.020491
-0.021229
-0.015201
-0.017027
-0.016585
-0.017175
-0.016469
-0.018370
-0.017927
-0.018517
-0.013005
-0.014685
-0.014390
-0.014832
-0.014200
-0.015953
-0.015658
-0.016101
-0.011105
-0.012637
-0.012489
-0.012784
-0.012226
-0.013832
-0.013684
-0.013979
-0.009500
-0.010884
-0.010884
-0.011031
-0.010547
-0.012005
-0.012005
-0.012152
-0.008189
-0.009426
-0.009573
-0.009573
-0.009163
-0.010473
-0.010621
-0.010621
-0.007174
-0.008263
-0.008558
-0.008410
-0.008073
-0.009236
-0.009531
-0.009384
-0.006453
-0.007395
-0.007837
-0.007542
-0.007279
-0.008295
-0.008737
-0.008442
-0.006027
-0.006822
-0.007412
-0.006969
-0.006780
-0.007648
-0.008238
-0.007795
-0.005897
-0.006544
-0.007281
-0.006691
-0.006575
-0.007296
-0.008033
-0.007443
-0.006061
-0.006560
-0.007445
-0.006708
-0.006666
-0.007239
-0.008124
-0.007386
-0.006520
-0.006872
-0.007904
-0.007020
-0.007051
-0.007477
-0.008509
-0.007625
-0.007274
-0.007479
-0.008659
-0.007626
-0.007732
-0.008010
-0.009190
-0.008157
-0.008324
-0.008380
-0.009708
-0.008528
-0.008707
-0.008838
-0.010165
-0.008985
-0.009668
-0.009577
-0.011052
-0.009725
-0.009978
-0.009961
-0.011436
-0.010108
-0.011307
-0.011069
-0.012691
-0.011216
-0.011543
-0.011379
-0.013001
-0.011526
-0.013241
-0.012855
-0.014625
-0.013003
-0.013403
-0.013091
-0.014861
-0.013239
-0.015470
-0.014937
-0.016854
-0.015084
-0.015558
-0.015099
-0.017016
-0.015247
-0.017994
-0.017313
-0.019378
-0.017461
-0.018009
-0.017402
-0.019467
-0.017549
-0.020812
-0.019984
-0.022197
-0.020132
-0.020754
-0.019999
-0.022212
-0.020147
-0.016675
-0.018502
-0.017912
-0.018797
-0.017944
-0.019844
-0.019255
-0.020139
-0.014185
-0.015864
-0.015422
-0.016159
-0.015380
-0.017133
-0.016690
-0.017428
-0.011990
-0.013522
-0.013227
-0.013816
-0.013111
-0.014716
-0.014421
-0.015011
-0.010089
-0.011474
-0.011326
-0.011769
-0.011137
-0.012595
-0.012447
-0.012890
-0.008484
-0.009721
-0.009721
-0.010016
-0.009458
-0.010768
-0.010768
-0.011063
-0.007174
-0.008263
-0.008410
-0.008558
-0.008073
-0.009236
-0.009384
-0.009531
-0.006158
-0.007100
-0.007395
-0.007395
-0.006984
-0.008000
-0.008295
-0.008295
-0.005437
-0.006232
-0.006674
-0.006527
-0.006190
-0.007058
-0.007500
-0.007353
-0.005012
-0.005659
-0.006249
-0.005954
-0.005691
-0.006411
-0.007001
-0.006706
-0.004881
-0.005381
-0.006118
-0.005675
-0.005486
-0.006059
-0.006797
-0.006354
-0.005045
-0.005397
-0.006282
-0.005692
-0.005577
-0.006002
-0.006887
-0.006297
-0.005505
-0.005709
-0.006741
-0.006004
-0.005962
-0.006240
-0.007273
-0.006535
-0.006259
-0.006316
-0.007496
-0.006611
-0.006643
-0.006773
-0.007953
-0.007068
-0.007308
-0.007217
-0.008545
-0.007512
-0.007618
-0.007601
-0.008928
-0.007896
-0.008652
-0.008414
-0.009889
-0.008709
-0.008888
-0.008724
-0.010199
-0.009019
-0.010291
-0.009906
-0.011528
-0.010201
-0.010454
-0.010142
-0.011764
-0.010437
-0.012225
-0.011692
-0.013462
-0.011987
-0.012314
-0.011855
-0.013624
-0.012150
-0.014454
-0.013774
-0.015691
-0.014069
-0.014469
-0.013862
-0.015780
-0.014157
-0.016978
-0.016150
-0.018215
-0.016445
-0.016919
-0.016165
-0.018230
-0.016460
-0.019797
-0.018821
-0.021034
-0.019116
-0.019664
-0.018763
-0.020975
-0.019058
-0.015955
-0.017634
-0.017044
-0.018076
-0.017150
-0.018903
-0.018313
-0.019345
-0.013465
-0.014996
-0.014554
-0.015439
-0.014586
-0.016191
-0.015749
-0.016634
-0.011269
-0.012653
-0.012359
-0.013096
-0.012317
-0.013775
-0.013480
-0.014217
-0.009369
-0.010606
-0.010458
-0.011048
-0.010343
-0.011653
-0.011506
-0.012095
-0.007763
-0.008853
-0.008853
-0.009295
-0.008663
-0.009826
-0.009826
-0.010269
-0.006453
-0.007395
-0.007542
-0.007837
-0.007279
-0.008295
-0.008442
-0.008737
-0.005437
-0.006232
-0.006527
-0.006674
-0.006190
-0.007058
-0.007353
-0.007500
-0.004717
-0.005364
-0.005806
-0.005806
-0.005396
-0.006116
-0.006559
-0.006559
-0.004291
-0.004791
-0.005381
-0.005233
-0.004896
-0.005469
-0.006059
-0.005912
-0.004161
-0.004512
-0.005250
-0.004955
-0.004692
-0.005117
-0.005855
-0.005560
-0.004325
-0.004529
-0.005414
-0.004972
-0.004782
-0.005060
-0.005945
-0.005503
-0.004784
-0.004841
-0.005873
-0.005283
-0.005168
-0.005299
-0.006331
-0.005741
-0.005538
-0.005448
-0.006628
-0.005890
-0.005848
-0.005831
-0.007011
-0.006274
-0.006587
-0.006349
-0.007677
-0.006792
-0.006824
-0.006659
-0.007987
-0.007102
-0.007932
-0.007546
-0.009021
-0.007988
-0.008094
-0.007782
-0.009257
-0.008225
-0.009571
-0.009038
-0.010660
-0.009480
-0.009659
-0.009200
-0.010822
-0.009643
-0.011505
-0.010824
-0.012594
-0.011267
-0.011520
-0.010913
-0.012683
-0.011355
-0.013734
-0.012906
-0.014823
-0.013348
-0.013675
-0.012921
-0.014838
-0.013363
-0.016257
-0.015282
-0.017347
-0.015724
-0.016125
-0.015223
-0.017288
-0.015666
-0.019076
-0.017953
-0.020166
-0.018396
-0.018870
-0.017821
-0.020033
-0.018263
-0.015529
-0.017061
-0.016471
-0.017651
-0.016650
-0.018256
-0.017666
-0.018846
-0.013039
-0.014423
-0.013981
-0.015013
-0.014086
-0.015544
-0.015102
-0.016134
-0.010844
-0.012080
-0.011785
-0.012670
-0.011817
-0.013128
-0.012833
-0.013718
-0.008943
-0.010033
-0.009885
-0.010622
-0.009843
-0.011006
-0.010859
-0.011596
-0.007338
-0.008280
-0.008280
-0.008870
-0.008164
-0.009180
-0.009180
-0.009769
-0.006027
-0.006822
-0.006969
-0.007412
-0.006780
-0.007648
-0.007795
-0.008238
-0.005012
-0.005659
-0.005954
-0.006249
-0.005691
-0.006411
-0.006706
-0.007001
-0.004291
-0.004791
-0.005233
-0.005381
-0.004896
-0.005469
-0.005912
-0.006059
-0.003866
-0.004218
-0.004807
-0.004807
-0.004397
-0.004822
-0.005412
-0.005412
-0.003735
-0.003939
-0.004677
-0.004529
-0.004192
-0.004471
-0.005208
-0.005060
-0.003899
-0.003956
-0.004841
-0.004546
-0.004283
-0.004414
-0.005299
-0.005004
-0.004358
-0.004268
-0.005300
-0.004858
-0.004668
-0.004652
-0.005684
-0.005242
-0.005113
-0.004875
-0.006054
-0.005465
-0.005349
-0.005185
-0.006364
-0.005775
-0.006162
-0.005776
-0.007104
-0.006366
-0.006324
-0.006013
-0.007340
-0.006602
-0.007506
-0.006973
-0.008448
-0.007563
-0.007595
-0.007135
-0.008610
-0.007725
-0.009145
-0.008465
-0.010087
-0.009054
-0.009160
-0.008553
-0.010176
-0.009143
-0.011079
-0.010251
-0.012021
-0.010841
-0.011020
-0.010266
-0.012036
-0.010856
-0.013308
-0.012332
-0.014250
-0.012922
-0.013175
-0.012274
-0.014191
-0.012864
-0.015832
-0.014709
-0.016774
-0.015299
-0.015626
-0.014576
-0.016641
-0.015166
-0.018651
-0.017380
-0.019592
-0.017970
-0.018371
-0.017174
-0.019386
-0.017764
-0.015399
-0.016783
-0.016193
-0.017520
-0.016446
-0.017904
-0.017314
-0.018641
-0.012908
-0.014145
-0.013703
-0.014882
-0.013882
-0.015192
-0.014750
-0.015930
-0.010713
-0.011802
-0.011507
-0.012540
-0.011613
-0.012776
-0.012481
-0.013513
-0.008813
-0.009754
-0.009607
-0.010492
-0.009639
-0.010654
-0.010507
-0.011392
-0.007207
-0.008001
-0.008001
-0.008739
-0.007960
-0.008828
-0.008828
-0.009565
-0.005897
-0.006544
-0.006691
-0.007281
-0.006575
-0.007296
-0.007443
-0.008033
-0.004881
-0.005381
-0.005675
-0.006118
-0.005486
-0.006059
-0.006354
-0.006797
-0.004161
-0.004512
-0.004955
-0.005250
-0.004692
-0.005117
-0.005560
-0.005855
-0.003735
-0.003939
-0.004529
-0.004677
-0.004192
-0.004471
-0.005060
-0.005208
-0.003604
-0.003661
-0.004399
-0.004399
-0.003988
-0.004119
-0.004856
-0.004856
-0.003769
-0.003678
-0.004563
-0.004415
-0.004079
-0.004062
-0.004947
-0.004799
-0.004228
-0.003990
-0.005022
-0.004727
-0.004464
-0.004300
-0.005332
-0.005037
-0.004982
-0.004597
-0.005776
-0.005334
-0.005145
-0.004833
-0.006013
-0.005570
-0.006031
-0.005498
-0.006825
-0.006236
-0.006120
-0.005661
-0.006988
-0.006398
-0.007375
-0.006695
-0.008170
-0.007432
-0.007390
-0.006784
-0.008258
-0.007521
-0.009014
-0.008186
-0.009809
-0.008924
-0.008956
-0.008201
-0.009824
-0.008939
-0.010948
-0.009973
-0.011743
-0.010710
-0.010816
-0.009914
-0.011684
-0.010652
-0.013177
-0.012054
-0.013972
-0.012792
-0.012971
-0.011922
-0.013839
-0.012659
-0.015701
-0.014431
-0.016495
-0.015168
-0.015421
-0.014225
-0.016289
-0.014962
-0.018520
-0.017102
-0.019314
-0.017840
-0.018166
-0.016822
-0.019034
-0.017560
-0.015563
-0.016800
-0.016210
-0.017684
-0.016537
-0.017847
-0.017257
-0.018732
-0.013073
-0.014162
-0.013719
-0.015047
-0.013972
-0.015135
-0.014693
-0.016020
-0.010877
-0.011819
-0.011524
-0.012704
-0.011703
-0.012719
-0.012424
-0.013604
-0.008977
-0.009771
-0.009624
-0.010656
-0.009729
-0.010597
-0.010450
-0.011482
-0.007371
-0.008018
-0.008018
-0.008903
-0.008050
-0.008771
-0.008771
-0.009656
-0.006061
-0.006560
-0.006708
-0.007445
-0.006666
-0.007239
-0.007386
-0.008124
-0.005045
-0.005397
-0.005692
-0.006282
-0.005577
-0.006002
-0.006297
-0.006887
-0.004325
-0.004529
-0.004972
-0.005414
-0.004782
-0.005060
-0.005503
-0.005945
-0.003899
-0.003956
-0.004546
-0.004841
-0.004283
-0.004414
-0.005004
-0.005299
-0.003769
-0.003678
-0.004415
-0.004563
-0.004079
-0.004062
-0.004799
-0.004947
-0.003933
-0.003695
-0.004580
-0.004580
-0.004169
-0.004005
-0.004890
-0.004890
-0.004392
-0.004007
-0.005039
-0.004891
-0.004555
-0.004243
-0.005275
-0.005128
-0.005146
-0.004613
-0.005793
-0.005498
-0.005235
-0.004776
-0.005956
-0.005661
-0.006195
-0.005515
-0.006842
-0.006400
-0.006210
-0.005604
-0.006931
-0.006489
-0.007540
-0.006712
-0.008186
-0.007596
-0.007481
-0.006727
-0.008201
-0.007612
-0.009179
-0.008203
-0.009825
-0.009088
-0.009046
-0.008144
-0.009767
-0.009029
-0.011113
-0.009990
-0.011759
-0.010875
-0.010906
-0.009857
-0.011627
-0.010742
-0.013342
-0.012071
-0.013988
-0.012956
-0.013062
-0.011865
-0.013782
-0.012750
-0.015865
-0.014448
-0.016512
-0.015332
-0.015512
-0.014168
-0.016232
-0.015053
-0.018684
-0.017119
-0.019331
-0.018004
-0.018257
-0.016765
-0.018977
-0.017650
-0.016022
-0.017111
-0.016521
-0.018144
-0.016922
-0.018085
-0.017495
-0.019117
-0.013532
-0.014474
-0.014031
-0.015506
-0.014358
-0.015374
-0.014931
-0.016406
-0.011336
-0.012131
-0.011836
-0.013163
-0.012089
-0.012957
-0.012662
-0.013989
-0.009436
-0.010083
-0.009935
-0.011115
-0.010115
-0.010835
-0.010688
-0.011868
-0.007831
-0.008330
-0.008330
-0.009362
-0.008436
-0.009009
-0.009009
-0.010041
-0.006520
-0.006872
-0.007020
-0.007904
-0.007051
-0.007477
-0.007625
-0.008509
-0.005505
-0.005709
-0.006004
-0.006741
-0.005962
-0.006240
-0.006535
-0.007273
-0.004784
-0.004841
-0.005283
-0.005873
-0.005168
-0.005299
-0.005741
-0.006331
-0.004358
-0.004268
-0.004858
-0.005300
-0.004668
-0.004652
-0.005242
-0.005684
-0.004228
-0.003990
-0.004727
-0.005022
-0.004464
-0.004300
-0.005037
-0.005332
-0.004392
-0.004007
-0.004891
-0.005039
-0.004555
-0.004243
-0.005128
-0.005275
-0.004851
-0.004318
-0.005351
-0.005351
-0.004940
-0.004481
-0.005513
-0.005513
-0.005606
-0.004925
-0.006105
-0.005957
-0.005621
-0.005014
-0.006194
-0.006046
-0.006655
-0.005827
-0.007154
-0.006859
-0.006596
-0.005842
-0.007169
-0.006874
-0.007999
-0.007023
-0.008498
-0.008056
-0.007866
-0.006965
-0.008439
-0.007997
-0.009638
-0.008515
-0.010137
-0.009547
-0.009432
-0.008382
-0.010005
-0.009415
-0.011572
-0.010301
-0.012071
-0.011334
-0.011292
-0.010095
-0.011865
-0.011128
-0.013801
-0.012383
-0.014300
-0.013415
-0.013447
-0.012103
-0.014020
-0.013135
-0.016325
-0.014759
-0.016824
-0.015792
-0.015897
-0.014406
-0.016470
-0.015438
-0.019144
-0.017431
-0.019643
-0.018463
-0.018642
-0.017003
-0.019215
-0.018036
-0.016776
-0.017718
-0.017128
-0.018898
-0.017602
-0.018618
-0.018028
-0.019798
-0.014286
-0.015080
-0.014638
-0.016260
-0.015038
-0.015906
-0.015464
-0.017086
-0.012091
-0.012738
-0.012443
-0.013917
-0.012769
-0.013490
-0.013195
-0.014670
-0.010190
-0.010690
-0.010542
-0.011869
-0.010795
-0.011368
-0.011221
-0.012548
-0.008585
-0.008937
-0.008937
-0.010117
-0.009116
-0.009542
-0.009542
-0.010722
-0.007274
-0.007479
-0.007626
-0.008659
-0.007732
-0.008010
-0.008157
-0.009190
-0.006259
-0.006316
-0.006611
-0.007496
-0.006643
-0.006773
-0.007068
-0.007953
-0.005538
-0.005448
-0.005890
-0.006628
-0.005848
-0.005831
-0.006274
-0.007011
-0.005113
-0.004875
-0.005465
-0.006054
-0.005349
-0.005185
-0.005775
-0.006364
-0.004982
-0.004597
-0.005334
-0.005776
-0.005145
-0.004833
-0.005570
-0.006013
-0.005146
-0.004613
-0.005498
-0.005793
-0.005235
-0.004776
-0.005661
-0.005956
-0.005606
-0.004925
-0.005957
-0.006105
-0.005621
-0.005014
-0.006046
-0.006194
-0.006360
-0.005532
-0.006712
-0.006712
-0.006301
-0.005547
-0.006727
-0.006727
-0.007409
-0.006433
-0.007761
-0.007613
-0.007276
-0.006375
-0.007702
-0.007555
-0.008753
-0.007630
-0.009105
-0.008810
-0.008547
-0.007498
-0.008972
-0.008677
-0.010392
-0.009122
-0.010744
-0.010301
-0.010112
-0.008915
-0.010538
-0.010095
-0.012326
-0.010908
-0.012678
-0.012088
-0.011972
-0.010628
-0.012398
-0.011808
-0.014555
-0.012990
-0.014907
-0.014169
-0.014128
-0.012636
-0.014553
-0.013816
-0.017079
-0.015366
-0.017431
-0.016546
-0.016578
-0.014939
-0.017003
-0.016118
-0.019898
-0.018037
-0.020250
-0.019217
-0.019323
-0.017536
-0.019748
-0.018716
-0.017825
-0.018620
-0.018030
-0.019947
-0.018578
-0.019446
-0.018856
-0.020773
-0.015335
-0.015982
-0.015540
-0.017309
-0.016014
-0.016734
-0.016292
-0.018062
-0.013140
-0.013639
-0.013344
-0.014966
-0.013745
-0.014318
-0.014023
-0.015645
-0.011239
-0.011591
-0.011444
-0.012919
-0.011771
-0.012196
-0.012049
-0.013524
-0.009634
-0.009838
-0.009838
-0.011166
-0.010091
-0.010370
-0.010370
-0.011697
-0.008324
-0.008380
-0.008528
-0.009708
-0.008707
-0.008838
-0.008985
-0.010165
-0.007308
-0.007217
-0.007512
-0.008545
-0.007618
-0.007601
-0.007896
-0.008928
-0.006587
-0.006349
-0.006792
-0.007677
-0.006824
-0.006659
-0.007102
-0.007987
-0.006162
-0.005776
-0.006366
-0.007104
-0.006324
-0.006013
-0.006602
-0.007340
-0.006031
-0.005498
-0.006236
-0.006825
-0.006120
-0.005661
-0.006398
-0.006988
-0.006195
-0.005515
-0.006400
-0.006842
-0.006210
-0.005604
-0.006489
-0.006931
-0.006655
-0.005827
-0.006859
-0.007154
-0.006596
-0.005842
-0.006874
-0.007169
-0.007409
-0.006433
-0.007613
-0.007761
-0.007276
-0.006375
-0.007555
-0.007702
-0.008458
-0.007335
-0.008662
-0.008662
-0.008252
-0.007203
-0.008530
-0.008530
-0.009802
-0.008532
-0.010006
-0.009859
-0.009522
-0.008326
-0.009800
-0.009653
-0.011441
-0.010023
-0.011646
-0.011351
-0.011087
-0.009743
-0.011366
-0.011071
-0.013375
-0.011810
-0.013580
-0.013137
-0.012948
-0.011456
-0.013226
-0.012783
-0.015604
-0.013891
-0.015808
-0.015219
-0.015103
-0.013464
-0.015381
-0.014791
-0.018128
-0.016268
-0.018332
-0.017595
-0.017553
-0.015767
-0.017831
-0.017094
-0.020947
-0.018939
-0.021151
-0.020266
-0.020298
-0.018364
-0.020576
-0.019692
-0.019170
-0.019816
-0.019226
-0.021291
-0.019848
-0.020569
-0.019979
-0.022044
-0.016679
-0.017179
-0.016736
-0.018653
-0.017284
-0.017857
-0.017415
-0.019332
-0.014484
-0.014836
-0.014541
-0.016311
-0.015015
-0.015441
-0.015146
-0.016916
-0.012584
-0.012788
-0.012640
-0.014263
-0.013041
-0.013319
-0.013172
-0.014794
-0.010978
-0.011035
-0.011035
-0.012510
-0.011362
-0.011493
-0.011493
-0.012967
-0.009668
-0.009577
-0.009725
-0.011052
-0.009978
-0.009961
-0.010108
-0.011436
-0.008652
-0.008414
-0.008709
-0.009889
-0.008888
-0.008724
-0.009019
-0.010199
-0.007932
-0.007546
-0.007988
-0.009021
-0.008094
-0.007782
-0.008225
-0.009257
-0.007506
-0.006973
-0.007563
-0.008448
-0.007595
-0.007135
-0.007725
-0.008610
-0.007375
-0.006695
-0.007432
-0.008170
-0.007390
-0.006784
-0.007521
-0.008258
-0.007540
-0.006712
-0.007596
-0.008186
-0.007481
-0.006727
-0.007612
-0.008201
-0.007999
-0.007023
-0.008056
-0.008498
-0.007866
-0.006965
-0.007997
-0.008439
-0.008753
-0.007630
-0.008810
-0.009105
-0.008547
-0.007498
-0.008677
-0.008972
-0.009802
-0.008532
-0.009859
-0.010006
-0.009522
-0.008326
-0.009653
-0.009800
-0.011146
-0.009728
-0.011203
-0.011203
-0.010793
-0.009448
-0.010923
-0.010923
-0.012785
-0.011220
-0.012842
-0.012695
-0.012358
-0.010866
-0.012489
-0.012341
-0.014719
-0.013006
-0.014776
-0.014481
-0.014218
-0.012579
-0.014349
-0.014054
-0.016948
-0.015088
-0.017005
-0.016563
-0.016373
-0.014587
-0.016504
-0.016062
-0.019472
-0.017464
-0.019529
-0.018939
-0.018823
-0.016889
-0.018954
-0.018364
-0.022291
-0.020136
-0.022348
-0.021610
-0.021569
-0.019487
-0.021699
-0.020962
-0.020809
-0.021308
-0.020718
-0.022930
-0.021414
-0.021987
-0.021397
-0.023609
-0.018318
-0.018670
-0.018228
-0.020292
-0.018849
-0.019275
-0.018833
-0.020897
-0.016123
-0.016327
-0.016032
-0.017950
-0.016580
-0.016859
-0.016564
-0.018481
-0.014223
-0.014280
-0.014132
-0.015902
-0.014606
-0.014737
-0.014590
-0.016359
-0.012617
-0.012527
-0.012527
-0.014149
-0.012927
-0.012910
-0.012910
-0.014533
-0.011307
-0.011069
-0.011216
-0.012691
-0.011543
-0.011379
-0.011526
-0.013001
-0.010291
-0.009906
-0.010201
-0.011528
-0.010454
-0.010142
-0.010437
-0.011764
-0.009571
-0.009038
-0.009480
-0.010660
-0.009659
-0.009200
-0.009643
-0.010822
-0.009145
-0.008465
-0.009054
-0.010087
-0.009160
-0.008553
-0.009143
-0.010176
-0.009014
-0.008186
-0.008924
-0.009809
-0.008956
-0.008201
-0.008939
-0.009824
-0.009179
-0.008203
-0.009088
-0.009825
-0.009046
-0.008144
-0.009029
-0.009767
-0.009638
-0.008515
-0.009547
-0.010137
-0.009432
-0.008382
-0.009415
-0.010005
-0.010392
-0.009122
-0.010301
-0.010744
-0.010112
-0.008915
-0.010095
-0.010538
-0.011441
-0.010023
-0.011351
-0.011646
-0.011087
-0.009743
-0.011071
-0.011366
-0.012785
-0.011220
-0.012695
-0.012842
-0.012358
-0.010866
-0.012341
-0.012489
-0.014424
-0.012711
-0.014334
-0.014334
-0.013923
-0.012284
-0.013906
-0.013906
-0.016358
-0.014498
-0.016268
-0.016120
-0.015783
-0.013997
-0.015767
-0.015619
-0.018587
-0.016579
-0.018497
-0.018202
-0.017939
-0.016005
-0.017922
-0.017627
-0.021111
-0.018956
-0.021021
-0.020578
-0.020389
-0.018307
-0.020372
-0.019930
-0.023930
-0.021627
-0.023839
-0.023250
-0.023134
-0.020905
-0.023117
-0.022527
-0.022743
-0.023094
-0.022505
-0.024864
-0.023274
-0.023699
-0.023109
-0.025469
-0.020252
-0.020457
-0.020014
-0.022226
-0.020710
-0.020988
-0.020545
-0.022758
-0.018057
-0.018114
-0.017819
-0.019884
-0.018441
-0.018571
-0.018276
-0.020341
-0.016157
-0.016066
-0.015919
-0.017836
-0.016467
-0.016450
-0.016302
-0.018219
-0.014551
-0.014313
-0.014313
-0.016083
-0.014787
-0.014623
-0.014623
-0.016393
-0.013241
-0.012855
-0.013003
-0.014625
-0.013403
-0.013091
-0.013239
-0.014861
-0.012225
-0.011692
-0.011987
-0.013462
-0.012314
-0.011855
-0.012150
-0.013624
-0.011505
-0.010824
-0.011267
-0.012594
-0.011520
-0.010913
-0.011355
-0.012683
-0.011079
-0.010251
-0.010841
-0.012021
-0.011020
-0.010266
-0.010856
-0.012036
-0.010948
-0.009973
-0.010710
-0.011743
-0.010816
-0.009914
-0.010652
-0.011684
-0.011113
-0.009990
-0.010875
-0.011759
-0.010906
-0.009857
-0.010742
-0.011627
-0.011572
-0.010301
-0.011334
-0.012071
-0.011292
-0.010095
-0.011128
-0.011865
-0.012326
-0.010908
-0.012088
-0.012678
-0.011972
-0.010628
-0.011808
-0.012398
-0.013375
-0.011810
-0.013137
-0.013580
-0.012948
-0.011456
-0.012783
-0.013226
-0.014719
-0.013006
-0.014481
-0.014776
-0.014218
-0.012579
-0.014054
-0.014349
-0.016358
-0.014498
-0.016120
-0.016268
-0.015783
-0.013997
-0.015619
-0.015767
-0.018292
-0.016285
-0.018054
-0.018054
-0.017644
-0.015710
-0.017479
-0.017479
-0.020521
-0.018366
-0.020283
-0.020136
-0.019799
-0.017717
-0.019635
-0.019487
-0.023045
-0.020742
-0.022807
-0.022512
-0.022249
-0.020020
-0.022085
-0.021790
-0.025864
-0.023414
-0.025626
-0.025184
-0.024994
-0.022618
-0.024830
-0.024387
-0.024972
-0.025176
-0.024586
-0.027093
-0.025429
-0.025707
-0.025117
-0.027624
-0.022481
-0.022538
-0.022096
-0.024455
-0.022865
-0.022996
-0.022553
-0.024913
-0.020286
-0.020195
-0.019900
-0.022113
-0.020596
-0.020579
-0.020284
-0.022496
-0.018386
-0.018147
-0.018000
-0.020065
-0.018622
-0.018457
-0.018310
-0.020375
-0.016780
-0.016395
-0.016395
-0.018312
-0.016943
-0.016631
-0.016631
-0.018548
-0.015470
-0.014937
-0.015084
-0.016854
-0.015558
-0.015099
-0.015247
-0.017016
-0.014454
-0.013774
-0.014069
-0.015691
-0.014469
-0.013862
-0.014157
-0.015780
-0.013734
-0.012906
-0.013348
-0.014823
-0.013675
-0.012921
-0.013363
-0.014838
-0.013308
-0.012332
-0.012922
-0.014250
-0.013175
-0.012274
-0.012864
-0.014191
-0.013177
-0.012054
-0.012792
-0.013972
-0.012971
-0.011922
-0.012659
-0.013839
-0.013342
-0.012071
-0.012956
-0.013988
-0.013062
-0.011865
-0.012750
-0.013782
-0.013801
-0.012383
-0.013415
-0.014300
-0.013447
-0.012103
-0.013135
-0.014020
-0.014555
-0.012990
-0.014169
-0.014907
-0.014128
-0.012636
-0.013816
-0.014553
-0.015604
-0.013891
-0.015219
-0.015808
-0.015103
-0.013464
-0.014791
-0.015381
-0.016948
-0.015088
-0.016563
-0.017005
-0.016373
-0.014587
-0.016062
-0.016504
-0.018587
-0.016579
-0.018202
-0.018497
-0.017939
-0.016005
-0.017627
-0.017922
-0.020521
-0.018366
-0.020136
-0.020283
-0.019799
-0.017717
-0.019487
-0.019635
-0.022750
-0.020447
-0.022365
-0.022365
-0.021954
-0.019725
-0.021642
-0.021642
-0.025274
-0.022824
-0.024889
-0.024741
-0.024404
-0.022028
-0.024093
-0.023945
-0.028093
-0.025495
-0.027707
-0.027412
-0.027149
-0.024625
-0.026838
-0.026543
-0.027495
-0.027552
-0.026962
-0.029617
-0.027879
-0.028010
-0.027420
-0.030074
-0.025005
-0.024915
-0.024472
-0.026979
-0.025315
-0.025298
-0.024856
-0.027363
-0.022810
-0.022572
-0.022277
-0.024636
-0.023046
-0.022882
-0.022587
-0.024946
-0.020909
-0.020524
-0.020376
-0.022589
-0.021072
-0.020760
-0.020613
-0.022825
-0.019304
-0.018771
-0.018771
-0.020836
-0.019393
-0.018934
-0.018934
-0.020998
-0.017994
-0.017313
-0.017461
-0.019378
-0.018009
-0.017402
-0.017549
-0.019467
-0.016978
-0.016150
-0.016445
-0.018215
-0.016919
-0.016165
-0.016460
-0.018230
-0.016257
-0.015282
-0.015724
-0.017347
-0.016125
-0.015223
-0.015666
-0.017288
-0.015832
-0.014709
-0.015299
-0.016774
-0.015626
-0.014576
-0.015166
-0.016641
-0.015701
-0.014431
-0.015168
-0.016495
-0.015421
-0.014225
-0.014962
-0.016289
-0.015865
-0.014448
-0.015332
-0.016512
-0.015512
-0.014168
-0.015053
-0.016232
-0.016325
-0.014759
-0.015792
-0.016824
-0.015897
-0.014406
-0.015438
-0.016470
-0.017079
-0.015366
-0.016546
-0.017431
-0.016578
-0.014939
-0.016118
-0.017003
-0.018128
-0.016268
-0.017595
-0.018332
-0.017553
-0.015767
-0.017094
-0.017831
-0.019472
-0.017464
-0.018939
-0.019529
-0.018823
-0.016889
-0.018364
-0.018954
-0.021111
-0.018956
-0.020578
-0.021021
-0.020389
-0.018307
-0.019930
-0.020372
-0.023045
-0.020742
-0.022512
-0.022807
-0.022249
-0.020020
-0.021790
-0.022085
-0.025274
-0.022824
-0.024741
-0.024889
-0.024404
-0.022028
-0.023945
-0.024093
-0.027798
-0.025200
-0.027265
-0.027265
-0.026854
-0.024331
-0.026395
-0.026395
-0.030617
-0.027872
-0.030084
-0.029936
-0.029600
-0.026928
-0.029140
-0.028993
-0.030314
-0.030224
-0.029634
-0.032436
-0.030624
-0.030607
-0.030018
-0.032820
-0.027824
-0.027586
-0.027144
-0.029798
-0.028060
-0.027896
-0.027454
-0.030108
-0.025629
-0.025243
-0.024948
-0.027455
-0.025791
-0.025479
-0.025184
-0.027692
-0.023728
-0.023195
-0.023048
-0.025407
-0.023817
-0.023358
-0.023210
-0.025570
-0.022123
-0.021442
-0.021442
-0.023655
-0.022138
-0.021531
-0.021531
-0.023743
-0.020812
-0.019984
-0.020132
-0.022197
-0.020754
-0.019999
-0.020147
-0.022212
-0.019797
-0.018821
-0.019116
-0.021034
-0.019664
-0.018763
-0.019058
-0.020975
-0.019076
-0.017953
-0.018396
-0.020166
-0.018870
-0.017821
-0.018263
-0.020033
-0.018651
-0.017380
-0.017970
-0.019592
-0.018371
-0.017174
-0.017764
-0.019386
-0.018520
-0.017102
-0.017840
-0.019314
-0.018166
-0.016822
-0.017560
-0.019034
-0.018684
-0.017119
-0.018004
-0.019331
-0.018257
-0.016765
-0.017650
-0.018977
-0.019144
-0.017431
-0.018463
-0.019643
-0.018642
-0.017003
-0.018036
-0.019215
-0.019898
-0.018037
-0.019217
-0.020250
-0.019323
-0.017536
-0.018716
-0.019748
-0.020947
-0.018939
-0.020266
-0.021151
-0.020298
-0.018364
-0.019692
-0.020576
-0.022291
-0.020136
-0.021610
-0.022348
-0.021569
-0.019487
-0.020962
-0.021699
-0.023930
-0.021627
-0.023250
-0.023839
-0.023134
-0.020905
-0.022527
-0.023117
-0.025864
-0.023414
-0.025184
-0.025626
-0.024994
-0.022618
-0.024387
-0.024830
-0.028093
-0.025495
-0.027412
-0.027707
-0.027149
-0.024625
-0.026543
-0.026838
-0.030617
-0.027872
-0.029936
-0.030084
-0.029600
-0.026928
-0.028993
-0.029140
-0.033436
-0.030543
-0.032755
-0.032755
-0.032345
-0.029526
-0.031738
-0.031738
-0.025882
-0.028594
-0.027857
-0.027857
-0.027520
-0.030305
-0.029568
-0.029568
-0.023392
-0.025956
-0.025366
-0.025219
-0.024956
-0.027593
-0.027004
-0.026856
-0.021197
-0.023613
-0.023171
-0.022876
-0.022687
-0.025177
-0.024734
-0.024439
-0.019296
-0.021565
-0.021271
-0.020828
-0.020712
-0.023055
-0.022760
-0.022318
-0.017691
-0.019813
-0.019665
-0.019075
-0.019033
-0.021229
-0.021081
-0.020491
-0.016380
-0.018355
-0.018355
-0.017617
-0.017649
-0.019697
-0.019697
-0.018960
-0.015365
-0.017192
-0.017339
-0.016454
-0.016560
-0.018460
-0.018608
-0.017723
-0.014644
-0.016324
-0.016619
-0.015586
-0.015766
-0.017518
-0.017813
-0.016781
-0.014219
-0.015750
-0.016193
-0.015013
-0.015266
-0.016872
-0.017314
-0.016134
-0.014088
-0.015472
-0.016062
-0.014735
-0.015062
-0.016520
-0.017110
-0.015782
-0.014252
-0.015489
-0.016227
-0.014752
-0.015152
-0.016463
-0.017200
-0.015725
-0.014712
-0.015801
-0.016686
-0.015064
-0.015538
-0.016701
-0.017586
-0.015963
-0.015466
-0.016408
-0.017440
-0.015670
-0.016218
-0.017234
-0.018266
-0.016496
-0.016515
-0.017309
-0.018489
-0.016572
-0.017194
-0.018062
-0.019241
-0.017324
-0.017859
-0.018506
-0.019833
-0.017769
-0.018464
-0.019185
-0.020512
-0.018447
-0.019498
-0.019997
-0.021472
-0.019260
-0.020029
-0.020602
-0.022077
-0.019865
-0.021432
-0.021784
-0.023406
-0.021047
-0.021890
-0.022315
-0.023937
-0.021578
-0.023661
-0.023865
-0.025635
-0.023128
-0.024045
-0.024323
-0.026093
-0.023586
-0.026185
-0.026242
-0.028159
-0.025504
-0.026495
-0.026626
-0.028543
-0.025888
-0.029004
-0.028913
-0.030978
-0.028176
-0.029240
-0.029223
-0.031288
-0.028486
-0.023392
-0.025956
-0.025219
-0.025366
-0.024956
-0.027593
-0.026856
-0.027004
-0.020902
-0.023318
-0.022728
-0.022728
-0.022392
-0.024882
-0.024292
-0.024292
-0.018706
-0.020976
-0.020533
-0.020386
-0.020123
-0.022465
-0.022023
-0.021875
-0.016806
-0.018928
-0.018633
-0.018338
-0.018148
-0.020344
-0.020049
-0.019754
-0.015201
-0.017175
-0.017027
-0.016585
-0.016469
-0.018517
-0.018370
-0.017927
-0.013890
-0.015717
-0.015717
-0.015127
-0.015085
-0.016985
-0.016985
-0.016396
-0.012875
-0.014554
-0.014701
-0.013964
-0.013996
-0.015749
-0.015896
-0.015159
-0.012154
-0.013686
-0.013981
-0.013096
-0.013201
-0.014807
-0.015102
-0.014217
-0.011728
-0.013113
-0.013555
-0.012523
-0.012702
-0.014160
-0.014603
-0.013570
-0.011598
-0.012835
-0.013424
-0.012245
-0.012498
-0.013808
-0.014398
-0.013218
-0.011762
-0.012851
-0.013589
-0.012261
-0.012588
-0.013751
-0.014489
-0.013161
-0.012221
-0.013163
-0.014048
-0.012573
-0.012974
-0.013989
-0.014874
-0.013399
-0.012976
-0.013770
-0.014802
-0.013180
-0.013654
-0.014522
-0.015555
-0.013932
-0.014025
-0.014672
-0.015851
-0.014082
-0.014630
-0.015350
-0.016530
-0.014760
-0.015369
-0.015868
-0.017195
-0.015278
-0.015900
-0.016473
-0.017800
-0.015883
-0.017008
-0.017360
-0.018834
-0.016770
-0.017465
-0.017891
-0.019366
-0.017301
-0.018942
-0.019146
-0.020768
-0.018556
-0.019326
-0.019604
-0.021226
-0.019014
-0.021171
-0.021228
-0.022997
-0.020638
-0.021481
-0.021611
-0.023381
-0.021022
-0.023695
-0.023604
-0.025521
-0.023014
-0.023931
-0.023914
-0.025831
-0.023324
-0.026514
-0.026275
-0.028340
-0.025686
-0.026676
-0.026512
-0.028576
-0.025922
-0.021197
-0.023613
-0.022876
-0.023171
-0.022687
-0.025177
-0.024439
-0.024734
-0.018706
-0.020976
-0.020386
-0.020533
-0.020123
-0.022465
-0.021875
-0.022023
-0.016511
-0.018633
-0.018190
-0.018190
-0.017853
-0.020049
-0.019606
-0.019606
-0.014611
-0.016585
-0.016290
-0.016142
-0.015879
-0.017927
-0.017632
-0.017485
-0.013005
-0.014832
-0.014685
-0.014390
-0.014200
-0.016101
-0.015953
-0.015658
-0.011695
-0.013374
-0.013374
-0.012932
-0.012816
-0.014569
-0.014569
-0.014126
-0.010679
-0.012211
-0.012359
-0.011769
-0.011727
-0.013332
-0.013480
-0.012890
-0.009959
-0.011343
-0.011638
-0.010901
-0.010932
-0.012390
-0.012685
-0.011948
-0.009533
-0.010770
-0.011212
-0.010327
-0.010433
-0.011744
-0.012186
-0.011301
-0.009402
-0.010492
-0.011082
-0.010049
-0.010229
-0.011392
-0.011982
-0.010949
-0.009567
-0.010509
-0.011246
-0.010066
-0.010319
-0.011335
-0.012072
-0.010892
-0.010026
-0.010820
-0.011705
-0.010378
-0.010705
-0.011573
-0.012458
-0.011130
-0.010780
-0.011427
-0.012459
-0.010985
-0.011385
-0.012106
-0.013138
-0.011663
-0.011829
-0.012329
-0.013509
-0.011886
-0.012361
-0.012934
-0.014113
-0.012491
-0.013173
-0.013525
-0.014853
-0.013083
-0.013631
-0.014057
-0.015384
-0.013614
-0.014812
-0.015017
-0.016492
-0.014574
-0.015196
-0.015474
-0.016949
-0.015032
-0.016746
-0.016803
-0.018426
-0.016361
-0.017056
-0.017187
-0.018809
-0.016745
-0.018975
-0.018885
-0.020655
-0.018442
-0.019212
-0.019195
-0.020965
-0.018752
-0.021499
-0.021261
-0.023178
-0.020819
-0.021662
-0.021498
-0.023415
-0.021055
-0.024318
-0.023933
-0.025997
-0.023490
-0.024407
-0.024095
-0.026160
-0.023653
-0.019296
-0.021565
-0.020828
-0.021271
-0.020712
-0.023055
-0.022318
-0.022760
-0.016806
-0.018928
-0.018338
-0.018633
-0.018148
-0.020344
-0.019754
-0.020049
-0.014611
-0.016585
-0.016142
-0.016290
-0.015879
-0.017927
-0.017485
-0.017632
-0.012710
-0.014537
-0.014242
-0.014242
-0.013905
-0.015806
-0.015511
-0.015511
-0.011105
-0.012784
-0.012637
-0.012489
-0.012226
-0.013979
-0.013832
-0.013684
-0.009794
-0.011326
-0.011326
-0.011031
-0.010842
-0.012447
-0.012447
-0.012152
-0.008779
-0.010163
-0.010311
-0.009868
-0.009753
-0.011211
-0.011358
-0.010916
-0.008058
-0.009295
-0.009590
-0.009000
-0.008958
-0.010269
-0.010564
-0.009974
-0.007633
-0.008722
-0.009164
-0.008427
-0.008459
-0.009622
-0.010064
-0.009327
-0.007502
-0.008444
-0.009034
-0.008149
-0.008255
-0.009270
-0.009860
-0.008975
-0.007666
-0.008461
-0.009198
-0.008166
-0.008345
-0.009213
-0.009951
-0.008918
-0.008126
-0.008772
-0.009657
-0.008478
-0.008731
-0.009451
-0.010336
-0.009156
-0.008880
-0.009379
-0.010412
-0.009084
-0.009411
-0.009984
-0.011016
-0.009689
-0.009929
-0.010281
-0.011461
-0.009986
-0.010386
-0.010812
-0.011992
-0.010517
-0.011273
-0.011477
-0.012805
-0.011183
-0.011657
-0.011935
-0.013262
-0.011640
-0.012912
-0.012969
-0.014444
-0.012674
-0.013222
-0.013353
-0.014828
-0.013058
-0.014846
-0.014756
-0.016378
-0.014461
-0.015082
-0.015066
-0.016688
-0.014771
-0.017075
-0.016837
-0.018607
-0.016542
-0.017238
-0.017073
-0.018843
-0.016778
-0.019599
-0.019213
-0.021131
-0.018918
-0.019688
-0.019376
-0.021293
-0.019081
-0.022418
-0.021885
-0.023949
-0.021590
-0.022433
-0.021974
-0.024038
-0.021679
-0.017691
-0.019813
-0.019075
-0.019665
-0.019033
-0.021229
-0.020491
-0.021081
-0.015201
-0.017175
-0.016585
-0.017027
-0.016469
-0.018517
-0.017927
-0.018370
-0.013005
-0.014832
-0.014390
-0.014685
-0.014200
-0.016101
-0.015658
-0.015953
-0.011105
-0.012784
-0.012489
-0.012637
-0.012226
-0.013979
-0.013684
-0.013832
-0.009500
-0.011031
-0.010884
-0.010884
-0.010547
-0.012152
-0.012005
-0.012005
-0.008189
-0.009573
-0.009573
-0.009426
-0.009163
-0.010621
-0.010621
-0.010473
-0.007174
-0.008410
-0.008558
-0.008263
-0.008073
-0.009384
-0.009531
-0.009236
-0.006453
-0.007542
-0.007837
-0.007395
-0.007279
-0.008442
-0.008737
-0.008295
-0.006027
-0.006969
-0.007412
-0.006822
-0.006780
-0.007795
-0.008238
-0.007648
-0.005897
-0.006691
-0.007281
-0.006544
-0.006575
-0.007443
-0.008033
-0.007296
-0.006061
-0.006708
-0.007445
-0.006560
-0.006666
-0.007386
-0.008124
-0.007239
-0.006520
-0.007020
-0.007904
-0.006872
-0.007051
-0.007625
-0.008509
-0.007477
-0.007274
-0.007626
-0.008659
-0.007479
-0.007732
-0.008157
-0.009190
-0.008010
-0.008324
-0.008528
-0.009708
-0.008380
-0.008707
-0.008985
-0.010165
-0.008838
-0.009668
-0.009725
-0.011052
-0.009577
-0.009978
-0.010108
-0.011436
-0.009961
-0.011307
-0.011216
-0.012691
-0.011069
-0.011543
-0.011526
-0.013001
-0.011379
-0.013241
-0.013003
-0.014625
-0.012855
-0.013403
-0.013239
-0.014861
-0.013091
-0.015470
-0.015084
-0.016854
-0.014937
-0.015558
-0.015247
-0.017016
-0.015099
-0.017994
-0.017461
-0.019378
-0.017313
-0.018009
-0.017549
-0.019467
-0.017402
-0.020812
-0.020132
-0.022197
-0.019984
-0.020754
-0.020147
-0.022212
-0.019999
-0.016380
-0.018355
-0.017617
-0.018355
-0.017649
-0.019697
-0.018960
-0.019697
-0.013890
-0.015717
-0.015127
-0.015717
-0.015085
-0.016985
-0.016396
-0.016985
-0.011695
-0.013374
-0.012932
-0.013374
-0.012816
-0.014569
-0.014126
-0.014569
-0.009794
-0.011326
-0.011031
-0.011326
-0.010842
-0.012447
-0.012152
-0.012447
-0.008189
-0.009573
-0.009426
-0.009573
-0.009163
-0.010621
-0.010473
-0.010621
-0.006879
-0.008115
-0.008115
-0.008115
-0.007778
-0.009089
-0.009089
-0.009089
-0.005863
-0.006952
-0.007100
-0.006952
-0.006689
-0.007852
-0.008000
-0.007852
-0.005142
-0.006084
-0.006379
-0.006084
-0.005895
-0.006910
-0.007205
-0.006910
-0.004717
-0.005511
-0.005954
-0.005511
-0.005396
-0.006264
-0.006706
-0.006264
-0.004586
-0.005233
-0.005823
-0.005233
-0.005191
-0.005912
-0.006502
-0.005912
-0.004750
-0.005250
-0.005987
-0.005250
-0.005282
-0.005855
-0.006592
-0.005855
-0.005210
-0.005562
-0.006446
-0.005562
-0.005667
-0.006093
-0.006978
-0.006093
-0.005964
-0.006168
-0.007201
-0.006168
-0.006348
-0.006626
-0.007658
-0.006626
-0.007013
-0.007070
-0.008250
-0.007070
-0.007323
-0.007454
-0.008634
-0.007454
-0.008357
-0.008267
-0.009594
-0.008267
-0.008593
-0.008577
-0.009904
-0.008577
-0.009996
-0.009758
-0.011233
-0.009758
-0.010159
-0.009994
-0.011469
-0.009994
-0.011930
-0.011545
-0.013167
-0.011545
-0.012019
-0.011707
-0.013329
-0.011707
-0.014159
-0.013626
-0.015396
-0.013626
-0.014174
-0.013715
-0.015485
-0.013715
-0.016683
-0.016003
-0.017920
-0.016003
-0.016624
-0.016018
-0.017935
-0.016018
-0.019502
-0.018674
-0.020739
-0.018674
-0.019369
-0.018615
-0.020680
-0.018615
-0.015365
-0.017192
-0.016454
-0.017339
-0.016560
-0.018460
-0.017723
-0.018608
-0.012875
-0.014554
-0.013964
-0.014701
-0.013996
-0.015749
-0.015159
-0.015896
-0.010679
-0.012211
-0.011769
-0.012359
-0.011727
-0.013332
-0.012890
-0.013480
-0.008779
-0.010163
-0.009868
-0.010311
-0.009753
-0.011211
-0.010916
-0.011358
-0.007174
-0.008410
-0.008263
-0.008558
-0.008073
-0.009384
-0.009236
-0.009531
-0.005863
-0.006952
-0.006952
-0.007100
-0.006689
-0.007852
-0.007852
-0.008000
-0.004848
-0.005789
-0.005937
-0.005937
-0.005600
-0.006615
-0.006763
-0.006763
-0.004127
-0.004921
-0.005216
-0.005069
-0.004806
-0.005674
-0.005969
-0.005821
-0.003701
-0.004348
-0.004791
-0.004496
-0.004306
-0.005027
-0.005469
-0.005174
-0.003571
-0.004070
-0.004660
-0.004218
-0.004102
-0.004675
-0.005265
-0.004822
-0.003735
-0.004087
-0.004824
-0.004234
-0.004192
-0.004618
-0.005355
-0.004766
-0.004194
-0.004399
-0.005283
-0.004546
-0.004578
-0.004856
-0.005741
-0.005004
-0.004948
-0.005005
-0.006038
-0.005153
-0.005258
-0.005389
-0.006421
-0.005537
-0.005998
-0.005907
-0.007087
-0.006054
-0.006234
-0.006217
-0.007397
-0.006364
-0.007342
-0.007104
-0.008431
-0.007251
-0.007504
-0.007340
-0.008667
-0.007487
-0.008981
-0.008595
-0.010070
-0.008743
-0.009069
-0.008758
-0.010232
-0.008905
-0.010915
-0.010382
-0.012004
-0.010529
-0.010930
-0.010470
-0.012093
-0.010618
-0.013144
-0.012463
-0.014233
-0.012611
-0.013085
-0.012478
-0.014248
-0.012626
-0.015668
-0.014840
-0.016757
-0.014987
-0.015535
-0.014781
-0.016698
-0.014928
-0.018486
-0.017511
-0.019576
-0.017658
-0.018280
-0.017379
-0.019443
-0.017526
-0.014644
-0.016324
-0.015586
-0.016619
-0.015766
-0.017518
-0.016781
-0.017813
-0.012154
-0.013686
-0.013096
-0.013981
-0.013201
-0.014807
-0.014217
-0.015102
-0.009959
-0.011343
-0.010901
-0.011638
-0.010932
-0.012390
-0.011948
-0.012685
-0.008058
-0.009295
-0.009000
-0.009590
-0.008958
-0.010269
-0.009974
-0.010564
-0.006453
-0.007542
-0.007395
-0.007837
-0.007279
-0.008442
-0.008295
-0.008737
-0.005142
-0.006084
-0.006084
-0.006379
-0.005895
-0.006910
-0.006910
-0.007205
-0.004127
-0.004921
-0.005069
-0.005216
-0.004806
-0.005674
-0.005821
-0.005969
-0.003406
-0.004053
-0.004348
-0.004348
-0.004011
-0.004732
-0.005027
-0.005027
-0.002981
-0.003480
-0.003923
-0.003775
-0.003512
-0.004085
-0.004528
-0.004380
-0.002850
-0.003202
-0.003792
-0.003497
-0.003308
-0.003733
-0.004323
-0.004028
-0.003014
-0.003219
-0.003956
-0.003514
-0.003398
-0.003676
-0.004414
-0.003971
-0.003474
-0.003531
-0.004415
-0.003826
-0.003784
-0.003914
-0.004799
-0.004209
-0.004228
-0.004137
-0.005170
-0.004432
-0.004464
-0.004447
-0.005480
-0.004742
-0.005277
-0.005039
-0.006219
-0.005334
-0.005439
-0.005275
-0.006455
-0.005570
-0.006621
-0.006236
-0.007563
-0.006531
-0.006710
-0.006398
-0.007725
-0.006693
-0.008260
-0.007727
-0.009202
-0.008022
-0.008275
-0.007816
-0.009291
-0.008111
-0.010194
-0.009514
-0.011136
-0.009809
-0.010135
-0.009529
-0.011151
-0.009824
-0.012423
-0.011595
-0.013365
-0.011890
-0.012291
-0.011536
-0.013306
-0.011831
-0.014947
-0.013972
-0.015889
-0.014266
-0.014741
-0.013839
-0.015756
-0.014134
-0.017766
-0.016643
-0.018708
-0.016938
-0.017486
-0.016437
-0.018501
-0.016732
-0.014219
-0.015750
-0.015013
-0.016193
-0.015266
-0.016872
-0.016134
-0.017314
-0.011728
-0.013113
-0.012523
-0.013555
-0.012702
-0.014160
-0.013570
-0.014603
-0.009533
-0.010770
-0.010327
-0.011212
-0.010433
-0.011744
-0.011301
-0.012186
-0.007633
-0.008722
-0.008427
-0.009164
-0.008459
-0.009622
-0.009327
-0.010064
-0.006027
-0.006969
-0.006822
-0.007412
-0.006780
-0.007795
-0.007648
-0.008238
-0.004717
-0.005511
-0.005511
-0.005954
-0.005396
-0.006264
-0.006264
-0.006706
-0.003701
-0.004348
-0.004496
-0.004791
-0.004306
-0.005027
-0.005174
-0.005469
-0.002981
-0.003480
-0.003775
-0.003923
-0.003512
-0.004085
-0.004380
-0.004528
-0.002555
-0.002907
-0.003349
-0.003349
-0.003013
-0.003438
-0.003881
-0.003881
-0.002424
-0.002629
-0.003219
-0.003071
-0.002808
-0.003086
-0.003676
-0.003529
-0.002589
-0.002646
-0.003383
-0.003088
-0.002899
-0.003029
-0.003767
-0.003472
-0.003048
-0.002957
-0.003842
-0.003400
-0.003284
-0.003267
-0.004152
-0.003710
-0.003802
-0.003564
-0.004597
-0.004007
-0.003965
-0.003800
-0.004833
-0.004243
-0.004851
-0.004466
-0.005646
-0.004908
-0.004940
-0.004628
-0.005808
-0.005071
-0.006195
-0.005662
-0.006990
-0.006105
-0.006210
-0.005751
-0.007079
-0.006194
-0.007834
-0.007154
-0.008629
-0.007596
-0.007776
-0.007169
-0.008644
-0.007612
-0.009768
-0.008941
-0.010563
-0.009383
-0.009636
-0.008882
-0.010504
-0.009324
-0.011997
-0.011022
-0.012792
-0.011464
-0.011791
-0.010890
-0.012659
-0.011332
-0.014521
-0.013398
-0.015316
-0.013841
-0.014241
-0.013192
-0.015109
-0.013635
-0.017340
-0.016070
-0.018134
-0.016512
-0.016987
-0.015790
-0.017855
-0.016232
-0.014088
-0.015472
-0.014735
-0.016062
-0.015062
-0.016520
-0.015782
-0.017110
-0.011598
-0.012835
-0.012245
-0.013424
-0.012498
-0.013808
-0.013218
-0.014398
-0.009402
-0.010492
-0.010049
-0.011082
-0.010229
-0.011392
-0.010949
-0.011982
-0.007502
-0.008444
-0.008149
-0.009034
-0.008255
-0.009270
-0.008975
-0.009860
-0.005897
-0.006691
-0.006544
-0.007281
-0.006575
-0.007443
-0.007296
-0.008033
-0.004586
-0.005233
-0.005233
-0.005823
-0.005191
-0.005912
-0.005912
-0.006502
-0.003571
-0.004070
-0.004218
-0.004660
-0.004102
-0.004675
-0.004822
-0.005265
-0.002850
-0.003202
-0.003497
-0.003792
-0.003308
-0.003733
-0.004028
-0.004323
-0.002424
-0.002629
-0.003071
-0.003219
-0.002808
-0.003086
-0.003529
-0.003676
-0.002294
-0.002351
-0.002941
-0.002941
-0.002604
-0.002734
-0.003324
-0.003324
-0.002458
-0.002368
-0.003105
-0.002957
-0.002694
-0.002678
-0.003415
-0.003267
-0.002917
-0.002679
-0.003564
-0.003269
-0.003080
-0.002916
-0.003800
-0.003505
-0.003672
-0.003286
-0.004318
-0.003876
-0.003760
-0.003449
-0.004481
-0.004038
-0.004721
-0.004188
-0.005368
-0.004778
-0.004736
-0.004276
-0.005456
-0.004866
-0.006065
-0.005384
-0.006712
-0.005974
-0.006006
-0.005399
-0.006727
-0.005989
-0.007704
-0.006876
-0.008351
-0.007466
-0.007571
-0.006817
-0.008292
-0.007407
-0.009638
-0.008662
-0.010285
-0.009252
-0.009432
-0.008530
-0.010152
-0.009120
-0.011867
-0.010744
-0.012514
-0.011334
-0.011587
-0.010538
-0.012307
-0.011128
-0.014391
-0.013120
-0.015037
-0.013710
-0.014037
-0.012840
-0.014758
-0.013430
-0.017210
-0.015792
-0.017856
-0.016382
-0.016782
-0.015438
-0.017503
-0.016028
-0.014252
-0.015489
-0.014752
-0.016227
-0.015152
-0.016463
-0.015725
-0.017200
-0.011762
-0.012851
-0.012261
-0.013589
-0.012588
-0.013751
-0.013161
-0.014489
-0.009567
-0.010509
-0.010066
-0.011246
-0.010319
-0.011335
-0.010892
-0.012072
-0.007666
-0.008461
-0.008166
-0.009198
-0.008345
-0.009213
-0.008918
-0.009951
-0.006061
-0.006708
-0.006560
-0.007445
-0.006666
-0.007386
-0.007239
-0.008124
-0.004750
-0.005250
-0.005250
-0.005987
-0.005282
-0.005855
-0.005855
-0.006592
-0.003735
-0.004087
-0.004234
-0.004824
-0.004192
-0.004618
-0.004766
-0.005355
-0.003014
-0.003219
-0.003514
-0.003956
-0.003398
-0.003676
-0.003971
-0.004414
-0.002589
-0.002646
-0.003088
-0.003383
-0.002899
-0.003029
-0.003472
-0.003767
-0.002458
-0.002368
-0.002957
-0.003105
-0.002694
-0.002678
-0.003267
-0.003415
-0.002622
-0.002384
-0.003122
-0.003122
-0.002785
-0.002621
-0.003358
-0.003358
-0.003082
-0.002696
-0.003581
-0.003434
-0.003170
-0.002859
-0.003744
-0.003596
-0.003836
-0.003303
-0.004335
-0.004040
-0.003851
-0.003392
-0.004424
-0.004129
-0.004885
-0.004205
-0.005384
-0.004942
-0.004826
-0.004220
-0.005399
-0.004957
-0.006229
-0.005401
-0.006728
-0.006139
-0.006097
-0.005342
-0.006670
-0.006080
-0.007868
-0.006893
-0.008367
-0.007630
-0.007662
-0.006760
-0.008235
-0.007498
-0.009802
-0.008679
-0.010301
-0.009417
-0.009522
-0.008473
-0.010095
-0.009210
-0.012031
-0.010761
-0.012530
-0.011498
-0.011677
-0.010481
-0.012250
-0.011218
-0.014555
-0.013137
-0.015054
-0.013874
-0.014128
-0.012783
-0.014701
-0.013521
-0.017374
-0.015808
-0.017873
-0.016546
-0.016873
-0.015381
-0.017446
-0.016118
-0.014712
-0.015801
-0.015064
-0.016686
-0.015538
-0.016701
-0.015963
-0.017586
-0.012221
-0.013163
-0.012573
-0.014048
-0.012974
-0.013989
-0.013399
-0.014874
-0.010026
-0.010820
-0.010378
-0.011705
-0.010705
-0.011573
-0.011130
-0.012458
-0.008126
-0.008772
-0.008478
-0.009657
-0.008731
-0.009451
-0.009156
-0.010336
-0.006520
-0.007020
-0.006872
-0.007904
-0.007051
-0.007625
-0.007477
-0.008509
-0.005210
-0.005562
-0.005562
-0.006446
-0.005667
-0.006093
-0.006093
-0.006978
-0.004194
-0.004399
-0.004546
-0.005283
-0.004578
-0.004856
-0.005004
-0.005741
-0.003474
-0.003531
-0.003826
-0.004415
-0.003784
-0.003914
-0.004209
-0.004799
-0.003048
-0.002957
-0.003400
-0.003842
-0.003284
-0.003267
-0.003710
-0.004152
-0.002917
-0.002679
-0.003269
-0.003564
-0.003080
-0.002916
-0.003505
-0.003800
-0.003082
-0.002696
-0.003434
-0.003581
-0.003170
-0.002859
-0.003596
-0.003744
-0.003541
-0.003008
-0.003893
-0.003893
-0.003556
-0.003097
-0.003982
-0.003982
-0.004295
-0.003615
-0.004647
-0.004499
-0.004236
-0.003630
-0.004662
-0.004515
-0.005344
-0.004516
-0.005696
-0.005401
-0.005212
-0.004458
-0.005637
-0.005342
-0.006688
-0.005713
-0.007040
-0.006598
-0.006482
-0.005580
-0.006908
-0.006465
-0.008327
-0.007204
-0.008679
-0.008089
-0.008047
-0.006998
-0.008473
-0.007883
-0.010261
-0.008991
-0.010613
-0.009876
-0.009908
-0.008711
-0.010333
-0.009596
-0.012490
-0.011072
-0.012842
-0.011957
-0.012063
-0.010719
-0.012489
-0.011604
-0.015014
-0.013449
-0.015366
-0.014334
-0.014513
-0.013021
-0.014939
-0.013906
-0.017833
-0.016120
-0.018185
-0.017005
-0.017258
-0.015619
-0.017684
-0.016504
-0.015466
-0.016408
-0.015670
-0.017440
-0.016218
-0.017234
-0.016496
-0.018266
-0.012976
-0.013770
-0.013180
-0.014802
-0.013654
-0.014522
-0.013932
-0.015555
-0.010780
-0.011427
-0.010985
-0.012459
-0.011385
-0.012106
-0.011663
-0.013138
-0.008880
-0.009379
-0.009084
-0.010412
-0.009411
-0.009984
-0.009689
-0.011016
-0.007274
-0.007626
-0.007479
-0.008659
-0.007732
-0.008157
-0.008010
-0.009190
-0.005964
-0.006168
-0.006168
-0.007201
-0.006348
-0.006626
-0.006626
-0.007658
-0.004948
-0.005005
-0.005153
-0.006038
-0.005258
-0.005389
-0.005537
-0.006421
-0.004228
-0.004137
-0.004432
-0.005170
-0.004464
-0.004447
-0.004742
-0.005480
-0.003802
-0.003564
-0.004007
-0.004597
-0.003965
-0.003800
-0.004243
-0.004833
-0.003672
-0.003286
-0.003876
-0.004318
-0.003760
-0.003449
-0.004038
-0.004481
-0.003836
-0.003303
-0.004040
-0.004335
-0.003851
-0.003392
-0.004129
-0.004424
-0.004295
-0.003615
-0.004499
-0.004647
-0.004236
-0.003630
-0.004515
-0.004662
-0.005049
-0.004221
-0.005254
-0.005254
-0.004917
-0.004163
-0.005195
-0.005195
-0.006098
-0.005123
-0.006303
-0.006155
-0.005892
-0.004991
-0.006170
-0.006023
-0.007442
-0.006320
-0.007647
-0.007352
-0.007163
-0.006113
-0.007441
-0.007146
-0.009082
-0.007811
-0.009286
-0.008843
-0.008728
-0.007531
-0.009006
-0.008564
-0.011016
-0.009598
-0.011220
-0.010630
-0.010588
-0.009244
-0.010866
-0.010276
-0.013244
-0.011679
-0.013449
-0.012711
-0.012743
-0.011252
-0.013021
-0.012284
-0.015768
-0.014056
-0.015973
-0.015088
-0.015194
-0.013554
-0.015472
-0.014587
-0.018587
-0.016727
-0.018792
-0.017759
-0.017939
-0.016152
-0.018217
-0.017184
-0.016515
-0.017309
-0.016572
-0.018489
-0.017194
-0.018062
-0.017324
-0.019241
-0.014025
-0.014672
-0.014082
-0.015851
-0.014630
-0.015350
-0.014760
-0.016530
-0.011829
-0.012329
-0.011886
-0.013509
-0.012361
-0.012934
-0.012491
-0.014113
-0.009929
-0.010281
-0.009986
-0.011461
-0.010386
-0.010812
-0.010517
-0.011992
-0.008324
-0.008528
-0.008380
-0.009708
-0.008707
-0.008985
-0.008838
-0.010165
-0.007013
-0.007070
-0.007070
-0.008250
-0.007323
-0.007454
-0.007454
-0.008634
-0.005998
-0.005907
-0.006054
-0.007087
-0.006234
-0.006217
-0.006364
-0.007397
-0.005277
-0.005039
-0.005334
-0.006219
-0.005439
-0.005275
-0.005570
-0.006455
-0.004851
-0.004466
-0.004908
-0.005646
-0.004940
-0.004628
-0.005071
-0.005808
-0.004721
-0.004188
-0.004778
-0.005368
-0.004736
-0.004276
-0.004866
-0.005456
-0.004885
-0.004205
-0.004942
-0.005384
-0.004826
-0.004220
-0.004957
-0.005399
-0.005344
-0.004516
-0.005401
-0.005696
-0.005212
-0.004458
-0.005342
-0.005637
-0.006098
-0.005123
-0.006155
-0.006303
-0.005892
-0.004991
-0.006023
-0.006170
-0.007148
-0.006025
-0.007204
-0.007204
-0.006868
-0.005818
-0.006998
-0.006998
-0.008492
-0.007221
-0.008549
-0.008401
-0.008138
-0.006941
-0.008269
-0.008121
-0.010131
-0.008713
-0.010188
-0.009893
-0.009703
-0.008359
-0.009834
-0.009539
-0.012065
-0.010499
-0.012122
-0.011679
-0.011564
-0.010072
-0.011694
-0.011252
-0.014294
-0.012581
-0.014351
-0.013761
-0.013719
-0.012080
-0.013849
-0.013260
-0.016818
-0.014957
-0.016874
-0.016137
-0.016169
-0.014382
-0.016300
-0.015562
-0.019636
-0.017629
-0.019693
-0.018808
-0.018914
-0.016980
-0.019045
-0.018160
-0.017859
-0.018506
-0.017769
-0.019833
-0.018464
-0.019185
-0.018447
-0.020512
-0.015369
-0.015868
-0.015278
-0.017195
-0.015900
-0.016473
-0.015883
-0.017800
-0.013173
-0.013525
-0.013083
-0.014853
-0.013631
-0.014057
-0.013614
-0.015384
-0.011273
-0.011477
-0.011183
-0.012805
-0.011657
-0.011935
-0.011640
-0.013262
-0.009668
-0.009725
-0.009577
-0.011052
-0.009978
-0.010108
-0.009961
-0.011436
-0.008357
-0.008267
-0.008267
-0.009594
-0.008593
-0.008577
-0.008577
-0.009904
-0.007342
-0.007104
-0.007251
-0.008431
-0.007504
-0.007340
-0.007487
-0.008667
-0.006621
-0.006236
-0.006531
-0.007563
-0.006710
-0.006398
-0.006693
-0.007725
-0.006195
-0.005662
-0.006105
-0.006990
-0.006210
-0.005751
-0.006194
-0.007079
-0.006065
-0.005384
-0.005974
-0.006712
-0.006006
-0.005399
-0.005989
-0.006727
-0.006229
-0.005401
-0.006139
-0.006728
-0.006097
-0.005342
-0.006080
-0.006670
-0.006688
-0.005713
-0.006598
-0.007040
-0.006482
-0.005580
-0.006465
-0.006908
-0.007442
-0.006320
-0.007352
-0.007647
-0.007163
-0.006113
-0.007146
-0.007441
-0.008492
-0.007221
-0.008401
-0.008549
-0.008138
-0.006941
-0.008121
-0.008269
-0.009836
-0.008418
-0.009745
-0.009745
-0.009408
-0.008064
-0.009392
-0.009392
-0.011475
-0.009909
-0.011384
-0.011237
-0.010974
-0.009482
-0.010957
-0.010809
-0.013409
-0.011696
-0.013318
-0.013023
-0.012834
-0.011195
-0.012817
-0.012522
-0.015638
-0.013777
-0.015547
-0.015105
-0.014989
-0.013203
-0.014972
-0.014530
-0.018162
-0.016154
-0.018071
-0.017481
-0.017439
-0.015505
-0.017422
-0.016833
-0.020980
-0.018825
-0.020890
-0.020153
-0.020184
-0.018103
-0.020168
-0.019430
-0.019498
-0.019997
-0.019260
-0.021472
-0.020029
-0.020602
-0.019865
-0.022077
-0.017008
-0.017360
-0.016770
-0.018834
-0.017465
-0.017891
-0.017301
-0.019366
-0.014812
-0.015017
-0.014574
-0.016492
-0.015196
-0.015474
-0.015032
-0.016949
-0.012912
-0.012969
-0.012674
-0.014444
-0.013222
-0.013353
-0.013058
-0.014828
-0.011307
-0.011216
-0.011069
-0.012691
-0.011543
-0.011526
-0.011379
-0.013001
-0.009996
-0.009758
-0.009758
-0.011233
-0.010159
-0.009994
-0.009994
-0.011469
-0.008981
-0.008595
-0.008743
-0.010070
-0.009069
-0.008758
-0.008905
-0.010232
-0.008260
-0.007727
-0.008022
-0.009202
-0.008275
-0.007816
-0.008111
-0.009291
-0.007834
-0.007154
-0.007596
-0.008629
-0.007776
-0.007169
-0.007612
-0.008644
-0.007704
-0.006876
-0.007466
-0.008351
-0.007571
-0.006817
-0.007407
-0.008292
-0.007868
-0.006893
-0.007630
-0.008367
-0.007662
-0.006760
-0.007498
-0.008235
-0.008327
-0.007204
-0.008089
-0.008679
-0.008047
-0.006998
-0.007883
-0.008473
-0.009082
-0.007811
-0.008843
-0.009286
-0.008728
-0.007531
-0.008564
-0.009006
-0.010131
-0.008713
-0.009893
-0.010188
-0.009703
-0.008359
-0.009539
-0.009834
-0.011475
-0.009909
-0.011237
-0.011384
-0.010974
-0.009482
-0.010809
-0.010957
-0.013114
-0.011401
-0.012876
-0.012876
-0.012539
-0.010900
-0.012375
-0.012375
-0.015048
-0.013188
-0.014810
-0.014662
-0.014399
-0.012613
-0.014235
-0.014087
-0.017277
-0.015269
-0.017039
-0.016744
-0.016554
-0.014620
-0.016390
-0.016095
-0.019801
-0.017645
-0.019563
-0.019120
-0.019005
-0.016923
-0.018840
-0.018398
-0.022620
-0.020317
-0.022381
-0.021792
-0.021750
-0.019521
-0.021585
-0.020996
-0.021432
-0.021784
-0.021047
-0.023406
-0.021890
-0.022315
-0.021578
-0.023937
-0.018942
-0.019146
-0.018556
-0.020768
-0.019326
-0.019604
-0.019014
-0.021226
-0.016746
-0.016803
-0.016361
-0.018426
-0.017056
-0.017187
-0.016745
-0.018809
-0.014846
-0.014756
-0.014461
-0.016378
-0.015082
-0.015066
-0.014771
-0.016688
-0.013241
-0.013003
-0.012855
-0.014625
-0.013403
-0.013239
-0.013091
-0.014861
-0.011930
-0.011545
-0.011545
-0.013167
-0.012019
-0.011707
-0.011707
-0.013329
-0.010915
-0.010382
-0.010529
-0.012004
-0.010930
-0.010470
-0.010618
-0.012093
-0.010194
-0.009514
-0.009809
-0.011136
-0.010135
-0.009529
-0.009824
-0.011151
-0.009768
-0.008941
-0.009383
-0.010563
-0.009636
-0.008882
-0.009324
-0.010504
-0.009638
-0.008662
-0.009252
-0.010285
-0.009432
-0.008530
-0.009120
-0.010152
-0.009802
-0.008679
-0.009417
-0.010301
-0.009522
-0.008473
-0.009210
-0.010095
-0.010261
-0.008991
-0.009876
-0.010613
-0.009908
-0.008711
-0.009596
-0.010333
-0.011016
-0.009598
-0.010630
-0.011220
-0.010588
-0.009244
-0.010276
-0.010866
-0.012065
-0.010499
-0.011679
-0.012122
-0.011564
-0.010072
-0.011252
-0.011694
-0.013409
-0.011696
-0.013023
-0.013318
-0.012834
-0.011195
-0.012522
-0.012817
-0.015048
-0.013188
-0.014662
-0.014810
-0.014399
-0.012613
-0.014087
-0.014235
-0.016982
-0.014974
-0.016596
-0.016596
-0.016259
-0.014325
-0.015948
-0.015948
-0.019211
-0.017056
-0.018825
-0.018678
-0.018415
-0.016333
-0.018103
-0.017955
-0.021735
-0.019432
-0.021349
-0.021054
-0.020865
-0.018636
-0.020553
-0.020258
-0.024554
-0.022103
-0.024168
-0.023726
-0.023610
-0.021234
-0.023298
-0.022856
-0.023661
-0.023865
-0.023128
-0.025635
-0.024045
-0.024323
-0.023586
-0.026093
-0.021171
-0.021228
-0.020638
-0.022997
-0.021481
-0.021611
-0.021022
-0.023381
-0.018975
-0.018885
-0.018442
-0.020655
-0.019212
-0.019195
-0.018752
-0.020965
-0.017075
-0.016837
-0.016542
-0.018607
-0.017238
-0.017073
-0.016778
-0.018843
-0.015470
-0.015084
-0.014937
-0.016854
-0.015558
-0.015247
-0.015099
-0.017016
-0.014159
-0.013626
-0.013626
-0.015396
-0.014174
-0.013715
-0.013715
-0.015485
-0.013144
-0.012463
-0.012611
-0.014233
-0.013085
-0.012478
-0.012626
-0.014248
-0.012423
-0.011595
-0.011890
-0.013365
-0.012291
-0.011536
-0.011831
-0.013306
-0.011997
-0.011022
-0.011464
-0.012792
-0.011791
-0.010890
-0.011332
-0.012659
-0.011867
-0.010744
-0.011334
-0.012514
-0.011587
-0.010538
-0.011128
-0.012307
-0.012031
-0.010761
-0.011498
-0.012530
-0.011677
-0.010481
-0.011218
-0.012250
-0.012490
-0.011072
-0.011957
-0.012842
-0.012063
-0.010719
-0.011604
-0.012489
-0.013244
-0.011679
-0.012711
-0.013449
-0.012743
-0.011252
-0.012284
-0.013021
-0.014294
-0.012581
-0.013761
-0.014351
-0.013719
-0.012080
-0.013260
-0.013849
-0.015638
-0.013777
-0.015105
-0.015547
-0.014989
-0.013203
-0.014530
-0.014972
-0.017277
-0.015269
-0.016744
-0.017039
-0.016554
-0.014620
-0.016095
-0.016390
-0.019211
-0.017056
-0.018678
-0.018825
-0.018415
-0.016333
-0.017955
-0.018103
-0.021440
-0.019137
-0.020907
-0.020907
-0.020570
-0.018341
-0.020111
-0.020111
-0.023964
-0.021513
-0.023431
-0.023283
-0.023020
-0.020644
-0.022561
-0.022413
-0.026782
-0.024185
-0.026249
-0.025955
-0.025765
-0.023241
-0.025306
-0.025011
-0.026185
-0.026242
-0.025504
-0.028159
-0.026495
-0.026626
-0.025888
-0.028543
-0.023695
-0.023604
-0.023014
-0.025521
-0.023931
-0.023914
-0.023324
-0.025831
-0.021499
-0.021261
-0.020819
-0.023178
-0.021662
-0.021498
-0.021055
-0.023415
-0.019599
-0.019213
-0.018918
-0.021131
-0.019688
-0.019376
-0.019081
-0.021293
-0.017994
-0.017461
-0.017313
-0.019378
-0.018009
-0.017549
-0.017402
-0.019467
-0.016683
-0.016003
-0.016003
-0.017920
-0.016624
-0.016018
-0.016018
-0.017935
-0.015668
-0.014840
-0.014987
-0.016757
-0.015535
-0.014781
-0.014928
-0.016698
-0.014947
-0.013972
-0.014266
-0.015889
-0.014741
-0.013839
-0.014134
-0.015756
-0.014521
-0.013398
-0.013841
-0.015316
-0.014241
-0.013192
-0.013635
-0.015109
-0.014391
-0.013120
-0.013710
-0.015037
-0.014037
-0.012840
-0.013430
-0.014758
-0.014555
-0.013137
-0.013874
-0.015054
-0.014128
-0.012783
-0.013521
-0.014701
-0.015014
-0.013449
-0.014334
-0.015366
-0.014513
-0.013021
-0.013906
-0.014939
-0.015768
-0.014056
-0.015088
-0.015973
-0.015194
-0.013554
-0.014587
-0.015472
-0.016818
-0.014957
-0.016137
-0.016874
-0.016169
-0.014382
-0.015562
-0.016300
-0.018162
-0.016154
-0.017481
-0.018071
-0.017439
-0.015505
-0.016833
-0.017422
-0.019801
-0.017645
-0.019120
-0.019563
-0.019005
-0.016923
-0.018398
-0.018840
-0.021735
-0.019432
-0.021054
-0.021349
-0.020865
-0.018636
-0.020258
-0.020553
-0.023964
-0.021513
-0.023283
-0.023431
-0.023020
-0.020644
-0.022413
-0.022561
-0.026488
-0.023890
-0.025807
-0.025807
-0.025470
-0.022946
-0.024864
-0.024864
-0.029306
-0.026561
-0.028626
-0.028478
-0.028215
-0.025544
-0.027609
-0.027461
-0.029004
-0.028913
-0.028176
-0.030978
-0.029240
-0.029223
-0.028486
-0.031288
-0.026514
-0.026275
-0.025686
-0.028340
-0.026676
-0.026512
-0.025922
-0.028576
-0.024318
-0.023933
-0.023490
-0.025997
-0.024407
-0.024095
-0.023653
-0.026160
-0.022418
-0.021885
-0.021590
-0.023949
-0.022433
-0.021974
-0.021679
-0.024038
-0.020812
-0.020132
-0.019984
-0.022197
-0.020754
-0.020147
-0.019999
-0.022212
-0.019502
-0.018674
-0.018674
-0.020739
-0.019369
-0.018615
-0.018615
-0.020680
-0.018486
-0.017511
-0.017658
-0.019576
-0.018280
-0.017379
-0.017526
-0.019443
-0.017766
-0.016643
-0.016938
-0.018708
-0.017486
-0.016437
-0.016732
-0.018501
-0.017340
-0.016070
-0.016512
-0.018134
-0.016987
-0.015790
-0.016232
-0.017855
-0.017210
-0.015792
-0.016382
-0.017856
-0.016782
-0.015438
-0.016028
-0.017503
-0.017374
-0.015808
-0.016546
-0.017873
-0.016873
-0.015381
-0.016118
-0.017446
-0.017833
-0.016120
-0.017005
-0.018185
-0.017258
-0.015619
-0.016504
-0.017684
-0.018587
-0.016727
-0.017759
-0.018792
-0.017939
-0.016152
-0.017184
-0.018217
-0.019636
-0.017629
-0.018808
-0.019693
-0.018914
-0.016980
-0.018160
-0.019045
-0.020980
-0.018825
-0.020153
-0.020890
-0.020184
-0.018103
-0.019430
-0.020168
-0.022620
-0.020317
-0.021792
-0.022381
-0.021750
-0.019521
-0.020996
-0.021585
-0.024554
-0.022103
-0.023726
-0.024168
-0.023610
-0.021234
-0.022856
-0.023298
-0.026782
-0.024185
-0.025955
-0.026249
-0.025765
-0.023241
-0.025011
-0.025306
-0.029306
-0.026561
-0.028478
-0.028626
-0.028215
-0.025544
-0.027461
-0.027609
-0.032125
-0.029233
-0.031297
-0.031297
-0.030960
-0.028142
-0.030206
-0.030206
-0.024867
-0.027578
-0.026694
-0.026694
-0.026430
-0.029216
-0.028331
-0.028331
-0.022377
-0.024941
-0.024203
-0.024056
-0.023866
-0.026504
-0.025767
-0.025619
-0.020181
-0.022598
-0.022008
-0.021713
-0.021597
-0.024088
-0.023498
-0.023203
-0.018281
-0.020550
-0.020108
-0.019665
-0.019623
-0.021966
-0.021524
-0.021081
-0.016675
-0.018797
-0.018502
-0.017912
-0.017944
-0.020139
-0.019844
-0.019255
-0.015365
-0.017339
-0.017192
-0.016454
-0.016560
-0.018608
-0.018460
-0.017723
-0.014349
-0.016176
-0.016176
-0.015291
-0.015471
-0.017371
-0.017371
-0.016486
-0.013629
-0.015308
-0.015456
-0.014423
-0.014676
-0.016429
-0.016577
-0.015544
-0.013203
-0.014735
-0.015030
-0.013850
-0.014177
-0.015782
-0.016077
-0.014897
-0.013073
-0.014457
-0.014899
-0.013572
-0.013972
-0.015430
-0.015873
-0.014546
-0.013237
-0.014474
-0.015064
-0.013589
-0.014063
-0.015374
-0.015963
-0.014489
-0.013696
-0.014785
-0.015523
-0.013901
-0.014449
-0.015612
-0.016349
-0.014727
-0.014450
-0.015392
-0.016277
-0.014507
-0.015129
-0.016145
-0.017029
-0.015260
-0.015499
-0.016294
-0.017326
-0.015409
-0.016104
-0.016972
-0.018005
-0.016088
-0.016844
-0.017490
-0.018670
-0.016606
-0.017375
-0.018095
-0.019275
-0.017210
-0.018483
-0.018982
-0.020309
-0.018097
-0.018940
-0.019513
-0.020840
-0.018628
-0.020417
-0.020768
-0.022243
-0.019884
-0.020800
-0.021226
-0.022701
-0.020341
-0.022646
-0.022850
-0.024472
-0.021965
-0.022956
-0.023234
-0.024856
-0.022349
-0.025169
-0.025226
-0.026996
-0.024341
-0.025406
-0.025536
-0.027306
-0.024651
-0.027988
-0.027898
-0.029815
-0.027013
-0.028151
-0.028134
-0.030051
-0.027249
-0.022377
-0.024941
-0.024056
-0.024203
-0.023866
-0.026504
-0.025619
-0.025767
-0.019886
-0.022303
-0.021565
-0.021565
-0.021302
-0.023793
-0.023055
-0.023055
-0.017691
-0.019960
-0.019370
-0.019223
-0.019033
-0.021376
-0.020786
-0.020639
-0.015791
-0.017912
-0.017470
-0.017175
-0.017059
-0.019255
-0.018812
-0.018517
-0.014185
-0.016159
-0.015864
-0.015422
-0.015380
-0.017428
-0.017133
-0.016690
-0.012875
-0.014701
-0.014554
-0.013964
-0.013996
-0.015896
-0.015749
-0.015159
-0.011859
-0.013538
-0.013538
-0.012801
-0.012907
-0.014659
-0.014659
-0.013922
-0.011139
-0.012670
-0.012818
-0.011933
-0.012112
-0.013718
-0.013865
-0.012980
-0.010713
-0.012097
-0.012392
-0.011360
-0.011613
-0.013071
-0.013366
-0.012333
-0.010582
-0.011819
-0.012261
-0.011082
-0.011408
-0.012719
-0.013161
-0.011982
-0.010747
-0.011836
-0.012426
-0.011098
-0.011499
-0.012662
-0.013252
-0.011925
-0.011206
-0.012148
-0.012885
-0.011410
-0.011885
-0.012900
-0.013637
-0.012163
-0.011960
-0.012754
-0.013639
-0.012017
-0.012565
-0.013433
-0.014318
-0.012696
-0.013009
-0.013656
-0.014688
-0.012919
-0.013540
-0.014261
-0.015293
-0.013524
-0.014353
-0.014853
-0.016032
-0.014115
-0.014811
-0.015384
-0.016564
-0.014646
-0.015992
-0.016344
-0.017671
-0.015607
-0.016376
-0.016802
-0.018129
-0.016064
-0.017926
-0.018131
-0.019605
-0.017393
-0.018236
-0.018514
-0.019989
-0.017777
-0.020155
-0.020212
-0.021834
-0.019475
-0.020391
-0.020522
-0.022144
-0.019785
-0.022679
-0.022589
-0.024358
-0.021851
-0.022842
-0.022825
-0.024595
-0.022087
-0.025498
-0.025260
-0.027177
-0.024523
-0.025587
-0.025422
-0.027340
-0.024685
-0.020181
-0.022598
-0.021713
-0.022008
-0.021597
-0.024088
-0.023203
-0.023498
-0.017691
-0.019960
-0.019223
-0.019370
-0.019033
-0.021376
-0.020639
-0.020786
-0.015496
-0.017617
-0.017027
-0.017027
-0.016764
-0.018960
-0.018370
-0.018370
-0.013595
-0.015569
-0.015127
-0.014979
-0.014790
-0.016838
-0.016396
-0.016248
-0.011990
-0.013816
-0.013522
-0.013227
-0.013111
-0.015011
-0.014716
-0.014421
-0.010679
-0.012359
-0.012211
-0.011769
-0.011727
-0.013480
-0.013332
-0.012890
-0.009664
-0.011196
-0.011196
-0.010606
-0.010637
-0.012243
-0.012243
-0.011653
-0.008943
-0.010327
-0.010475
-0.009738
-0.009843
-0.011301
-0.011449
-0.010711
-0.008518
-0.009754
-0.010049
-0.009164
-0.009344
-0.010654
-0.010949
-0.010064
-0.008387
-0.009476
-0.009919
-0.008886
-0.009139
-0.010302
-0.010745
-0.009712
-0.008551
-0.009493
-0.010083
-0.008903
-0.009230
-0.010245
-0.010835
-0.009656
-0.009010
-0.009805
-0.010542
-0.009215
-0.009615
-0.010483
-0.011221
-0.009894
-0.009765
-0.010412
-0.011296
-0.009822
-0.010296
-0.011016
-0.011901
-0.010427
-0.010814
-0.011313
-0.012346
-0.010723
-0.011271
-0.011844
-0.012877
-0.011254
-0.012158
-0.012510
-0.013690
-0.011920
-0.012542
-0.012967
-0.014147
-0.012377
-0.013797
-0.014001
-0.015329
-0.013411
-0.014107
-0.014385
-0.015712
-0.013795
-0.015731
-0.015788
-0.017263
-0.015198
-0.015967
-0.016098
-0.017573
-0.015508
-0.017960
-0.017869
-0.019492
-0.017279
-0.018122
-0.018106
-0.019728
-0.017516
-0.020484
-0.020246
-0.022015
-0.019656
-0.020573
-0.020408
-0.022178
-0.019818
-0.023303
-0.022917
-0.024834
-0.022327
-0.023318
-0.023006
-0.024923
-0.022416
-0.018281
-0.020550
-0.019665
-0.020108
-0.019623
-0.021966
-0.021081
-0.021524
-0.015791
-0.017912
-0.017175
-0.017470
-0.017059
-0.019255
-0.018517
-0.018812
-0.013595
-0.015569
-0.014979
-0.015127
-0.014790
-0.016838
-0.016248
-0.016396
-0.011695
-0.013522
-0.013079
-0.013079
-0.012816
-0.014716
-0.014274
-0.014274
-0.010089
-0.011769
-0.011474
-0.011326
-0.011137
-0.012890
-0.012595
-0.012447
-0.008779
-0.010311
-0.010163
-0.009868
-0.009753
-0.011358
-0.011211
-0.010916
-0.007763
-0.009148
-0.009148
-0.008705
-0.008663
-0.010121
-0.010121
-0.009679
-0.007043
-0.008280
-0.008427
-0.007837
-0.007869
-0.009180
-0.009327
-0.008737
-0.006617
-0.007707
-0.008001
-0.007264
-0.007370
-0.008533
-0.008828
-0.008090
-0.006487
-0.007428
-0.007871
-0.006986
-0.007165
-0.008181
-0.008623
-0.007738
-0.006651
-0.007445
-0.008035
-0.007003
-0.007256
-0.008124
-0.008714
-0.007681
-0.007110
-0.007757
-0.008494
-0.007315
-0.007641
-0.008362
-0.009099
-0.007919
-0.007864
-0.008364
-0.009249
-0.007921
-0.008322
-0.008895
-0.009780
-0.008452
-0.008913
-0.009265
-0.010298
-0.008823
-0.009297
-0.009723
-0.010755
-0.009280
-0.010258
-0.010462
-0.011642
-0.010020
-0.010568
-0.010846
-0.012025
-0.010403
-0.011897
-0.011954
-0.013281
-0.011511
-0.012133
-0.012264
-0.013591
-0.011821
-0.013831
-0.013740
-0.015215
-0.013298
-0.013993
-0.013976
-0.015451
-0.013534
-0.016060
-0.015821
-0.017444
-0.015379
-0.016148
-0.015984
-0.017606
-0.015542
-0.018583
-0.018198
-0.019968
-0.017755
-0.018598
-0.018287
-0.020056
-0.017844
-0.021402
-0.020869
-0.022786
-0.020427
-0.021344
-0.020884
-0.022802
-0.020442
-0.016675
-0.018797
-0.017912
-0.018502
-0.017944
-0.020139
-0.019255
-0.019844
-0.014185
-0.016159
-0.015422
-0.015864
-0.015380
-0.017428
-0.016690
-0.017133
-0.011990
-0.013816
-0.013227
-0.013522
-0.013111
-0.015011
-0.014421
-0.014716
-0.010089
-0.011769
-0.011326
-0.011474
-0.011137
-0.012890
-0.012447
-0.012595
-0.008484
-0.010016
-0.009721
-0.009721
-0.009458
-0.011063
-0.010768
-0.010768
-0.007174
-0.008558
-0.008410
-0.008263
-0.008073
-0.009531
-0.009384
-0.009236
-0.006158
-0.007395
-0.007395
-0.007100
-0.006984
-0.008295
-0.008295
-0.008000
-0.005437
-0.006527
-0.006674
-0.006232
-0.006190
-0.007353
-0.007500
-0.007058
-0.005012
-0.005954
-0.006249
-0.005659
-0.005691
-0.006706
-0.007001
-0.006411
-0.004881
-0.005675
-0.006118
-0.005381
-0.005486
-0.006354
-0.006797
-0.006059
-0.005045
-0.005692
-0.006282
-0.005397
-0.005577
-0.006297
-0.006887
-0.006002
-0.005505
-0.006004
-0.006741
-0.005709
-0.005962
-0.006535
-0.007273
-0.006240
-0.006259
-0.006611
-0.007496
-0.006316
-0.006643
-0.007068
-0.007953
-0.006773
-0.007308
-0.007512
-0.008545
-0.007217
-0.007618
-0.007896
-0.008928
-0.007601
-0.008652
-0.008709
-0.009889
-0.008414
-0.008888
-0.009019
-0.010199
-0.008724
-0.010291
-0.010201
-0.011528
-0.009906
-0.010454
-0.010437
-0.011764
-0.010142
-0.012225
-0.011987
-0.013462
-0.011692
-0.012314
-0.012150
-0.013624
-0.011855
-0.014454
-0.014069
-0.015691
-0.013774
-0.014469
-0.014157
-0.015780
-0.013862
-0.016978
-0.016445
-0.018215
-0.016150
-0.016919
-0.016460
-0.018230
-0.016165
-0.019797
-0.019116
-0.021034
-0.018821
-0.019664
-0.019058
-0.020975
-0.018763
-0.015365
-0.017339
-0.016454
-0.017192
-0.016560
-0.018608
-0.017723
-0.018460
-0.012875
-0.014701
-0.013964
-0.014554
-0.013996
-0.015896
-0.015159
-0.015749
-0.010679
-0.012359
-0.011769
-0.012211
-0.011727
-0.013480
-0.012890
-0.013332
-0.008779
-0.010311
-0.009868
-0.010163
-0.009753
-0.011358
-0.010916
-0.011211
-0.007174
-0.008558
-0.008263
-0.008410
-0.008073
-0.009531
-0.009236
-0.009384
-0.005863
-0.007100
-0.006952
-0.006952
-0.006689
-0.008000
-0.007852
-0.007852
-0.004848
-0.005937
-0.005937
-0.005789
-0.005600
-0.006763
-0.006763
-0.006615
-0.004127
-0.005069
-0.005216
-0.004921
-0.004806
-0.005821
-0.005969
-0.005674
-0.003701
-0.004496
-0.004791
-0.004348
-0.004306
-0.005174
-0.005469
-0.005027
-0.003571
-0.004218
-0.004660
-0.004070
-0.004102
-0.004822
-0.005265
-0.004675
-0.003735
-0.004234
-0.004824
-0.004087
-0.004192
-0.004766
-0.005355
-0.004618
-0.004194
-0.004546
-0.005283
-0.004399
-0.004578
-0.005004
-0.005741
-0.004856
-0.004948
-0.005153
-0.006038
-0.005005
-0.005258
-0.005537
-0.006421
-0.005389
-0.005998
-0.006054
-0.007087
-0.005907
-0.006234
-0.006364
-0.007397
-0.006217
-0.007342
-0.007251
-0.008431
-0.007104
-0.007504
-0.007487
-0.008667
-0.007340
-0.008981
-0.008743
-0.010070
-0.008595
-0.009069
-0.008905
-0.010232
-0.008758
-0.010915
-0.010529
-0.012004
-0.010382
-0.010930
-0.010618
-0.012093
-0.010470
-0.013144
-0.012611
-0.014233
-0.012463
-0.013085
-0.012626
-0.014248
-0.012478
-0.015668
-0.014987
-0.016757
-0.014840
-0.015535
-0.014928
-0.016698
-0.014781
-0.018486
-0.017658
-0.019576
-0.017511
-0.018280
-0.017526
-0.019443
-0.017379
-0.014349
-0.016176
-0.015291
-0.016176
-0.015471
-0.017371
-0.016486
-0.017371
-0.011859
-0.013538
-0.012801
-0.013538
-0.012907
-0.014659
-0.013922
-0.014659
-0.009664
-0.011196
-0.010606
-0.011196
-0.010637
-0.012243
-0.011653
-0.012243
-0.007763
-0.009148
-0.008705
-0.009148
-0.008663
-0.010121
-0.009679
-0.010121
-0.006158
-0.007395
-0.007100
-0.007395
-0.006984
-0.008295
-0.008000
-0.008295
-0.004848
-0.005937
-0.005789
-0.005937
-0.005600
-0.006763
-0.006615
-0.006763
-0.003832
-0.004774
-0.004774
-0.004774
-0.004511
-0.005526
-0.005526
-0.005526
-0.003111
-0.003906
-0.004053
-0.003906
-0.003716
-0.004584
-0.004732
-0.004584
-0.002686
-0.003333
-0.003628
-0.003333
-0.003217
-0.003938
-0.004233
-0.003938
-0.002555
-0.003055
-0.003497
-0.003055
-0.003013
-0.003586
-0.004028
-0.003586
-0.002719
-0.003071
-0.003661
-0.003071
-0.003103
-0.003529
-0.004119
-0.003529
-0.003179
-0.003383
-0.004120
-0.003383
-0.003489
-0.003767
-0.004504
-0.003767
-0.003933
-0.003990
-0.004875
-0.003990
-0.004169
-0.004300
-0.005185
-0.004300
-0.004982
-0.004891
-0.005924
-0.004891
-0.005145
-0.005128
-0.006160
-0.005128
-0.006326
-0.006088
-0.007268
-0.006088
-0.006415
-0.006251
-0.007430
-0.006251
-0.007965
-0.007580
-0.008907
-0.007580
-0.007980
-0.007668
-0.008996
-0.007668
-0.009899
-0.009366
-0.010841
-0.009366
-0.009840
-0.009381
-0.010856
-0.009381
-0.012128
-0.011448
-0.013070
-0.011448
-0.011996
-0.011389
-0.013011
-0.011389
-0.014652
-0.013824
-0.015594
-0.013824
-0.014446
-0.013692
-0.015461
-0.013692
-0.017471
-0.016495
-0.018413
-0.016495
-0.017191
-0.016289
-0.018206
-0.016289
-0.013629
-0.015308
-0.014423
-0.015456
-0.014676
-0.016429
-0.015544
-0.016577
-0.011139
-0.012670
-0.011933
-0.012818
-0.012112
-0.013718
-0.012980
-0.013865
-0.008943
-0.010327
-0.009738
-0.010475
-0.009843
-0.011301
-0.010711
-0.011449
-0.007043
-0.008280
-0.007837
-0.008427
-0.007869
-0.009180
-0.008737
-0.009327
-0.005437
-0.006527
-0.006232
-0.006674
-0.006190
-0.007353
-0.007058
-0.007500
-0.004127
-0.005069
-0.004921
-0.005216
-0.004806
-0.005821
-0.005674
-0.005969
-0.003111
-0.003906
-0.003906
-0.004053
-0.003716
-0.004584
-0.004584
-0.004732
-0.002391
-0.003038
-0.003185
-0.003185
-0.002922
-0.003643
-0.003790
-0.003790
-0.001965
-0.002465
-0.002760
-0.002612
-0.002423
-0.002996
-0.003291
-0.003143
-0.001835
-0.002186
-0.002629
-0.002334
-0.002218
-0.002644
-0.003086
-0.002791
-0.001999
-0.002203
-0.002793
-0.002351
-0.002309
-0.002587
-0.003177
-0.002734
-0.002458
-0.002515
-0.003252
-0.002663
-0.002694
-0.002825
-0.003562
-0.002973
-0.003212
-0.003122
-0.004007
-0.003269
-0.003375
-0.003358
-0.004243
-0.003505
-0.004261
-0.004023
-0.005056
-0.004171
-0.004350
-0.004186
-0.005218
-0.004333
-0.005606
-0.005220
-0.006400
-0.005368
-0.005621
-0.005309
-0.006489
-0.005456
-0.007245
-0.006712
-0.008039
-0.006859
-0.007186
-0.006727
-0.008054
-0.006874
-0.009179
-0.008498
-0.009973
-0.008646
-0.009046
-0.008439
-0.009914
-0.008587
-0.011408
-0.010580
-0.012202
-0.010727
-0.011201
-0.010447
-0.012069
-0.010595
-0.013931
-0.012956
-0.014726
-0.013103
-0.013652
-0.012750
-0.014520
-0.012897
-0.016750
-0.015627
-0.017545
-0.015775
-0.016397
-0.015347
-0.017265
-0.015495
-0.013203
-0.014735
-0.013850
-0.015030
-0.014177
-0.015782
-0.014897
-0.016077
-0.010713
-0.012097
-0.011360
-0.012392
-0.011613
-0.013071
-0.012333
-0.013366
-0.008518
-0.009754
-0.009164
-0.010049
-0.009344
-0.010654
-0.010064
-0.010949
-0.006617
-0.007707
-0.007264
-0.008001
-0.007370
-0.008533
-0.008090
-0.008828
-0.005012
-0.005954
-0.005659
-0.006249
-0.005691
-0.006706
-0.006411
-0.007001
-0.003701
-0.004496
-0.004348
-0.004791
-0.004306
-0.005174
-0.005027
-0.005469
-0.002686
-0.003333
-0.003333
-0.003628
-0.003217
-0.003938
-0.003938
-0.004233
-0.001965
-0.002465
-0.002612
-0.002760
-0.002423
-0.002996
-0.003143
-0.003291
-0.001540
-0.001892
-0.002186
-0.002186
-0.001923
-0.002349
-0.002644
-0.002644
-0.001409
-0.001613
-0.002056
-0.001908
-0.001719
-0.001997
-0.002440
-0.002292
-0.001573
-0.001630
-0.002220
-0.001925
-0.001810
-0.001940
-0.002530
-0.002235
-0.002032
-0.001942
-0.002679
-0.002237
-0.002195
-0.002178
-0.002916
-0.002473
-0.002787
-0.002549
-0.003434
-0.002844
-0.002875
-0.002711
-0.003596
-0.003006
-0.003836
-0.003450
-0.004483
-0.003745
-0.003851
-0.003539
-0.004571
-0.003834
-0.005180
-0.004647
-0.005827
-0.004942
-0.005121
-0.004662
-0.005842
-0.004957
-0.006819
-0.006139
-0.007466
-0.006433
-0.006687
-0.006080
-0.007407
-0.006375
-0.008753
-0.007925
-0.009400
-0.008220
-0.008547
-0.007793
-0.009267
-0.008088
-0.010982
-0.010006
-0.011629
-0.010301
-0.010702
-0.009800
-0.011423
-0.010095
-0.013506
-0.012383
-0.014153
-0.012678
-0.013152
-0.012103
-0.013873
-0.012398
-0.016325
-0.015054
-0.016971
-0.015349
-0.015897
-0.014701
-0.016618
-0.014996
-0.013073
-0.014457
-0.013572
-0.014899
-0.013972
-0.015430
-0.014546
-0.015873
-0.010582
-0.011819
-0.011082
-0.012261
-0.011408
-0.012719
-0.011982
-0.013161
-0.008387
-0.009476
-0.008886
-0.009919
-0.009139
-0.010302
-0.009712
-0.010745
-0.006487
-0.007428
-0.006986
-0.007871
-0.007165
-0.008181
-0.007738
-0.008623
-0.004881
-0.005675
-0.005381
-0.006118
-0.005486
-0.006354
-0.006059
-0.006797
-0.003571
-0.004218
-0.004070
-0.004660
-0.004102
-0.004822
-0.004675
-0.005265
-0.002555
-0.003055
-0.003055
-0.003497
-0.003013
-0.003586
-0.003586
-0.004028
-0.001835
-0.002186
-0.002334
-0.002629
-0.002218
-0.002644
-0.002791
-0.003086
-0.001409
-0.001613
-0.001908
-0.002056
-0.001719
-0.001997
-0.002292
-0.002440
-0.001278
-0.001335
-0.001778
-0.001778
-0.001515
-0.001645
-0.002088
-0.002088
-0.001443
-0.001352
-0.001942
-0.001794
-0.001605
-0.001588
-0.002178
-0.002031
-0.001902
-0.001664
-0.002401
-0.002106
-0.001991
-0.001826
-0.002564
-0.002269
-0.002656
-0.002271
-0.003155
-0.002713
-0.002671
-0.002359
-0.003244
-0.002802
-0.003705
-0.003172
-0.004205
-0.003615
-0.003646
-0.003187
-0.004220
-0.003630
-0.005049
-0.004369
-0.005549
-0.004811
-0.004917
-0.004310
-0.005490
-0.004753
-0.006688
-0.005860
-0.007188
-0.006303
-0.006482
-0.005728
-0.007055
-0.006170
-0.008622
-0.007647
-0.009122
-0.008089
-0.008342
-0.007441
-0.008915
-0.007883
-0.010851
-0.009728
-0.011351
-0.010171
-0.010498
-0.009448
-0.011071
-0.009891
-0.013375
-0.012105
-0.013874
-0.012547
-0.012948
-0.011751
-0.013521
-0.012194
-0.016194
-0.014776
-0.016693
-0.015219
-0.015693
-0.014349
-0.016266
-0.014791
-0.013237
-0.014474
-0.013589
-0.015064
-0.014063
-0.015374
-0.014489
-0.015963
-0.010747
-0.011836
-0.011098
-0.012426
-0.011499
-0.012662
-0.011925
-0.013252
-0.008551
-0.009493
-0.008903
-0.010083
-0.009230
-0.010245
-0.009656
-0.010835
-0.006651
-0.007445
-0.007003
-0.008035
-0.007256
-0.008124
-0.007681
-0.008714
-0.005045
-0.005692
-0.005397
-0.006282
-0.005577
-0.006297
-0.006002
-0.006887
-0.003735
-0.004234
-0.004087
-0.004824
-0.004192
-0.004766
-0.004618
-0.005355
-0.002719
-0.003071
-0.003071
-0.003661
-0.003103
-0.003529
-0.003529
-0.004119
-0.001999
-0.002203
-0.002351
-0.002793
-0.002309
-0.002587
-0.002734
-0.003177
-0.001573
-0.001630
-0.001925
-0.002220
-0.001810
-0.001940
-0.002235
-0.002530
-0.001443
-0.001352
-0.001794
-0.001942
-0.001605
-0.001588
-0.002031
-0.002178
-0.001607
-0.001369
-0.001959
-0.001959
-0.001696
-0.001531
-0.002121
-0.002121
-0.002066
-0.001681
-0.002418
-0.002271
-0.002081
-0.001769
-0.002507
-0.002359
-0.002820
-0.002287
-0.003172
-0.002877
-0.002762
-0.002302
-0.003187
-0.002892
-0.003869
-0.003189
-0.004221
-0.003779
-0.003737
-0.003130
-0.004163
-0.003720
-0.005214
-0.004386
-0.005565
-0.004976
-0.005007
-0.004253
-0.005433
-0.004843
-0.006853
-0.005877
-0.007204
-0.006467
-0.006573
-0.005671
-0.006998
-0.006261
-0.008787
-0.007664
-0.009138
-0.008254
-0.008433
-0.007384
-0.008859
-0.007974
-0.011016
-0.009745
-0.011367
-0.010335
-0.010588
-0.009392
-0.011014
-0.009981
-0.013539
-0.012122
-0.013891
-0.012711
-0.013038
-0.011694
-0.013464
-0.012284
-0.016358
-0.014793
-0.016710
-0.015383
-0.015783
-0.014292
-0.016209
-0.014882
-0.013696
-0.014785
-0.013901
-0.015523
-0.014449
-0.015612
-0.014727
-0.016349
-0.011206
-0.012148
-0.011410
-0.012885
-0.011885
-0.012900
-0.012163
-0.013637
-0.009010
-0.009805
-0.009215
-0.010542
-0.009615
-0.010483
-0.009894
-0.011221
-0.007110
-0.007757
-0.007315
-0.008494
-0.007641
-0.008362
-0.007919
-0.009099
-0.005505
-0.006004
-0.005709
-0.006741
-0.005962
-0.006535
-0.006240
-0.007273
-0.004194
-0.004546
-0.004399
-0.005283
-0.004578
-0.005004
-0.004856
-0.005741
-0.003179
-0.003383
-0.003383
-0.004120
-0.003489
-0.003767
-0.003767
-0.004504
-0.002458
-0.002515
-0.002663
-0.003252
-0.002694
-0.002825
-0.002973
-0.003562
-0.002032
-0.001942
-0.002237
-0.002679
-0.002195
-0.002178
-0.002473
-0.002916
-0.001902
-0.001664
-0.002106
-0.002401
-0.001991
-0.001826
-0.002269
-0.002564
-0.002066
-0.001681
-0.002271
-0.002418
-0.002081
-0.001769
-0.002359
-0.002507
-0.002525
-0.001992
-0.002730
-0.002730
-0.002467
-0.002007
-0.002745
-0.002745
-0.003280
-0.002599
-0.003484
-0.003336
-0.003147
-0.002540
-0.003425
-0.003278
-0.004329
-0.003501
-0.004533
-0.004238
-0.004123
-0.003368
-0.004401
-0.004106
-0.005673
-0.004697
-0.005877
-0.005435
-0.005393
-0.004491
-0.005671
-0.005229
-0.007312
-0.006189
-0.007516
-0.006926
-0.006958
-0.005909
-0.007236
-0.006646
-0.009246
-0.007975
-0.009450
-0.008713
-0.008818
-0.007622
-0.009097
-0.008359
-0.011475
-0.010057
-0.011679
-0.010794
-0.010974
-0.009630
-0.011252
-0.010367
-0.013999
-0.012433
-0.014203
-0.013171
-0.013424
-0.011932
-0.013702
-0.012670
-0.016818
-0.015105
-0.017022
-0.015842
-0.016169
-0.014530
-0.016447
-0.015267
-0.014450
-0.015392
-0.014507
-0.016277
-0.015129
-0.016145
-0.015260
-0.017029
-0.011960
-0.012754
-0.012017
-0.013639
-0.012565
-0.013433
-0.012696
-0.014318
-0.009765
-0.010412
-0.009822
-0.011296
-0.010296
-0.011016
-0.010427
-0.011901
-0.007864
-0.008364
-0.007921
-0.009249
-0.008322
-0.008895
-0.008452
-0.009780
-0.006259
-0.006611
-0.006316
-0.007496
-0.006643
-0.007068
-0.006773
-0.007953
-0.004948
-0.005153
-0.005005
-0.006038
-0.005258
-0.005537
-0.005389
-0.006421
-0.003933
-0.003990
-0.003990
-0.004875
-0.004169
-0.004300
-0.004300
-0.005185
-0.003212
-0.003122
-0.003269
-0.004007
-0.003375
-0.003358
-0.003505
-0.004243
-0.002787
-0.002549
-0.002844
-0.003434
-0.002875
-0.002711
-0.003006
-0.003596
-0.002656
-0.002271
-0.002713
-0.003155
-0.002671
-0.002359
-0.002802
-0.003244
-0.002820
-0.002287
-0.002877
-0.003172
-0.002762
-0.002302
-0.002892
-0.003187
-0.003280
-0.002599
-0.003336
-0.003484
-0.003147
-0.002540
-0.003278
-0.003425
-0.004034
-0.003206
-0.004091
-0.004091
-0.003828
-0.003073
-0.003958
-0.003958
-0.005083
-0.004107
-0.005140
-0.004992
-0.004803
-0.003901
-0.004934
-0.004786
-0.006427
-0.005304
-0.006484
-0.006189
-0.006073
-0.005024
-0.006204
-0.005909
-0.008066
-0.006796
-0.008123
-0.007680
-0.007639
-0.006442
-0.007769
-0.007327
-0.010000
-0.008582
-0.010057
-0.009467
-0.009499
-0.008155
-0.009630
-0.009040
-0.012229
-0.010664
-0.012286
-0.011548
-0.011654
-0.010163
-0.011785
-0.011047
-0.014753
-0.013040
-0.014810
-0.013925
-0.014104
-0.012465
-0.014235
-0.013350
-0.017572
-0.015711
-0.017629
-0.016596
-0.016849
-0.015063
-0.016980
-0.015948
-0.015499
-0.016294
-0.015409
-0.017326
-0.016104
-0.016972
-0.016088
-0.018005
-0.013009
-0.013656
-0.012919
-0.014688
-0.013540
-0.014261
-0.013524
-0.015293
-0.010814
-0.011313
-0.010723
-0.012346
-0.011271
-0.011844
-0.011254
-0.012877
-0.008913
-0.009265
-0.008823
-0.010298
-0.009297
-0.009723
-0.009280
-0.010755
-0.007308
-0.007512
-0.007217
-0.008545
-0.007618
-0.007896
-0.007601
-0.008928
-0.005998
-0.006054
-0.005907
-0.007087
-0.006234
-0.006364
-0.006217
-0.007397
-0.004982
-0.004891
-0.004891
-0.005924
-0.005145
-0.005128
-0.005128
-0.006160
-0.004261
-0.004023
-0.004171
-0.005056
-0.004350
-0.004186
-0.004333
-0.005218
-0.003836
-0.003450
-0.003745
-0.004483
-0.003851
-0.003539
-0.003834
-0.004571
-0.003705
-0.003172
-0.003615
-0.004205
-0.003646
-0.003187
-0.003630
-0.004220
-0.003869
-0.003189
-0.003779
-0.004221
-0.003737
-0.003130
-0.003720
-0.004163
-0.004329
-0.003501
-0.004238
-0.004533
-0.004123
-0.003368
-0.004106
-0.004401
-0.005083
-0.004107
-0.004992
-0.005140
-0.004803
-0.003901
-0.004786
-0.004934
-0.006132
-0.005009
-0.006041
-0.006041
-0.005778
-0.004729
-0.005762
-0.005762
-0.007476
-0.006206
-0.007386
-0.007238
-0.007049
-0.005852
-0.007032
-0.006884
-0.009115
-0.007697
-0.009025
-0.008730
-0.008614
-0.007270
-0.008597
-0.008302
-0.011049
-0.009484
-0.010959
-0.010516
-0.010474
-0.008983
-0.010457
-0.010015
-0.013278
-0.011565
-0.013188
-0.012598
-0.012629
-0.010990
-0.012613
-0.012023
-0.015802
-0.013942
-0.015711
-0.014974
-0.015080
-0.013293
-0.015063
-0.014325
-0.018621
-0.016613
-0.018530
-0.017645
-0.017825
-0.015891
-0.017808
-0.016923
-0.016844
-0.017490
-0.016606
-0.018670
-0.017375
-0.018095
-0.017210
-0.019275
-0.014353
-0.014853
-0.014115
-0.016032
-0.014811
-0.015384
-0.014646
-0.016564
-0.012158
-0.012510
-0.011920
-0.013690
-0.012542
-0.012967
-0.012377
-0.014147
-0.010258
-0.010462
-0.010020
-0.011642
-0.010568
-0.010846
-0.010403
-0.012025
-0.008652
-0.008709
-0.008414
-0.009889
-0.008888
-0.009019
-0.008724
-0.010199
-0.007342
-0.007251
-0.007104
-0.008431
-0.007504
-0.007487
-0.007340
-0.008667
-0.006326
-0.006088
-0.006088
-0.007268
-0.006415
-0.006251
-0.006251
-0.007430
-0.005606
-0.005220
-0.005368
-0.006400
-0.005621
-0.005309
-0.005456
-0.006489
-0.005180
-0.004647
-0.004942
-0.005827
-0.005121
-0.004662
-0.004957
-0.005842
-0.005049
-0.004369
-0.004811
-0.005549
-0.004917
-0.004310
-0.004753
-0.005490
-0.005214
-0.004386
-0.004976
-0.005565
-0.005007
-0.004253
-0.004843
-0.005433
-0.005673
-0.004697
-0.005435
-0.005877
-0.005393
-0.004491
-0.005229
-0.005671
-0.006427
-0.005304
-0.006189
-0.006484
-0.006073
-0.005024
-0.005909
-0.006204
-0.007476
-0.006206
-0.007238
-0.007386
-0.007049
-0.005852
-0.006884
-0.007032
-0.008820
-0.007402
-0.008582
-0.008582
-0.008319
-0.006975
-0.008155
-0.008155
-0.010459
-0.008894
-0.010221
-0.010074
-0.009884
-0.008393
-0.009720
-0.009573
-0.012393
-0.010680
-0.012155
-0.011860
-0.011745
-0.010106
-0.011580
-0.011285
-0.014622
-0.012762
-0.014384
-0.013942
-0.013900
-0.012113
-0.013736
-0.013293
-0.017146
-0.015138
-0.016908
-0.016318
-0.016350
-0.014416
-0.016186
-0.015596
-0.019965
-0.017810
-0.019727
-0.018990
-0.019095
-0.017014
-0.018931
-0.018193
-0.018483
-0.018982
-0.018097
-0.020309
-0.018940
-0.019513
-0.018628
-0.020840
-0.015992
-0.016344
-0.015607
-0.017671
-0.016376
-0.016802
-0.016064
-0.018129
-0.013797
-0.014001
-0.013411
-0.015329
-0.014107
-0.014385
-0.013795
-0.015712
-0.011897
-0.011954
-0.011511
-0.013281
-0.012133
-0.012264
-0.011821
-0.013591
-0.010291
-0.010201
-0.009906
-0.011528
-0.010454
-0.010437
-0.010142
-0.011764
-0.008981
-0.008743
-0.008595
-0.010070
-0.009069
-0.008905
-0.008758
-0.010232
-0.007965
-0.007580
-0.007580
-0.008907
-0.007980
-0.007668
-0.007668
-0.008996
-0.007245
-0.006712
-0.006859
-0.008039
-0.007186
-0.006727
-0.006874
-0.008054
-0.006819
-0.006139
-0.006433
-0.007466
-0.006687
-0.006080
-0.006375
-0.007407
-0.006688
-0.005860
-0.006303
-0.007188
-0.006482
-0.005728
-0.006170
-0.007055
-0.006853
-0.005877
-0.006467
-0.007204
-0.006573
-0.005671
-0.006261
-0.006998
-0.007312
-0.006189
-0.006926
-0.007516
-0.006958
-0.005909
-0.006646
-0.007236
-0.008066
-0.006796
-0.007680
-0.008123
-0.007639
-0.006442
-0.007327
-0.007769
-0.009115
-0.007697
-0.008730
-0.009025
-0.008614
-0.007270
-0.008302
-0.008597
-0.010459
-0.008894
-0.010074
-0.010221
-0.009884
-0.008393
-0.009573
-0.009720
-0.012098
-0.010385
-0.011713
-0.011713
-0.011450
-0.009811
-0.011138
-0.011138
-0.014032
-0.012172
-0.013647
-0.013499
-0.013310
-0.011523
-0.012998
-0.012851
-0.016261
-0.014253
-0.015876
-0.015581
-0.015465
-0.013531
-0.015153
-0.014858
-0.018785
-0.016630
-0.018400
-0.017957
-0.017915
-0.015834
-0.017604
-0.017161
-0.021604
-0.019301
-0.021218
-0.020629
-0.020660
-0.018431
-0.020349
-0.019759
-0.020417
-0.020768
-0.019884
-0.022243
-0.020800
-0.021226
-0.020341
-0.022701
-0.017926
-0.018131
-0.017393
-0.019605
-0.018236
-0.018514
-0.017777
-0.019989
-0.015731
-0.015788
-0.015198
-0.017263
-0.015967
-0.016098
-0.015508
-0.017573
-0.013831
-0.013740
-0.013298
-0.015215
-0.013993
-0.013976
-0.013534
-0.015451
-0.012225
-0.011987
-0.011692
-0.013462
-0.012314
-0.012150
-0.011855
-0.013624
-0.010915
-0.010529
-0.010382
-0.012004
-0.010930
-0.010618
-0.010470
-0.012093
-0.009899
-0.009366
-0.009366
-0.010841
-0.009840
-0.009381
-0.009381
-0.010856
-0.009179
-0.008498
-0.008646
-0.009973
-0.009046
-0.008439
-0.008587
-0.009914
-0.008753
-0.007925
-0.008220
-0.009400
-0.008547
-0.007793
-0.008088
-0.009267
-0.008622
-0.007647
-0.008089
-0.009122
-0.008342
-0.007441
-0.007883
-0.008915
-0.008787
-0.007664
-0.008254
-0.009138
-0.008433
-0.007384
-0.007974
-0.008859
-0.009246
-0.007975
-0.008713
-0.009450
-0.008818
-0.007622
-0.008359
-0.009097
-0.010000
-0.008582
-0.009467
-0.010057
-0.009499
-0.008155
-0.009040
-0.009630
-0.011049
-0.009484
-0.010516
-0.010959
-0.010474
-0.008983
-0.010015
-0.010457
-0.012393
-0.010680
-0.011860
-0.012155
-0.011745
-0.010106
-0.011285
-0.011580
-0.014032
-0.012172
-0.013499
-0.013647
-0.013310
-0.011523
-0.012851
-0.012998
-0.015966
-0.013959
-0.015433
-0.015433
-0.015170
-0.013236
-0.014711
-0.014711
-0.018195
-0.016040
-0.017662
-0.017515
-0.017325
-0.015244
-0.016866
-0.016719
-0.020719
-0.018416
-0.020186
-0.019891
-0.019776
-0.017547
-0.019316
-0.019021
-0.023538
-0.021088
-0.023005
-0.022563
-0.022521
-0.020144
-0.022061
-0.021619
-0.022646
-0.022850
-0.021965
-0.024472
-0.022956
-0.023234
-0.022349
-0.024856
-0.020155
-0.020212
-0.019475
-0.021834
-0.020391
-0.020522
-0.019785
-0.022144
-0.017960
-0.017869
-0.017279
-0.019492
-0.018122
-0.018106
-0.017516
-0.019728
-0.016060
-0.015821
-0.015379
-0.017444
-0.016148
-0.015984
-0.015542
-0.017606
-0.014454
-0.014069
-0.013774
-0.015691
-0.014469
-0.014157
-0.013862
-0.015780
-0.013144
-0.012611
-0.012463
-0.014233
-0.013085
-0.012626
-0.012478
-0.014248
-0.012128
-0.011448
-0.011448
-0.013070
-0.011996
-0.011389
-0.011389
-0.013011
-0.011408
-0.010580
-0.010727
-0.012202
-0.011201
-0.010447
-0.010595
-0.012069
-0.010982
-0.010006
-0.010301
-0.011629
-0.010702
-0.009800
-0.010095
-0.011423
-0.010851
-0.009728
-0.010171
-0.011351
-0.010498
-0.009448
-0.009891
-0.011071
-0.011016
-0.009745
-0.010335
-0.011367
-0.010588
-0.009392
-0.009981
-0.011014
-0.011475
-0.010057
-0.010794
-0.011679
-0.010974
-0.009630
-0.010367
-0.011252
-0.012229
-0.010664
-0.011548
-0.012286
-0.011654
-0.010163
-0.011047
-0.011785
-0.013278
-0.011565
-0.012598
-0.013188
-0.012629
-0.010990
-0.012023
-0.012613
-0.014622
-0.012762
-0.013942
-0.014384
-0.013900
-0.012113
-0.013293
-0.013736
-0.016261
-0.014253
-0.015581
-0.015876
-0.015465
-0.013531
-0.014858
-0.015153
-0.018195
-0.016040
-0.017515
-0.017662
-0.017325
-0.015244
-0.016719
-0.016866
-0.020424
-0.018121
-0.019744
-0.019744
-0.019481
-0.017252
-0.018874
-0.018874
-0.022948
-0.020498
-0.022268
-0.022120
-0.021931
-0.019554
-0.021324
-0.021177
-0.025767
-0.023169
-0.025086
-0.024792
-0.024676
-0.022152
-0.024069
-0.023774
-0.025169
-0.025226
-0.024341
-0.026996
-0.025406
-0.025536
-0.024651
-0.027306
-0.022679
-0.022589
-0.021851
-0.024358
-0.022842
-0.022825
-0.022087
-0.024595
-0.020484
-0.020246
-0.019656
-0.022015
-0.020573
-0.020408
-0.019818
-0.022178
-0.018583
-0.018198
-0.017755
-0.019968
-0.018598
-0.018287
-0.017844
-0.020056
-0.016978
-0.016445
-0.016150
-0.018215
-0.016919
-0.016460
-0.016165
-0.018230
-0.015668
-0.014987
-0.014840
-0.016757
-0.015535
-0.014928
-0.014781
-0.016698
-0.014652
-0.013824
-0.013824
-0.015594
-0.014446
-0.013692
-0.013692
-0.015461
-0.013931
-0.012956
-0.013103
-0.014726
-0.013652
-0.012750
-0.012897
-0.014520
-0.013506
-0.012383
-0.012678
-0.014153
-0.013152
-0.012103
-0.012398
-0.013873
-0.013375
-0.012105
-0.012547
-0.013874
-0.012948
-0.011751
-0.012194
-0.013521
-0.013539
-0.012122
-0.012711
-0.013891
-0.013038
-0.011694
-0.012284
-0.013464
-0.013999
-0.012433
-0.013171
-0.014203
-0.013424
-0.011932
-0.012670
-0.013702
-0.014753
-0.013040
-0.013925
-0.014810
-0.014104
-0.012465
-0.013350
-0.014235
-0.015802
-0.013942
-0.014974
-0.015711
-0.015080
-0.013293
-0.014325
-0.015063
-0.017146
-0.015138
-0.016318
-0.016908
-0.016350
-0.014416
-0.015596
-0.016186
-0.018785
-0.016630
-0.017957
-0.018400
-0.017915
-0.015834
-0.017161
-0.017604
-0.020719
-0.018416
-0.019891
-0.020186
-0.019776
-0.017547
-0.019021
-0.019316
-0.022948
-0.020498
-0.022120
-0.022268
-0.021931
-0.019554
-0.021177
-0.021324
-0.025472
-0.022874
-0.024644
-0.024644
-0.024381
-0.021857
-0.023627
-0.023627
-0.028291
-0.025546
-0.027463
-0.027315
-0.027126
-0.024455
-0.026372
-0.026224
-0.027988
-0.027898
-0.027013
-0.029815
-0.028151
-0.028134
-0.027249
-0.030051
-0.025498
-0.025260
-0.024523
-0.027177
-0.025587
-0.025422
-0.024685
-0.027340
-0.023303
-0.022917
-0.022327
-0.024834
-0.023318
-0.023006
-0.022416
-0.024923
-0.021402
-0.020869
-0.020427
-0.022786
-0.021344
-0.020884
-0.020442
-0.022802
-0.019797
-0.019116
-0.018821
-0.021034
-0.019664
-0.019058
-0.018763
-0.020975
-0.018486
-0.017658
-0.017511
-0.019576
-0.018280
-0.017526
-0.017379
-0.019443
-0.017471
-0.016495
-0.016495
-0.018413
-0.017191
-0.016289
-0.016289
-0.018206
-0.016750
-0.015627
-0.015775
-0.017545
-0.016397
-0.015347
-0.015495
-0.017265
-0.016325
-0.015054
-0.015349
-0.016971
-0.015897
-0.014701
-0.014996
-0.016618
-0.016194
-0.014776
-0.015219
-0.016693
-0.015693
-0.014349
-0.014791
-0.016266
-0.016358
-0.014793
-0.015383
-0.016710
-0.015783
-0.014292
-0.014882
-0.016209
-0.016818
-0.015105
-0.015842
-0.017022
-0.016169
-0.014530
-0.015267
-0.016447
-0.017572
-0.015711
-0.016596
-0.017629
-0.016849
-0.015063
-0.015948
-0.016980
-0.018621
-0.016613
-0.017645
-0.018530
-0.017825
-0.015891
-0.016923
-0.017808
-0.019965
-0.017810
-0.018990
-0.019727
-0.019095
-0.017014
-0.018193
-0.018931
-0.021604
-0.019301
-0.020629
-0.021218
-0.020660
-0.018431
-0.019759
-0.020349
-0.023538
-0.021088
-0.022563
-0.023005
-0.022521
-0.020144
-0.021619
-0.022061
-0.025767
-0.023169
-0.024792
-0.025086
-0.024676
-0.022152
-0.023774
-0.024069
-0.028291
-0.025546
-0.027315
-0.027463
-0.027126
-0.024455
-0.026224
-0.026372
-0.031110
-0.028217
-0.030134
-0.030134
-0.029871
-0.027052
-0.028970
-0.028970
-0.024146
-0.026858
-0.025825
-0.025825
-0.025636
-0.028421
-0.027389
-0.027389
-0.021656
-0.024220
-0.023335
-0.023188
-0.023072
-0.025710
-0.024825
-0.024678
-0.019461
-0.021877
-0.021140
-0.020845
-0.020803
-0.023293
-0.022556
-0.022261
-0.017560
-0.019829
-0.019239
-0.018797
-0.018829
-0.021172
-0.020582
-0.020139
-0.015955
-0.018076
-0.017634
-0.017044
-0.017150
-0.019345
-0.018903
-0.018313
-0.014644
-0.016619
-0.016324
-0.015586
-0.015766
-0.017813
-0.017518
-0.016781
-0.013629
-0.015456
-0.015308
-0.014423
-0.014676
-0.016577
-0.016429
-0.015544
-0.012908
-0.014587
-0.014587
-0.013555
-0.013882
-0.015635
-0.015635
-0.014603
-0.012483
-0.014014
-0.014162
-0.012982
-0.013383
-0.014988
-0.015135
-0.013956
-0.012352
-0.013736
-0.014031
-0.012704
-0.013178
-0.014636
-0.014931
-0.013604
-0.012516
-0.013753
-0.014195
-0.012721
-0.013269
-0.014579
-0.015022
-0.013547
-0.012976
-0.014065
-0.014655
-0.013032
-0.013654
-0.014817
-0.015407
-0.013785
-0.013730
-0.014672
-0.015409
-0.013639
-0.014335
-0.015350
-0.016088
-0.014318
-0.014779
-0.015573
-0.016458
-0.014541
-0.015310
-0.016178
-0.017063
-0.015146
-0.016123
-0.016770
-0.017802
-0.015737
-0.016580
-0.017301
-0.018333
-0.016269
-0.017762
-0.018261
-0.019441
-0.017229
-0.018146
-0.018719
-0.019899
-0.017686
-0.019696
-0.020048
-0.021375
-0.019016
-0.020006
-0.020432
-0.021759
-0.019399
-0.021925
-0.022129
-0.023604
-0.021097
-0.022161
-0.022439
-0.023914
-0.021407
-0.024449
-0.024506
-0.026128
-0.023473
-0.024611
-0.024742
-0.026364
-0.023710
-0.027268
-0.027177
-0.028947
-0.026145
-0.027356
-0.027340
-0.029109
-0.026307
-0.021656
-0.024220
-0.023188
-0.023335
-0.023072
-0.025710
-0.024678
-0.024825
-0.019166
-0.021582
-0.020697
-0.020697
-0.020508
-0.022998
-0.022113
-0.022113
-0.016970
-0.019239
-0.018502
-0.018355
-0.018239
-0.020582
-0.019844
-0.019697
-0.015070
-0.017192
-0.016602
-0.016307
-0.016265
-0.018460
-0.017870
-0.017575
-0.013465
-0.015439
-0.014996
-0.014554
-0.014586
-0.016634
-0.016191
-0.015749
-0.012154
-0.013981
-0.013686
-0.013096
-0.013201
-0.015102
-0.014807
-0.014217
-0.011139
-0.012818
-0.012670
-0.011933
-0.012112
-0.013865
-0.013718
-0.012980
-0.010418
-0.011950
-0.011950
-0.011065
-0.011318
-0.012923
-0.012923
-0.012038
-0.009992
-0.011377
-0.011524
-0.010492
-0.010819
-0.012277
-0.012424
-0.011392
-0.009862
-0.011098
-0.011393
-0.010214
-0.010614
-0.011925
-0.012220
-0.011040
-0.010026
-0.011115
-0.011558
-0.010230
-0.010705
-0.011868
-0.012310
-0.010983
-0.010485
-0.011427
-0.012017
-0.010542
-0.011090
-0.012106
-0.012696
-0.011221
-0.011239
-0.012034
-0.012771
-0.011149
-0.011771
-0.012639
-0.013376
-0.011754
-0.012289
-0.012935
-0.013820
-0.012051
-0.012746
-0.013467
-0.014351
-0.012582
-0.013633
-0.014132
-0.015164
-0.013247
-0.014016
-0.014590
-0.015622
-0.013705
-0.015272
-0.015624
-0.016803
-0.014739
-0.015582
-0.016007
-0.017187
-0.015122
-0.017206
-0.017410
-0.018737
-0.016525
-0.017442
-0.017720
-0.019047
-0.016835
-0.019435
-0.019492
-0.020966
-0.018607
-0.019597
-0.019728
-0.021203
-0.018843
-0.021959
-0.021868
-0.023490
-0.020983
-0.022047
-0.022031
-0.023653
-0.021146
-0.024777
-0.024539
-0.026309
-0.023655
-0.024792
-0.024628
-0.026398
-0.023743
-0.019461
-0.021877
-0.020845
-0.021140
-0.020803
-0.023293
-0.022261
-0.022556
-0.016970
-0.019239
-0.018355
-0.018502
-0.018239
-0.020582
-0.019697
-0.019844
-0.014775
-0.016897
-0.016159
-0.016159
-0.015970
-0.018165
-0.017428
-0.017428
-0.012875
-0.014849
-0.014259
-0.014111
-0.013996
-0.016044
-0.015454
-0.015306
-0.011269
-0.013096
-0.012653
-0.012359
-0.012317
-0.014217
-0.013775
-0.013480
-0.009959
-0.011638
-0.011343
-0.010901
-0.010932
-0.012685
-0.012390
-0.011948
-0.008943
-0.010475
-0.010327
-0.009738
-0.009843
-0.011449
-0.011301
-0.010711
-0.008223
-0.009607
-0.009607
-0.008870
-0.009049
-0.010507
-0.010507
-0.009769
-0.007797
-0.009034
-0.009181
-0.008296
-0.008549
-0.009860
-0.010007
-0.009123
-0.007666
-0.008756
-0.009051
-0.008018
-0.008345
-0.009508
-0.009803
-0.008771
-0.007831
-0.008772
-0.009215
-0.008035
-0.008436
-0.009451
-0.009894
-0.008714
-0.008290
-0.009084
-0.009674
-0.008347
-0.008821
-0.009689
-0.010279
-0.008952
-0.009044
-0.009691
-0.010428
-0.008954
-0.009502
-0.010222
-0.010960
-0.009485
-0.010093
-0.010593
-0.011477
-0.009855
-0.010477
-0.011050
-0.011935
-0.010313
-0.011437
-0.011789
-0.012822
-0.011052
-0.011747
-0.012173
-0.013205
-0.011436
-0.013076
-0.013281
-0.014461
-0.012543
-0.013313
-0.013591
-0.014771
-0.012853
-0.015010
-0.015067
-0.016395
-0.014330
-0.015173
-0.015304
-0.016631
-0.014566
-0.017239
-0.017149
-0.018624
-0.016411
-0.017328
-0.017311
-0.018786
-0.016574
-0.019763
-0.019525
-0.021147
-0.018788
-0.019778
-0.019614
-0.021236
-0.018877
-0.022582
-0.022197
-0.023966
-0.021459
-0.022523
-0.022212
-0.023981
-0.021474
-0.017560
-0.019829
-0.018797
-0.019239
-0.018829
-0.021172
-0.020139
-0.020582
-0.015070
-0.017192
-0.016307
-0.016602
-0.016265
-0.018460
-0.017575
-0.017870
-0.012875
-0.014849
-0.014111
-0.014259
-0.013996
-0.016044
-0.015306
-0.015454
-0.010974
-0.012801
-0.012211
-0.012211
-0.012022
-0.013922
-0.013332
-0.013332
-0.009369
-0.011048
-0.010606
-0.010458
-0.010343
-0.012095
-0.011653
-0.011506
-0.008058
-0.009590
-0.009295
-0.009000
-0.008958
-0.010564
-0.010269
-0.009974
-0.007043
-0.008427
-0.008280
-0.007837
-0.007869
-0.009327
-0.009180
-0.008737
-0.006322
-0.007559
-0.007559
-0.006969
-0.007075
-0.008385
-0.008385
-0.007795
-0.005897
-0.006986
-0.007133
-0.006396
-0.006575
-0.007738
-0.007886
-0.007148
-0.005766
-0.006708
-0.007003
-0.006118
-0.006371
-0.007386
-0.007681
-0.006797
-0.005930
-0.006725
-0.007167
-0.006135
-0.006462
-0.007330
-0.007772
-0.006740
-0.006390
-0.007036
-0.007626
-0.006446
-0.006847
-0.007568
-0.008157
-0.006978
-0.007144
-0.007643
-0.008380
-0.007053
-0.007527
-0.008101
-0.008838
-0.007511
-0.008193
-0.008545
-0.009430
-0.007955
-0.008503
-0.008928
-0.009813
-0.008339
-0.009537
-0.009741
-0.010774
-0.009151
-0.009773
-0.010051
-0.011084
-0.009461
-0.011176
-0.011233
-0.012413
-0.010643
-0.011339
-0.011469
-0.012649
-0.010879
-0.013110
-0.013019
-0.014347
-0.012430
-0.013199
-0.013182
-0.014509
-0.012592
-0.015339
-0.015101
-0.016576
-0.014511
-0.015354
-0.015190
-0.016664
-0.014600
-0.017863
-0.017477
-0.019100
-0.016887
-0.017804
-0.017492
-0.019115
-0.016902
-0.020682
-0.020149
-0.021918
-0.019559
-0.020549
-0.020090
-0.021860
-0.019500
-0.015955
-0.018076
-0.017044
-0.017634
-0.017150
-0.019345
-0.018313
-0.018903
-0.013465
-0.015439
-0.014554
-0.014996
-0.014586
-0.016634
-0.015749
-0.016191
-0.011269
-0.013096
-0.012359
-0.012653
-0.012317
-0.014217
-0.013480
-0.013775
-0.009369
-0.011048
-0.010458
-0.010606
-0.010343
-0.012095
-0.011506
-0.011653
-0.007763
-0.009295
-0.008853
-0.008853
-0.008663
-0.010269
-0.009826
-0.009826
-0.006453
-0.007837
-0.007542
-0.007395
-0.007279
-0.008737
-0.008442
-0.008295
-0.005437
-0.006674
-0.006527
-0.006232
-0.006190
-0.007500
-0.007353
-0.007058
-0.004717
-0.005806
-0.005806
-0.005364
-0.005396
-0.006559
-0.006559
-0.006116
-0.004291
-0.005233
-0.005381
-0.004791
-0.004896
-0.005912
-0.006059
-0.005469
-0.004161
-0.004955
-0.005250
-0.004512
-0.004692
-0.005560
-0.005855
-0.005117
-0.004325
-0.004972
-0.005414
-0.004529
-0.004782
-0.005503
-0.005945
-0.005060
-0.004784
-0.005283
-0.005873
-0.004841
-0.005168
-0.005741
-0.006331
-0.005299
-0.005538
-0.005890
-0.006628
-0.005448
-0.005848
-0.006274
-0.007011
-0.005831
-0.006587
-0.006792
-0.007677
-0.006349
-0.006824
-0.007102
-0.007987
-0.006659
-0.007932
-0.007988
-0.009021
-0.007546
-0.008094
-0.008225
-0.009257
-0.007782
-0.009571
-0.009480
-0.010660
-0.009038
-0.009659
-0.009643
-0.010822
-0.009200
-0.011505
-0.011267
-0.012594
-0.010824
-0.011520
-0.011355
-0.012683
-0.010913
-0.013734
-0.013348
-0.014823
-0.012906
-0.013675
-0.013363
-0.014838
-0.012921
-0.016257
-0.015724
-0.017347
-0.015282
-0.016125
-0.015666
-0.017288
-0.015223
-0.019076
-0.018396
-0.020166
-0.017953
-0.018870
-0.018263
-0.020033
-0.017821
-0.014644
-0.016619
-0.015586
-0.016324
-0.015766
-0.017813
-0.016781
-0.017518
-0.012154
-0.013981
-0.013096
-0.013686
-0.013201
-0.015102
-0.014217
-0.014807
-0.009959
-0.011638
-0.010901
-0.011343
-0.010932
-0.012685
-0.011948
-0.012390
-0.008058
-0.009590
-0.009000
-0.009295
-0.008958
-0.010564
-0.009974
-0.010269
-0.006453
-0.007837
-0.007395
-0.007542
-0.007279
-0.008737
-0.008295
-0.008442
-0.005142
-0.006379
-0.006084
-0.006084
-0.005895
-0.007205
-0.006910
-0.006910
-0.004127
-0.005216
-0.005069
-0.004921
-0.004806
-0.005969
-0.005821
-0.005674
-0.003406
-0.004348
-0.004348
-0.004053
-0.004011
-0.005027
-0.005027
-0.004732
-0.002981
-0.003775
-0.003923
-0.003480
-0.003512
-0.004380
-0.004528
-0.004085
-0.002850
-0.003497
-0.003792
-0.003202
-0.003308
-0.004028
-0.004323
-0.003733
-0.003014
-0.003514
-0.003956
-0.003219
-0.003398
-0.003971
-0.004414
-0.003676
-0.003474
-0.003826
-0.004415
-0.003531
-0.003784
-0.004209
-0.004799
-0.003914
-0.004228
-0.004432
-0.005170
-0.004137
-0.004464
-0.004742
-0.005480
-0.004447
-0.005277
-0.005334
-0.006219
-0.005039
-0.005439
-0.005570
-0.006455
-0.005275
-0.006621
-0.006531
-0.007563
-0.006236
-0.006710
-0.006693
-0.007725
-0.006398
-0.008260
-0.008022
-0.009202
-0.007727
-0.008275
-0.008111
-0.009291
-0.007816
-0.010194
-0.009809
-0.011136
-0.009514
-0.010135
-0.009824
-0.011151
-0.009529
-0.012423
-0.011890
-0.013365
-0.011595
-0.012291
-0.011831
-0.013306
-0.011536
-0.014947
-0.014266
-0.015889
-0.013972
-0.014741
-0.014134
-0.015756
-0.013839
-0.017766
-0.016938
-0.018708
-0.016643
-0.017486
-0.016732
-0.018501
-0.016437
-0.013629
-0.015456
-0.014423
-0.015308
-0.014676
-0.016577
-0.015544
-0.016429
-0.011139
-0.012818
-0.011933
-0.012670
-0.012112
-0.013865
-0.012980
-0.013718
-0.008943
-0.010475
-0.009738
-0.010327
-0.009843
-0.011449
-0.010711
-0.011301
-0.007043
-0.008427
-0.007837
-0.008280
-0.007869
-0.009327
-0.008737
-0.009180
-0.005437
-0.006674
-0.006232
-0.006527
-0.006190
-0.007500
-0.007058
-0.007353
-0.004127
-0.005216
-0.004921
-0.005069
-0.004806
-0.005969
-0.005674
-0.005821
-0.003111
-0.004053
-0.003906
-0.003906
-0.003716
-0.004732
-0.004584
-0.004584
-0.002391
-0.003185
-0.003185
-0.003038
-0.002922
-0.003790
-0.003790
-0.003643
-0.001965
-0.002612
-0.002760
-0.002465
-0.002423
-0.003143
-0.003291
-0.002996
-0.001835
-0.002334
-0.002629
-0.002186
-0.002218
-0.002791
-0.003086
-0.002644
-0.001999
-0.002351
-0.002793
-0.002203
-0.002309
-0.002734
-0.003177
-0.002587
-0.002458
-0.002663
-0.003252
-0.002515
-0.002694
-0.002973
-0.003562
-0.002825
-0.003212
-0.003269
-0.004007
-0.003122
-0.003375
-0.003505
-0.004243
-0.003358
-0.004261
-0.004171
-0.005056
-0.004023
-0.004350
-0.004333
-0.005218
-0.004186
-0.005606
-0.005368
-0.006400
-0.005220
-0.005621
-0.005456
-0.006489
-0.005309
-0.007245
-0.006859
-0.008039
-0.006712
-0.007186
-0.006874
-0.008054
-0.006727
-0.009179
-0.008646
-0.009973
-0.008498
-0.009046
-0.008587
-0.009914
-0.008439
-0.011408
-0.010727
-0.012202
-0.010580
-0.011201
-0.010595
-0.012069
-0.010447
-0.013931
-0.013103
-0.014726
-0.012956
-0.013652
-0.012897
-0.014520
-0.012750
-0.016750
-0.015775
-0.017545
-0.015627
-0.016397
-0.015495
-0.017265
-0.015347
-0.012908
-0.014587
-0.013555
-0.014587
-0.013882
-0.015635
-0.014603
-0.015635
-0.010418
-0.011950
-0.011065
-0.011950
-0.011318
-0.012923
-0.012038
-0.012923
-0.008223
-0.009607
-0.008870
-0.009607
-0.009049
-0.010507
-0.009769
-0.010507
-0.006322
-0.007559
-0.006969
-0.007559
-0.007075
-0.008385
-0.007795
-0.008385
-0.004717
-0.005806
-0.005364
-0.005806
-0.005396
-0.006559
-0.006116
-0.006559
-0.003406
-0.004348
-0.004053
-0.004348
-0.004011
-0.005027
-0.004732
-0.005027
-0.002391
-0.003185
-0.003038
-0.003185
-0.002922
-0.003790
-0.003643
-0.003790
-0.001670
-0.002317
-0.002317
-0.002317
-0.002128
-0.002848
-0.002848
-0.002848
-0.001245
-0.001744
-0.001892
-0.001744
-0.001628
-0.002202
-0.002349
-0.002202
-0.001114
-0.001466
-0.001761
-0.001466
-0.001424
-0.001850
-0.002145
-0.001850
-0.001278
-0.001483
-0.001925
-0.001483
-0.001515
-0.001793
-0.002235
-0.001793
-0.001738
-0.001794
-0.002384
-0.001794
-0.001900
-0.002031
-0.002621
-0.002031
-0.002492
-0.002401
-0.003139
-0.002401
-0.002581
-0.002564
-0.003301
-0.002564
-0.003541
-0.003303
-0.004188
-0.003303
-0.003556
-0.003392
-0.004276
-0.003392
-0.004885
-0.004499
-0.005532
-0.004499
-0.004826
-0.004515
-0.005547
-0.004515
-0.006524
-0.005991
-0.007171
-0.005991
-0.006392
-0.005932
-0.007112
-0.005932
-0.008458
-0.007778
-0.009105
-0.007778
-0.008252
-0.007645
-0.008972
-0.007645
-0.010687
-0.009859
-0.011334
-0.009859
-0.010407
-0.009653
-0.011128
-0.009653
-0.013211
-0.012235
-0.013858
-0.012235
-0.012857
-0.011956
-0.013578
-0.011956
-0.016030
-0.014907
-0.016677
-0.014907
-0.015602
-0.014553
-0.016323
-0.014553
-0.012483
-0.014014
-0.012982
-0.014162
-0.013383
-0.014988
-0.013956
-0.015135
-0.009992
-0.011377
-0.010492
-0.011524
-0.010819
-0.012277
-0.011392
-0.012424
-0.007797
-0.009034
-0.008296
-0.009181
-0.008549
-0.009860
-0.009123
-0.010007
-0.005897
-0.006986
-0.006396
-0.007133
-0.006575
-0.007738
-0.007148
-0.007886
-0.004291
-0.005233
-0.004791
-0.005381
-0.004896
-0.005912
-0.005469
-0.006059
-0.002981
-0.003775
-0.003480
-0.003923
-0.003512
-0.004380
-0.004085
-0.004528
-0.001965
-0.002612
-0.002465
-0.002760
-0.002423
-0.003143
-0.002996
-0.003291
-0.001245
-0.001744
-0.001744
-0.001892
-0.001628
-0.002202
-0.002202
-0.002349
-0.000819
-0.001171
-0.001318
-0.001318
-0.001129
-0.001555
-0.001702
-0.001702
-0.000688
-0.000893
-0.001188
-0.001040
-0.000925
-0.001203
-0.001498
-0.001350
-0.000853
-0.000910
-0.001352
-0.001057
-0.001015
-0.001146
-0.001588
-0.001293
-0.001312
-0.001221
-0.001811
-0.001369
-0.001401
-0.001384
-0.001974
-0.001531
-0.002066
-0.001828
-0.002565
-0.001976
-0.002081
-0.001917
-0.002654
-0.002064
-0.003115
-0.002730
-0.003615
-0.002877
-0.003057
-0.002745
-0.003630
-0.002892
-0.004459
-0.003926
-0.004959
-0.004074
-0.004327
-0.003868
-0.004900
-0.004015
-0.006098
-0.005418
-0.006598
-0.005565
-0.005892
-0.005286
-0.006465
-0.005433
-0.008032
-0.007204
-0.008532
-0.007352
-0.007752
-0.006998
-0.008326
-0.007146
-0.010261
-0.009286
-0.010761
-0.009433
-0.009908
-0.009006
-0.010481
-0.009153
-0.012785
-0.011662
-0.013285
-0.011810
-0.012358
-0.011309
-0.012931
-0.011456
-0.015604
-0.014334
-0.016103
-0.014481
-0.015103
-0.013906
-0.015676
-0.014054
-0.012352
-0.013736
-0.012704
-0.014031
-0.013178
-0.014636
-0.013604
-0.014931
-0.009862
-0.011098
-0.010214
-0.011393
-0.010614
-0.011925
-0.011040
-0.012220
-0.007666
-0.008756
-0.008018
-0.009051
-0.008345
-0.009508
-0.008771
-0.009803
-0.005766
-0.006708
-0.006118
-0.007003
-0.006371
-0.007386
-0.006797
-0.007681
-0.004161
-0.004955
-0.004512
-0.005250
-0.004692
-0.005560
-0.005117
-0.005855
-0.002850
-0.003497
-0.003202
-0.003792
-0.003308
-0.004028
-0.003733
-0.004323
-0.001835
-0.002334
-0.002186
-0.002629
-0.002218
-0.002791
-0.002644
-0.003086
-0.001114
-0.001466
-0.001466
-0.001761
-0.001424
-0.001850
-0.001850
-0.002145
-0.000688
-0.000893
-0.001040
-0.001188
-0.000925
-0.001203
-0.001350
-0.001498
-0.000558
-0.000615
-0.000910
-0.000910
-0.000720
-0.000851
-0.001146
-0.001146
-0.000722
-0.000631
-0.001074
-0.000926
-0.000811
-0.000794
-0.001236
-0.001089
-0.001181
-0.000943
-0.001533
-0.001238
-0.001196
-0.001032
-0.001622
-0.001327
-0.001935
-0.001550
-0.002287
-0.001845
-0.001877
-0.001565
-0.002302
-0.001860
-0.002985
-0.002452
-0.003336
-0.002747
-0.002852
-0.002393
-0.003278
-0.002688
-0.004329
-0.003648
-0.004681
-0.003943
-0.004123
-0.003516
-0.004548
-0.003811
-0.005968
-0.005140
-0.006320
-0.005435
-0.005688
-0.004934
-0.006113
-0.005229
-0.007902
-0.006926
-0.008254
-0.007221
-0.007548
-0.006646
-0.007974
-0.006941
-0.010131
-0.009008
-0.010483
-0.009303
-0.009703
-0.008654
-0.010129
-0.008949
-0.012655
-0.011384
-0.013006
-0.011679
-0.012153
-0.010957
-0.012579
-0.011252
-0.015473
-0.014056
-0.015825
-0.014351
-0.014899
-0.013554
-0.015324
-0.013849
-0.012516
-0.013753
-0.012721
-0.014195
-0.013269
-0.014579
-0.013547
-0.015022
-0.010026
-0.011115
-0.010230
-0.011558
-0.010705
-0.011868
-0.010983
-0.012310
-0.007831
-0.008772
-0.008035
-0.009215
-0.008436
-0.009451
-0.008714
-0.009894
-0.005930
-0.006725
-0.006135
-0.007167
-0.006462
-0.007330
-0.006740
-0.007772
-0.004325
-0.004972
-0.004529
-0.005414
-0.004782
-0.005503
-0.005060
-0.005945
-0.003014
-0.003514
-0.003219
-0.003956
-0.003398
-0.003971
-0.003676
-0.004414
-0.001999
-0.002351
-0.002203
-0.002793
-0.002309
-0.002734
-0.002587
-0.003177
-0.001278
-0.001483
-0.001483
-0.001925
-0.001515
-0.001793
-0.001793
-0.002235
-0.000853
-0.000910
-0.001057
-0.001352
-0.001015
-0.001146
-0.001293
-0.001588
-0.000722
-0.000631
-0.000926
-0.001074
-0.000811
-0.000794
-0.001089
-0.001236
-0.000886
-0.000648
-0.001091
-0.001091
-0.000901
-0.000737
-0.001179
-0.001179
-0.001346
-0.000960
-0.001550
-0.001402
-0.001287
-0.000975
-0.001565
-0.001418
-0.002100
-0.001567
-0.002304
-0.002009
-0.001967
-0.001508
-0.002245
-0.001950
-0.003149
-0.002468
-0.003353
-0.002911
-0.002943
-0.002336
-0.003221
-0.002778
-0.004493
-0.003665
-0.004697
-0.004107
-0.004213
-0.003459
-0.004491
-0.003901
-0.006132
-0.005157
-0.006336
-0.005599
-0.005778
-0.004877
-0.006056
-0.005319
-0.008066
-0.006943
-0.008270
-0.007386
-0.007639
-0.006589
-0.007917
-0.007032
-0.010295
-0.009025
-0.010499
-0.009467
-0.009794
-0.008597
-0.010072
-0.009040
-0.012819
-0.011401
-0.013023
-0.011843
-0.012244
-0.010900
-0.012522
-0.011342
-0.015638
-0.014072
-0.015842
-0.014515
-0.014989
-0.013498
-0.015267
-0.013940
-0.012976
-0.014065
-0.013032
-0.014655
-0.013654
-0.014817
-0.013785
-0.015407
-0.010485
-0.011427
-0.010542
-0.012017
-0.011090
-0.012106
-0.011221
-0.012696
-0.008290
-0.009084
-0.008347
-0.009674
-0.008821
-0.009689
-0.008952
-0.010279
-0.006390
-0.007036
-0.006446
-0.007626
-0.006847
-0.007568
-0.006978
-0.008157
-0.004784
-0.005283
-0.004841
-0.005873
-0.005168
-0.005741
-0.005299
-0.006331
-0.003474
-0.003826
-0.003531
-0.004415
-0.003784
-0.004209
-0.003914
-0.004799
-0.002458
-0.002663
-0.002515
-0.003252
-0.002694
-0.002973
-0.002825
-0.003562
-0.001738
-0.001794
-0.001794
-0.002384
-0.001900
-0.002031
-0.002031
-0.002621
-0.001312
-0.001221
-0.001369
-0.001811
-0.001401
-0.001384
-0.001531
-0.001974
-0.001181
-0.000943
-0.001238
-0.001533
-0.001196
-0.001032
-0.001327
-0.001622
-0.001346
-0.000960
-0.001402
-0.001550
-0.001287
-0.000975
-0.001418
-0.001565
-0.001805
-0.001272
-0.001862
-0.001862
-0.001672
-0.001213
-0.001803
-0.001803
-0.002559
-0.001879
-0.002616
-0.002468
-0.002353
-0.001746
-0.002483
-0.002336
-0.003608
-0.002780
-0.003665
-0.003370
-0.003328
-0.002574
-0.003459
-0.003164
-0.004952
-0.003977
-0.005009
-0.004567
-0.004599
-0.003697
-0.004729
-0.004287
-0.006591
-0.005468
-0.006648
-0.006058
-0.006164
-0.005115
-0.006295
-0.005705
-0.008525
-0.007255
-0.008582
-0.007845
-0.008024
-0.006827
-0.008155
-0.007417
-0.010754
-0.009336
-0.010811
-0.009926
-0.010179
-0.008835
-0.010310
-0.009425
-0.013278
-0.011713
-0.013335
-0.012303
-0.012629
-0.011138
-0.012760
-0.011728
-0.016097
-0.014384
-0.016154
-0.014974
-0.015375
-0.013736
-0.015505
-0.014325
-0.013730
-0.014672
-0.013639
-0.015409
-0.014335
-0.015350
-0.014318
-0.016088
-0.011239
-0.012034
-0.011149
-0.012771
-0.011771
-0.012639
-0.011754
-0.013376
-0.009044
-0.009691
-0.008954
-0.010428
-0.009502
-0.010222
-0.009485
-0.010960
-0.007144
-0.007643
-0.007053
-0.008380
-0.007527
-0.008101
-0.007511
-0.008838
-0.005538
-0.005890
-0.005448
-0.006628
-0.005848
-0.006274
-0.005831
-0.007011
-0.004228
-0.004432
-0.004137
-0.005170
-0.004464
-0.004742
-0.004447
-0.005480
-0.003212
-0.003269
-0.003122
-0.004007
-0.003375
-0.003505
-0.003358
-0.004243
-0.002492
-0.002401
-0.002401
-0.003139
-0.002581
-0.002564
-0.002564
-0.003301
-0.002066
-0.001828
-0.001976
-0.002565
-0.002081
-0.001917
-0.002064
-0.002654
-0.001935
-0.001550
-0.001845
-0.002287
-0.001877
-0.001565
-0.001860
-0.002302
-0.002100
-0.001567
-0.002009
-0.002304
-0.001967
-0.001508
-0.001950
-0.002245
-0.002559
-0.001879
-0.002468
-0.002616
-0.002353
-0.001746
-0.002336
-0.002483
-0.003313
-0.002485
-0.003223
-0.003223
-0.003033
-0.002279
-0.003016
-0.003016
-0.004362
-0.003387
-0.004272
-0.004124
-0.004009
-0.003107
-0.003992
-0.003844
-0.005706
-0.004584
-0.005616
-0.005321
-0.005279
-0.004230
-0.005262
-0.004967
-0.007345
-0.006075
-0.007255
-0.006812
-0.006844
-0.005648
-0.006827
-0.006385
-0.009279
-0.007862
-0.009189
-0.008599
-0.008705
-0.007360
-0.008688
-0.008098
-0.011508
-0.009943
-0.011418
-0.010680
-0.010860
-0.009368
-0.010843
-0.010106
-0.014032
-0.012319
-0.013942
-0.013057
-0.013310
-0.011671
-0.013293
-0.012408
-0.016851
-0.014991
-0.016761
-0.015728
-0.016055
-0.014269
-0.016038
-0.015006
-0.014779
-0.015573
-0.014541
-0.016458
-0.015310
-0.016178
-0.015146
-0.017063
-0.012289
-0.012935
-0.012051
-0.013820
-0.012746
-0.013467
-0.012582
-0.014351
-0.010093
-0.010593
-0.009855
-0.011477
-0.010477
-0.011050
-0.010313
-0.011935
-0.008193
-0.008545
-0.007955
-0.009430
-0.008503
-0.008928
-0.008339
-0.009813
-0.006587
-0.006792
-0.006349
-0.007677
-0.006824
-0.007102
-0.006659
-0.007987
-0.005277
-0.005334
-0.005039
-0.006219
-0.005439
-0.005570
-0.005275
-0.006455
-0.004261
-0.004171
-0.004023
-0.005056
-0.004350
-0.004333
-0.004186
-0.005218
-0.003541
-0.003303
-0.003303
-0.004188
-0.003556
-0.003392
-0.003392
-0.004276
-0.003115
-0.002730
-0.002877
-0.003615
-0.003057
-0.002745
-0.002892
-0.003630
-0.002985
-0.002452
-0.002747
-0.003336
-0.002852
-0.002393
-0.002688
-0.003278
-0.003149
-0.002468
-0.002911
-0.003353
-0.002943
-0.002336
-0.002778
-0.003221
-0.003608
-0.002780
-0.003370
-0.003665
-0.003328
-0.002574
-0.003164
-0.003459
-0.004362
-0.003387
-0.004124
-0.004272
-0.004009
-0.003107
-0.003844
-0.003992
-0.005411
-0.004289
-0.005173
-0.005173
-0.004984
-0.003935
-0.004820
-0.004820
-0.006756
-0.005485
-0.006517
-0.006370
-0.006254
-0.005058
-0.006090
-0.005943
-0.008395
-0.006977
-0.008157
-0.007862
-0.007820
-0.006476
-0.007655
-0.007360
-0.010329
-0.008763
-0.010091
-0.009648
-0.009680
-0.008188
-0.009516
-0.009073
-0.012558
-0.010845
-0.012319
-0.011730
-0.011835
-0.010196
-0.011671
-0.011081
-0.015081
-0.013221
-0.014843
-0.014106
-0.014285
-0.012499
-0.014121
-0.013384
-0.017900
-0.015893
-0.017662
-0.016777
-0.017030
-0.015096
-0.016866
-0.015981
-0.016123
-0.016770
-0.015737
-0.017802
-0.016580
-0.017301
-0.016269
-0.018333
-0.013633
-0.014132
-0.013247
-0.015164
-0.014016
-0.014590
-0.013705
-0.015622
-0.011437
-0.011789
-0.011052
-0.012822
-0.011747
-0.012173
-0.011436
-0.013205
-0.009537
-0.009741
-0.009151
-0.010774
-0.009773
-0.010051
-0.009461
-0.011084
-0.007932
-0.007988
-0.007546
-0.009021
-0.008094
-0.008225
-0.007782
-0.009257
-0.006621
-0.006531
-0.006236
-0.007563
-0.006710
-0.006693
-0.006398
-0.007725
-0.005606
-0.005368
-0.005220
-0.006400
-0.005621
-0.005456
-0.005309
-0.006489
-0.004885
-0.004499
-0.004499
-0.005532
-0.004826
-0.004515
-0.004515
-0.005547
-0.004459
-0.003926
-0.004074
-0.004959
-0.004327
-0.003868
-0.004015
-0.004900
-0.004329
-0.003648
-0.003943
-0.004681
-0.004123
-0.003516
-0.003811
-0.004548
-0.004493
-0.003665
-0.004107
-0.004697
-0.004213
-0.003459
-0.003901
-0.004491
-0.004952
-0.003977
-0.004567
-0.005009
-0.004599
-0.003697
-0.004287
-0.004729
-0.005706
-0.004584
-0.005321
-0.005616
-0.005279
-0.004230
-0.004967
-0.005262
-0.006756
-0.005485
-0.006370
-0.006517
-0.006254
-0.005058
-0.005943
-0.006090
-0.008100
-0.006682
-0.007714
-0.007714
-0.007525
-0.006181
-0.007213
-0.007213
-0.009739
-0.008173
-0.009353
-0.009206
-0.009090
-0.007598
-0.008778
-0.008631
-0.011673
-0.009960
-0.011287
-0.010992
-0.010950
-0.009311
-0.010639
-0.010344
-0.013902
-0.012041
-0.013516
-0.013074
-0.013106
-0.011319
-0.012794
-0.012351
-0.016426
-0.014418
-0.016040
-0.015450
-0.015556
-0.013622
-0.015244
-0.014654
-0.019244
-0.017089
-0.018859
-0.018121
-0.018301
-0.016219
-0.017989
-0.017252
-0.017762
-0.018261
-0.017229
-0.019441
-0.018146
-0.018719
-0.017686
-0.019899
-0.015272
-0.015624
-0.014739
-0.016803
-0.015582
-0.016007
-0.015122
-0.017187
-0.013076
-0.013281
-0.012543
-0.014461
-0.013313
-0.013591
-0.012853
-0.014771
-0.011176
-0.011233
-0.010643
-0.012413
-0.011339
-0.011469
-0.010879
-0.012649
-0.009571
-0.009480
-0.009038
-0.010660
-0.009659
-0.009643
-0.009200
-0.010822
-0.008260
-0.008022
-0.007727
-0.009202
-0.008275
-0.008111
-0.007816
-0.009291
-0.007245
-0.006859
-0.006712
-0.008039
-0.007186
-0.006874
-0.006727
-0.008054
-0.006524
-0.005991
-0.005991
-0.007171
-0.006392
-0.005932
-0.005932
-0.007112
-0.006098
-0.005418
-0.005565
-0.006598
-0.005892
-0.005286
-0.005433
-0.006465
-0.005968
-0.005140
-0.005435
-0.006320
-0.005688
-0.004934
-0.005229
-0.006113
-0.006132
-0.005157
-0.005599
-0.006336
-0.005778
-0.004877
-0.005319
-0.006056
-0.006591
-0.005468
-0.006058
-0.006648
-0.006164
-0.005115
-0.005705
-0.006295
-0.007345
-0.006075
-0.006812
-0.007255
-0.006844
-0.005648
-0.006385
-0.006827
-0.008395
-0.006977
-0.007862
-0.008157
-0.007820
-0.006476
-0.007360
-0.007655
-0.009739
-0.008173
-0.009206
-0.009353
-0.009090
-0.007598
-0.008631
-0.008778
-0.011378
-0.009665
-0.010845
-0.010845
-0.010655
-0.009016
-0.010196
-0.010196
-0.013312
-0.011451
-0.012779
-0.012631
-0.012516
-0.010729
-0.012056
-0.011909
-0.015541
-0.013533
-0.015008
-0.014713
-0.014671
-0.012737
-0.014212
-0.013917
-0.018065
-0.015909
-0.017532
-0.017089
-0.017121
-0.015040
-0.016662
-0.016219
-0.020883
-0.018581
-0.020350
-0.019761
-0.019866
-0.017637
-0.019407
-0.018817
-0.019696
-0.020048
-0.019016
-0.021375
-0.020006
-0.020432
-0.019399
-0.021759
-0.017206
-0.017410
-0.016525
-0.018737
-0.017442
-0.017720
-0.016835
-0.019047
-0.015010
-0.015067
-0.014330
-0.016395
-0.015173
-0.015304
-0.014566
-0.016631
-0.013110
-0.013019
-0.012430
-0.014347
-0.013199
-0.013182
-0.012592
-0.014509
-0.011505
-0.011267
-0.010824
-0.012594
-0.011520
-0.011355
-0.010913
-0.012683
-0.010194
-0.009809
-0.009514
-0.011136
-0.010135
-0.009824
-0.009529
-0.011151
-0.009179
-0.008646
-0.008498
-0.009973
-0.009046
-0.008587
-0.008439
-0.009914
-0.008458
-0.007778
-0.007778
-0.009105
-0.008252
-0.007645
-0.007645
-0.008972
-0.008032
-0.007204
-0.007352
-0.008532
-0.007752
-0.006998
-0.007146
-0.008326
-0.007902
-0.006926
-0.007221
-0.008254
-0.007548
-0.006646
-0.006941
-0.007974
-0.008066
-0.006943
-0.007386
-0.008270
-0.007639
-0.006589
-0.007032
-0.007917
-0.008525
-0.007255
-0.007845
-0.008582
-0.008024
-0.006827
-0.007417
-0.008155
-0.009279
-0.007862
-0.008599
-0.009189
-0.008705
-0.007360
-0.008098
-0.008688
-0.010329
-0.008763
-0.009648
-0.010091
-0.009680
-0.008188
-0.009073
-0.009516
-0.011673
-0.009960
-0.010992
-0.011287
-0.010950
-0.009311
-0.010344
-0.010639
-0.013312
-0.011451
-0.012631
-0.012779
-0.012516
-0.010729
-0.011909
-0.012056
-0.015246
-0.013238
-0.014565
-0.014565
-0.014376
-0.012442
-0.013769
-0.013769
-0.017475
-0.015319
-0.016794
-0.016647
-0.016531
-0.014450
-0.015924
-0.015777
-0.019999
-0.017696
-0.019318
-0.019023
-0.018981
-0.016752
-0.018375
-0.018080
-0.022817
-0.020367
-0.022137
-0.021695
-0.021726
-0.019350
-0.021120
-0.020677
-0.021925
-0.022129
-0.021097
-0.023604
-0.022161
-0.022439
-0.021407
-0.023914
-0.019435
-0.019492
-0.018607
-0.020966
-0.019597
-0.019728
-0.018843
-0.021203
-0.017239
-0.017149
-0.016411
-0.018624
-0.017328
-0.017311
-0.016574
-0.018786
-0.015339
-0.015101
-0.014511
-0.016576
-0.015354
-0.015190
-0.014600
-0.016664
-0.013734
-0.013348
-0.012906
-0.014823
-0.013675
-0.013363
-0.012921
-0.014838
-0.012423
-0.011890
-0.011595
-0.013365
-0.012291
-0.011831
-0.011536
-0.013306
-0.011408
-0.010727
-0.010580
-0.012202
-0.011201
-0.010595
-0.010447
-0.012069
-0.010687
-0.009859
-0.009859
-0.011334
-0.010407
-0.009653
-0.009653
-0.011128
-0.010261
-0.009286
-0.009433
-0.010761
-0.009908
-0.009006
-0.009153
-0.010481
-0.010131
-0.009008
-0.009303
-0.010483
-0.009703
-0.008654
-0.008949
-0.010129
-0.010295
-0.009025
-0.009467
-0.010499
-0.009794
-0.008597
-0.009040
-0.010072
-0.010754
-0.009336
-0.009926
-0.010811
-0.010179
-0.008835
-0.009425
-0.010310
-0.011508
-0.009943
-0.010680
-0.011418
-0.010860
-0.009368
-0.010106
-0.010843
-0.012558
-0.010845
-0.011730
-0.012319
-0.011835
-0.010196
-0.011081
-0.011671
-0.013902
-0.012041
-0.013074
-0.013516
-0.013106
-0.011319
-0.012351
-0.012794
-0.015541
-0.013533
-0.014713
-0.015008
-0.014671
-0.012737
-0.013917
-0.014212
-0.017475
-0.015319
-0.016647
-0.016794
-0.016531
-0.014450
-0.015777
-0.015924
-0.019704
-0.017401
-0.018876
-0.018876
-0.018686
-0.016457
-0.017932
-0.017932
-0.022228
-0.019777
-0.021400
-0.021252
-0.021136
-0.018760
-0.020382
-0.020235
-0.025046
-0.022449
-0.024218
-0.023923
-0.023882
-0.021358
-0.023127
-0.022832
-0.024449
-0.024506
-0.023473
-0.026128
-0.024611
-0.024742
-0.023710
-0.026364
-0.021959
-0.021868
-0.020983
-0.023490
-0.022047
-0.022031
-0.021146
-0.023653
-0.019763
-0.019525
-0.018788
-0.021147
-0.019778
-0.019614
-0.018877
-0.021236
-0.017863
-0.017477
-0.016887
-0.019100
-0.017804
-0.017492
-0.016902
-0.019115
-0.016257
-0.015724
-0.015282
-0.017347
-0.016125
-0.015666
-0.015223
-0.017288
-0.014947
-0.014266
-0.013972
-0.015889
-0.014741
-0.014134
-0.013839
-0.015756
-0.013931
-0.013103
-0.012956
-0.014726
-0.013652
-0.012897
-0.012750
-0.014520
-0.013211
-0.012235
-0.012235
-0.013858
-0.012857
-0.011956
-0.011956
-0.013578
-0.012785
-0.011662
-0.011810
-0.013285
-0.012358
-0.011309
-0.011456
-0.012931
-0.012655
-0.011384
-0.011679
-0.013006
-0.012153
-0.010957
-0.011252
-0.012579
-0.012819
-0.011401
-0.011843
-0.013023
-0.012244
-0.010900
-0.011342
-0.012522
-0.013278
-0.011713
-0.012303
-0.013335
-0.012629
-0.011138
-0.011728
-0.012760
-0.014032
-0.012319
-0.013057
-0.013942
-0.013310
-0.011671
-0.012408
-0.013293
-0.015081
-0.013221
-0.014106
-0.014843
-0.014285
-0.012499
-0.013384
-0.014121
-0.016426
-0.014418
-0.015450
-0.016040
-0.015556
-0.013622
-0.014654
-0.015244
-0.018065
-0.015909
-0.017089
-0.017532
-0.017121
-0.015040
-0.016219
-0.016662
-0.019999
-0.017696
-0.019023
-0.019318
-0.018981
-0.016752
-0.018080
-0.018375
-0.022228
-0.019777
-0.021252
-0.021400
-0.021136
-0.018760
-0.020235
-0.020382
-0.024751
-0.022154
-0.023776
-0.023776
-0.023587
-0.021063
-0.022685
-0.022685
-0.027570
-0.024825
-0.026595
-0.026447
-0.026332
-0.023660
-0.025430
-0.025283
-0.027268
-0.027177
-0.026145
-0.028947
-0.027356
-0.027340
-0.026307
-0.029109
-0.024777
-0.024539
-0.023655
-0.026309
-0.024792
-0.024628
-0.023743
-0.026398
-0.022582
-0.022197
-0.021459
-0.023966
-0.022523
-0.022212
-0.021474
-0.023981
-0.020682
-0.020149
-0.019559
-0.021918
-0.020549
-0.020090
-0.019500
-0.021860
-0.019076
-0.018396
-0.017953
-0.020166
-0.018870
-0.018263
-0.017821
-0.020033
-0.017766
-0.016938
-0.016643
-0.018708
-0.017486
-0.016732
-0.016437
-0.018501
-0.016750
-0.015775
-0.015627
-0.017545
-0.016397
-0.015495
-0.015347
-0.017265
-0.016030
-0.014907
-0.014907
-0.016677
-0.015602
-0.014553
-0.014553
-0.016323
-0.015604
-0.014334
-0.014481
-0.016103
-0.015103
-0.013906
-0.014054
-0.015676
-0.015473
-0.014056
-0.014351
-0.015825
-0.014899
-0.013554
-0.013849
-0.015324
-0.015638
-0.014072
-0.014515
-0.015842
-0.014989
-0.013498
-0.013940
-0.015267
-0.016097
-0.014384
-0.014974
-0.016154
-0.015375
-0.013736
-0.014325
-0.015505
-0.016851
-0.014991
-0.015728
-0.016761
-0.016055
-0.014269
-0.015006
-0.016038
-0.017900
-0.015893
-0.016777
-0.017662
-0.017030
-0.015096
-0.015981
-0.016866
-0.019244
-0.017089
-0.018121
-0.018859
-0.018301
-0.016219
-0.017252
-0.017989
-0.020883
-0.018581
-0.019761
-0.020350
-0.019866
-0.017637
-0.018817
-0.019407
-0.022817
-0.020367
-0.021695
-0.022137
-0.021726
-0.019350
-0.020677
-0.021120
-0.025046
-0.022449
-0.023923
-0.024218
-0.023882
-0.021358
-0.022832
-0.023127
-0.027570
-0.024825
-0.026447
-0.026595
-0.026332
-0.023660
-0.025283
-0.025430
-0.030389
-0.027497
-0.029266
-0.029266
-0.029077
-0.026258
-0.028028
-0.028028
-0.023721
-0.026432
-0.025252
-0.025252
-0.025137
-0.027922
-0.026742
-0.026742
-0.021230
-0.023794
-0.022762
-0.022615
-0.022573
-0.025210
-0.024178
-0.024031
-0.019035
-0.021452
-0.020567
-0.020272
-0.020304
-0.022794
-0.021909
-0.021614
-0.017135
-0.019404
-0.018666
-0.018224
-0.018330
-0.020672
-0.019935
-0.019493
-0.015529
-0.017651
-0.017061
-0.016471
-0.016650
-0.018846
-0.018256
-0.017666
-0.014219
-0.016193
-0.015750
-0.015013
-0.015266
-0.017314
-0.016872
-0.016134
-0.013203
-0.015030
-0.014735
-0.013850
-0.014177
-0.016077
-0.015782
-0.014897
-0.012483
-0.014162
-0.014014
-0.012982
-0.013383
-0.015135
-0.014988
-0.013956
-0.012057
-0.013589
-0.013589
-0.012409
-0.012883
-0.014489
-0.014489
-0.013309
-0.011926
-0.013311
-0.013458
-0.012131
-0.012679
-0.014137
-0.014284
-0.012957
-0.012091
-0.013327
-0.013622
-0.012148
-0.012769
-0.014080
-0.014375
-0.012900
-0.012550
-0.013639
-0.014082
-0.012459
-0.013155
-0.014318
-0.014760
-0.013138
-0.013304
-0.014246
-0.014836
-0.013066
-0.013835
-0.014851
-0.015441
-0.013671
-0.014353
-0.015148
-0.015885
-0.013968
-0.014811
-0.015679
-0.016416
-0.014499
-0.015697
-0.016344
-0.017229
-0.015164
-0.016081
-0.016802
-0.017686
-0.015622
-0.017336
-0.017836
-0.018868
-0.016656
-0.017646
-0.018219
-0.019252
-0.017040
-0.019270
-0.019622
-0.020802
-0.018442
-0.019507
-0.019932
-0.021112
-0.018752
-0.021499
-0.021704
-0.023031
-0.020524
-0.021662
-0.021940
-0.023267
-0.020760
-0.024023
-0.024080
-0.025555
-0.022900
-0.024112
-0.024243
-0.025717
-0.023063
-0.026842
-0.026752
-0.028374
-0.025572
-0.026857
-0.026840
-0.028463
-0.025661
-0.021230
-0.023794
-0.022615
-0.022762
-0.022573
-0.025210
-0.024031
-0.024178
-0.018740
-0.021157
-0.020124
-0.020124
-0.020009
-0.022499
-0.021467
-0.021467
-0.016545
-0.018814
-0.017929
-0.017782
-0.017740
-0.020082
-0.019198
-0.019050
-0.014644
-0.016766
-0.016029
-0.015734
-0.015766
-0.017961
-0.017223
-0.016929
-0.013039
-0.015013
-0.014423
-0.013981
-0.014086
-0.016134
-0.015544
-0.015102
-0.011728
-0.013555
-0.013113
-0.012523
-0.012702
-0.014603
-0.014160
-0.013570
-0.010713
-0.012392
-0.012097
-0.011360
-0.011613
-0.013366
-0.013071
-0.012333
-0.009992
-0.011524
-0.011377
-0.010492
-0.010819
-0.012424
-0.012277
-0.011392
-0.009567
-0.010951
-0.010951
-0.009919
-0.010319
-0.011777
-0.011777
-0.010745
-0.009436
-0.010673
-0.010820
-0.009641
-0.010115
-0.011425
-0.011573
-0.010393
-0.009600
-0.010690
-0.010985
-0.009657
-0.010205
-0.011368
-0.011663
-0.010336
-0.010060
-0.011001
-0.011444
-0.009969
-0.010591
-0.011606
-0.012049
-0.010574
-0.010814
-0.011608
-0.012198
-0.010576
-0.011271
-0.012139
-0.012729
-0.011107
-0.011863
-0.012510
-0.013247
-0.011477
-0.012247
-0.012967
-0.013705
-0.011935
-0.013207
-0.013706
-0.014591
-0.012674
-0.013517
-0.014090
-0.014975
-0.013058
-0.014846
-0.015198
-0.016230
-0.014166
-0.015082
-0.015508
-0.016540
-0.014476
-0.016780
-0.016984
-0.018164
-0.015952
-0.016943
-0.017221
-0.018401
-0.016188
-0.019009
-0.019066
-0.020393
-0.018034
-0.019098
-0.019228
-0.020556
-0.018196
-0.021533
-0.021442
-0.022917
-0.020410
-0.021548
-0.021531
-0.023006
-0.020499
-0.024352
-0.024114
-0.025736
-0.023081
-0.024293
-0.024129
-0.025751
-0.023096
-0.019035
-0.021452
-0.020272
-0.020567
-0.020304
-0.022794
-0.021614
-0.021909
-0.016545
-0.018814
-0.017782
-0.017929
-0.017740
-0.020082
-0.019050
-0.019198
-0.014349
-0.016471
-0.015586
-0.015586
-0.015471
-0.017666
-0.016781
-0.016781
-0.012449
-0.014423
-0.013686
-0.013538
-0.013496
-0.015544
-0.014807
-0.014659
-0.010844
-0.012670
-0.012080
-0.011785
-0.011817
-0.013718
-0.013128
-0.012833
-0.009533
-0.011212
-0.010770
-0.010327
-0.010433
-0.012186
-0.011744
-0.011301
-0.008518
-0.010049
-0.009754
-0.009164
-0.009344
-0.010949
-0.010654
-0.010064
-0.007797
-0.009181
-0.009034
-0.008296
-0.008549
-0.010007
-0.009860
-0.009123
-0.007371
-0.008608
-0.008608
-0.007723
-0.008050
-0.009361
-0.009361
-0.008476
-0.007241
-0.008330
-0.008478
-0.007445
-0.007846
-0.009009
-0.009156
-0.008124
-0.007405
-0.008347
-0.008642
-0.007462
-0.007936
-0.008952
-0.009247
-0.008067
-0.007864
-0.008659
-0.009101
-0.007774
-0.008322
-0.009190
-0.009632
-0.008305
-0.008618
-0.009265
-0.009855
-0.008380
-0.009002
-0.009723
-0.010313
-0.008838
-0.009668
-0.010167
-0.010904
-0.009282
-0.009978
-0.010551
-0.011288
-0.009666
-0.011012
-0.011364
-0.012248
-0.010479
-0.011248
-0.011674
-0.012558
-0.010789
-0.012651
-0.012855
-0.013888
-0.011970
-0.012813
-0.013091
-0.014124
-0.012207
-0.014585
-0.014642
-0.015821
-0.013757
-0.014674
-0.014804
-0.015984
-0.013919
-0.016814
-0.016723
-0.018050
-0.015838
-0.016829
-0.016812
-0.018139
-0.015927
-0.019338
-0.019100
-0.020574
-0.018215
-0.019279
-0.019115
-0.020589
-0.018230
-0.022156
-0.021771
-0.023393
-0.020886
-0.022024
-0.021712
-0.023335
-0.020827
-0.017135
-0.019404
-0.018224
-0.018666
-0.018330
-0.020672
-0.019493
-0.019935
-0.014644
-0.016766
-0.015734
-0.016029
-0.015766
-0.017961
-0.016929
-0.017223
-0.012449
-0.014423
-0.013538
-0.013686
-0.013496
-0.015544
-0.014659
-0.014807
-0.010549
-0.012375
-0.011638
-0.011638
-0.011522
-0.013423
-0.012685
-0.012685
-0.008943
-0.010622
-0.010033
-0.009885
-0.009843
-0.011596
-0.011006
-0.010859
-0.007633
-0.009164
-0.008722
-0.008427
-0.008459
-0.010064
-0.009622
-0.009327
-0.006617
-0.008001
-0.007707
-0.007264
-0.007370
-0.008828
-0.008533
-0.008090
-0.005897
-0.007133
-0.006986
-0.006396
-0.006575
-0.007886
-0.007738
-0.007148
-0.005471
-0.006560
-0.006560
-0.005823
-0.006076
-0.007239
-0.007239
-0.006502
-0.005340
-0.006282
-0.006430
-0.005545
-0.005872
-0.006887
-0.007035
-0.006150
-0.005505
-0.006299
-0.006594
-0.005562
-0.005962
-0.006830
-0.007125
-0.006093
-0.005964
-0.006611
-0.007053
-0.005873
-0.006348
-0.007068
-0.007511
-0.006331
-0.006718
-0.007217
-0.007807
-0.006480
-0.007028
-0.007601
-0.008191
-0.006864
-0.007767
-0.008119
-0.008857
-0.007382
-0.008004
-0.008429
-0.009167
-0.007692
-0.009111
-0.009316
-0.010201
-0.008578
-0.009274
-0.009552
-0.010437
-0.008815
-0.010750
-0.010807
-0.011840
-0.010070
-0.010839
-0.010970
-0.012002
-0.010232
-0.012684
-0.012594
-0.013774
-0.011856
-0.012699
-0.012683
-0.013862
-0.011945
-0.014913
-0.014675
-0.016003
-0.013938
-0.014855
-0.014690
-0.016018
-0.013953
-0.017437
-0.017052
-0.018526
-0.016314
-0.017305
-0.016993
-0.018468
-0.016256
-0.020256
-0.019723
-0.021345
-0.018986
-0.020050
-0.019591
-0.021213
-0.018853
-0.015529
-0.017651
-0.016471
-0.017061
-0.016650
-0.018846
-0.017666
-0.018256
-0.013039
-0.015013
-0.013981
-0.014423
-0.014086
-0.016134
-0.015102
-0.015544
-0.010844
-0.012670
-0.011785
-0.012080
-0.011817
-0.013718
-0.012833
-0.013128
-0.008943
-0.010622
-0.009885
-0.010033
-0.009843
-0.011596
-0.010859
-0.011006
-0.007338
-0.008870
-0.008280
-0.008280
-0.008164
-0.009769
-0.009180
-0.009180
-0.006027
-0.007412
-0.006969
-0.006822
-0.006780
-0.008238
-0.007795
-0.007648
-0.005012
-0.006249
-0.005954
-0.005659
-0.005691
-0.007001
-0.006706
-0.006411
-0.004291
-0.005381
-0.005233
-0.004791
-0.004896
-0.006059
-0.005912
-0.005469
-0.003866
-0.004807
-0.004807
-0.004218
-0.004397
-0.005412
-0.005412
-0.004822
-0.003735
-0.004529
-0.004677
-0.003939
-0.004192
-0.005060
-0.005208
-0.004471
-0.003899
-0.004546
-0.004841
-0.003956
-0.004283
-0.005004
-0.005299
-0.004414
-0.004358
-0.004858
-0.005300
-0.004268
-0.004668
-0.005242
-0.005684
-0.004652
-0.005113
-0.005465
-0.006054
-0.004875
-0.005349
-0.005775
-0.006364
-0.005185
-0.006162
-0.006366
-0.007104
-0.005776
-0.006324
-0.006602
-0.007340
-0.006013
-0.007506
-0.007563
-0.008448
-0.006973
-0.007595
-0.007725
-0.008610
-0.007135
-0.009145
-0.009054
-0.010087
-0.008465
-0.009160
-0.009143
-0.010176
-0.008553
-0.011079
-0.010841
-0.012021
-0.010251
-0.011020
-0.010856
-0.012036
-0.010266
-0.013308
-0.012922
-0.014250
-0.012332
-0.013175
-0.012864
-0.014191
-0.012274
-0.015832
-0.015299
-0.016774
-0.014709
-0.015626
-0.015166
-0.016641
-0.014576
-0.018651
-0.017970
-0.019592
-0.017380
-0.018371
-0.017764
-0.019386
-0.017174
-0.014219
-0.016193
-0.015013
-0.015750
-0.015266
-0.017314
-0.016134
-0.016872
-0.011728
-0.013555
-0.012523
-0.013113
-0.012702
-0.014603
-0.013570
-0.014160
-0.009533
-0.011212
-0.010327
-0.010770
-0.010433
-0.012186
-0.011301
-0.011744
-0.007633
-0.009164
-0.008427
-0.008722
-0.008459
-0.010064
-0.009327
-0.009622
-0.006027
-0.007412
-0.006822
-0.006969
-0.006780
-0.008238
-0.007648
-0.007795
-0.004717
-0.005954
-0.005511
-0.005511
-0.005396
-0.006706
-0.006264
-0.006264
-0.003701
-0.004791
-0.004496
-0.004348
-0.004306
-0.005469
-0.005174
-0.005027
-0.002981
-0.003923
-0.003775
-0.003480
-0.003512
-0.004528
-0.004380
-0.004085
-0.002555
-0.003349
-0.003349
-0.002907
-0.003013
-0.003881
-0.003881
-0.003438
-0.002424
-0.003071
-0.003219
-0.002629
-0.002808
-0.003529
-0.003676
-0.003086
-0.002589
-0.003088
-0.003383
-0.002646
-0.002899
-0.003472
-0.003767
-0.003029
-0.003048
-0.003400
-0.003842
-0.002957
-0.003284
-0.003710
-0.004152
-0.003267
-0.003802
-0.004007
-0.004597
-0.003564
-0.003965
-0.004243
-0.004833
-0.003800
-0.004851
-0.004908
-0.005646
-0.004466
-0.004940
-0.005071
-0.005808
-0.004628
-0.006195
-0.006105
-0.006990
-0.005662
-0.006210
-0.006194
-0.007079
-0.005751
-0.007834
-0.007596
-0.008629
-0.007154
-0.007776
-0.007612
-0.008644
-0.007169
-0.009768
-0.009383
-0.010563
-0.008941
-0.009636
-0.009324
-0.010504
-0.008882
-0.011997
-0.011464
-0.012792
-0.011022
-0.011791
-0.011332
-0.012659
-0.010890
-0.014521
-0.013841
-0.015316
-0.013398
-0.014241
-0.013635
-0.015109
-0.013192
-0.017340
-0.016512
-0.018134
-0.016070
-0.016987
-0.016232
-0.017855
-0.015790
-0.013203
-0.015030
-0.013850
-0.014735
-0.014177
-0.016077
-0.014897
-0.015782
-0.010713
-0.012392
-0.011360
-0.012097
-0.011613
-0.013366
-0.012333
-0.013071
-0.008518
-0.010049
-0.009164
-0.009754
-0.009344
-0.010949
-0.010064
-0.010654
-0.006617
-0.008001
-0.007264
-0.007707
-0.007370
-0.008828
-0.008090
-0.008533
-0.005012
-0.006249
-0.005659
-0.005954
-0.005691
-0.007001
-0.006411
-0.006706
-0.003701
-0.004791
-0.004348
-0.004496
-0.004306
-0.005469
-0.005027
-0.005174
-0.002686
-0.003628
-0.003333
-0.003333
-0.003217
-0.004233
-0.003938
-0.003938
-0.001965
-0.002760
-0.002612
-0.002465
-0.002423
-0.003291
-0.003143
-0.002996
-0.001540
-0.002186
-0.002186
-0.001892
-0.001923
-0.002644
-0.002644
-0.002349
-0.001409
-0.001908
-0.002056
-0.001613
-0.001719
-0.002292
-0.002440
-0.001997
-0.001573
-0.001925
-0.002220
-0.001630
-0.001810
-0.002235
-0.002530
-0.001940
-0.002032
-0.002237
-0.002679
-0.001942
-0.002195
-0.002473
-0.002916
-0.002178
-0.002787
-0.002844
-0.003434
-0.002549
-0.002875
-0.003006
-0.003596
-0.002711
-0.003836
-0.003745
-0.004483
-0.003450
-0.003851
-0.003834
-0.004571
-0.003539
-0.005180
-0.004942
-0.005827
-0.004647
-0.005121
-0.004957
-0.005842
-0.004662
-0.006819
-0.006433
-0.007466
-0.006139
-0.006687
-0.006375
-0.007407
-0.006080
-0.008753
-0.008220
-0.009400
-0.007925
-0.008547
-0.008088
-0.009267
-0.007793
-0.010982
-0.010301
-0.011629
-0.010006
-0.010702
-0.010095
-0.011423
-0.009800
-0.013506
-0.012678
-0.014153
-0.012383
-0.013152
-0.012398
-0.013873
-0.012103
-0.016325
-0.015349
-0.016971
-0.015054
-0.015897
-0.014996
-0.016618
-0.014701
-0.012483
-0.014162
-0.012982
-0.014014
-0.013383
-0.015135
-0.013956
-0.014988
-0.009992
-0.011524
-0.010492
-0.011377
-0.010819
-0.012424
-0.011392
-0.012277
-0.007797
-0.009181
-0.008296
-0.009034
-0.008549
-0.010007
-0.009123
-0.009860
-0.005897
-0.007133
-0.006396
-0.006986
-0.006575
-0.007886
-0.007148
-0.007738
-0.004291
-0.005381
-0.004791
-0.005233
-0.004896
-0.006059
-0.005469
-0.005912
-0.002981
-0.003923
-0.003480
-0.003775
-0.003512
-0.004528
-0.004085
-0.004380
-0.001965
-0.002760
-0.002465
-0.002612
-0.002423
-0.003291
-0.002996
-0.003143
-0.001245
-0.001892
-0.001744
-0.001744
-0.001628
-0.002349
-0.002202
-0.002202
-0.000819
-0.001318
-0.001318
-0.001171
-0.001129
-0.001702
-0.001702
-0.001555
-0.000688
-0.001040
-0.001188
-0.000893
-0.000925
-0.001350
-0.001498
-0.001203
-0.000853
-0.001057
-0.001352
-0.000910
-0.001015
-0.001293
-0.001588
-0.001146
-0.001312
-0.001369
-0.001811
-0.001221
-0.001401
-0.001531
-0.001974
-0.001384
-0.002066
-0.001976
-0.002565
-0.001828
-0.002081
-0.002064
-0.002654
-0.001917
-0.003115
-0.002877
-0.003615
-0.002730
-0.003057
-0.002892
-0.003630
-0.002745
-0.004459
-0.004074
-0.004959
-0.003926
-0.004327
-0.004015
-0.004900
-0.003868
-0.006098
-0.005565
-0.006598
-0.005418
-0.005892
-0.005433
-0.006465
-0.005286
-0.008032
-0.007352
-0.008532
-0.007204
-0.007752
-0.007146
-0.008326
-0.006998
-0.010261
-0.009433
-0.010761
-0.009286
-0.009908
-0.009153
-0.010481
-0.009006
-0.012785
-0.011810
-0.013285
-0.011662
-0.012358
-0.011456
-0.012931
-0.011309
-0.015604
-0.014481
-0.016103
-0.014334
-0.015103
-0.014054
-0.015676
-0.013906
-0.012057
-0.013589
-0.012409
-0.013589
-0.012883
-0.014489
-0.013309
-0.014489
-0.009567
-0.010951
-0.009919
-0.010951
-0.010319
-0.011777
-0.010745
-0.011777
-0.007371
-0.008608
-0.007723
-0.008608
-0.008050
-0.009361
-0.008476
-0.009361
-0.005471
-0.006560
-0.005823
-0.006560
-0.006076
-0.007239
-0.006502
-0.007239
-0.003866
-0.004807
-0.004218
-0.004807
-0.004397
-0.005412
-0.004822
-0.005412
-0.002555
-0.003349
-0.002907
-0.003349
-0.003013
-0.003881
-0.003438
-0.003881
-0.001540
-0.002186
-0.001892
-0.002186
-0.001923
-0.002644
-0.002349
-0.002644
-0.000819
-0.001318
-0.001171
-0.001318
-0.001129
-0.001702
-0.001555
-0.001702
-0.000393
-0.000745
-0.000745
-0.000745
-0.000630
-0.001055
-0.001055
-0.001055
-0.000263
-0.000467
-0.000615
-0.000467
-0.000425
-0.000703
-0.000851
-0.000703
-0.000427
-0.000484
-0.000779
-0.000484
-0.000516
-0.000647
-0.000941
-0.000647
-0.000886
-0.000796
-0.001238
-0.000796
-0.000901
-0.000885
-0.001327
-0.000885
-0.001640
-0.001402
-0.001992
-0.001402
-0.001582
-0.001418
-0.002007
-0.001418
-0.002690
-0.002304
-0.003042
-0.002304
-0.002557
-0.002245
-0.002983
-0.002245
-0.004034
-0.003501
-0.004386
-0.003501
-0.003828
-0.003368
-0.004253
-0.003368
-0.005673
-0.004992
-0.006025
-0.004992
-0.005393
-0.004786
-0.005818
-0.004786
-0.007607
-0.006779
-0.007959
-0.006779
-0.007253
-0.006499
-0.007679
-0.006499
-0.009836
-0.008860
-0.010188
-0.008860
-0.009408
-0.008507
-0.009834
-0.008507
-0.012360
-0.011237
-0.012711
-0.011237
-0.011858
-0.010809
-0.012284
-0.010809
-0.015178
-0.013908
-0.015530
-0.013908
-0.014604
-0.013407
-0.015029
-0.013407
-0.011926
-0.013311
-0.012131
-0.013458
-0.012679
-0.014137
-0.012957
-0.014284
-0.009436
-0.010673
-0.009641
-0.010820
-0.010115
-0.011425
-0.010393
-0.011573
-0.007241
-0.008330
-0.007445
-0.008478
-0.007846
-0.009009
-0.008124
-0.009156
-0.005340
-0.006282
-0.005545
-0.006430
-0.005872
-0.006887
-0.006150
-0.007035
-0.003735
-0.004529
-0.003939
-0.004677
-0.004192
-0.005060
-0.004471
-0.005208
-0.002424
-0.003071
-0.002629
-0.003219
-0.002808
-0.003529
-0.003086
-0.003676
-0.001409
-0.001908
-0.001613
-0.002056
-0.001719
-0.002292
-0.001997
-0.002440
-0.000688
-0.001040
-0.000893
-0.001188
-0.000925
-0.001350
-0.001203
-0.001498
-0.000263
-0.000467
-0.000467
-0.000615
-0.000425
-0.000703
-0.000703
-0.000851
-0.000132
-0.000189
-0.000337
-0.000337
-0.000221
-0.000352
-0.000499
-0.000499
-0.000296
-0.000206
-0.000501
-0.000353
-0.000311
-0.000295
-0.000590
-0.000442
-0.000756
-0.000518
-0.000960
-0.000665
-0.000697
-0.000533
-0.000975
-0.000680
-0.001510
-0.001124
-0.001714
-0.001272
-0.001377
-0.001066
-0.001656
-0.001213
-0.002559
-0.002026
-0.002763
-0.002173
-0.002353
-0.001894
-0.002631
-0.002041
-0.003903
-0.003223
-0.004107
-0.003370
-0.003623
-0.003016
-0.003901
-0.003164
-0.005542
-0.004714
-0.005747
-0.004862
-0.005188
-0.004434
-0.005467
-0.004582
-0.007476
-0.006501
-0.007680
-0.006648
-0.007049
-0.006147
-0.007327
-0.006295
-0.009705
-0.008582
-0.009909
-0.008730
-0.009204
-0.008155
-0.009482
-0.008302
-0.012229
-0.010959
-0.012433
-0.011106
-0.011654
-0.010457
-0.011932
-0.010605
-0.015048
-0.013630
-0.015252
-0.013777
-0.014399
-0.013055
-0.014677
-0.013203
-0.012091
-0.013327
-0.012148
-0.013622
-0.012769
-0.014080
-0.012900
-0.014375
-0.009600
-0.010690
-0.009657
-0.010985
-0.010205
-0.011368
-0.010336
-0.011663
-0.007405
-0.008347
-0.007462
-0.008642
-0.007936
-0.008952
-0.008067
-0.009247
-0.005505
-0.006299
-0.005562
-0.006594
-0.005962
-0.006830
-0.006093
-0.007125
-0.003899
-0.004546
-0.003956
-0.004841
-0.004283
-0.005004
-0.004414
-0.005299
-0.002589
-0.003088
-0.002646
-0.003383
-0.002899
-0.003472
-0.003029
-0.003767
-0.001573
-0.001925
-0.001630
-0.002220
-0.001810
-0.002235
-0.001940
-0.002530
-0.000853
-0.001057
-0.000910
-0.001352
-0.001015
-0.001293
-0.001146
-0.001588
-0.000427
-0.000484
-0.000484
-0.000779
-0.000516
-0.000647
-0.000647
-0.000941
-0.000296
-0.000206
-0.000353
-0.000501
-0.000311
-0.000295
-0.000442
-0.000590
-0.000461
-0.000223
-0.000518
-0.000518
-0.000402
-0.000238
-0.000533
-0.000533
-0.000920
-0.000534
-0.000977
-0.000829
-0.000787
-0.000476
-0.000918
-0.000771
-0.001674
-0.001141
-0.001731
-0.001436
-0.001468
-0.001009
-0.001599
-0.001304
-0.002723
-0.002043
-0.002780
-0.002338
-0.002443
-0.001837
-0.002574
-0.002132
-0.004067
-0.003239
-0.004124
-0.003534
-0.003714
-0.002960
-0.003844
-0.003254
-0.005706
-0.004731
-0.005763
-0.005026
-0.005279
-0.004377
-0.005410
-0.004672
-0.007640
-0.006517
-0.007697
-0.006812
-0.007139
-0.006090
-0.007270
-0.006385
-0.009869
-0.008599
-0.009926
-0.008894
-0.009294
-0.008098
-0.009425
-0.008393
-0.012393
-0.010975
-0.012450
-0.011270
-0.011745
-0.010401
-0.011875
-0.010695
-0.015212
-0.013647
-0.015269
-0.013942
-0.014490
-0.012998
-0.014620
-0.013293
-0.012550
-0.013639
-0.012459
-0.014082
-0.013155
-0.014318
-0.013138
-0.014760
-0.010060
-0.011001
-0.009969
-0.011444
-0.010591
-0.011606
-0.010574
-0.012049
-0.007864
-0.008659
-0.007774
-0.009101
-0.008322
-0.009190
-0.008305
-0.009632
-0.005964
-0.006611
-0.005873
-0.007053
-0.006348
-0.007068
-0.006331
-0.007511
-0.004358
-0.004858
-0.004268
-0.005300
-0.004668
-0.005242
-0.004652
-0.005684
-0.003048
-0.003400
-0.002957
-0.003842
-0.003284
-0.003710
-0.003267
-0.004152
-0.002032
-0.002237
-0.001942
-0.002679
-0.002195
-0.002473
-0.002178
-0.002916
-0.001312
-0.001369
-0.001221
-0.001811
-0.001401
-0.001531
-0.001384
-0.001974
-0.000886
-0.000796
-0.000796
-0.001238
-0.000901
-0.000885
-0.000885
-0.001327
-0.000756
-0.000518
-0.000665
-0.000960
-0.000697
-0.000533
-0.000680
-0.000975
-0.000920
-0.000534
-0.000829
-0.000977
-0.000787
-0.000476
-0.000771
-0.000918
-0.001379
-0.000846
-0.001289
-0.001289
-0.001173
-0.000714
-0.001156
-0.001156
-0.002133
-0.001453
-0.002043
-0.001895
-0.001853
-0.001247
-0.001837
-0.001689
-0.003182
-0.002355
-0.003092
-0.002797
-0.002829
-0.002075
-0.002812
-0.002517
-0.004527
-0.003551
-0.004436
-0.003994
-0.004099
-0.003198
-0.004082
-0.003640
-0.006166
-0.005043
-0.006075
-0.005485
-0.005664
-0.004615
-0.005648
-0.005058
-0.008100
-0.006829
-0.008009
-0.007272
-0.007525
-0.006328
-0.007508
-0.006771
-0.010329
-0.008911
-0.010238
-0.009353
-0.009680
-0.008336
-0.009663
-0.008778
-0.012852
-0.011287
-0.012762
-0.011730
-0.012130
-0.010639
-0.012113
-0.011081
-0.015671
-0.013959
-0.015581
-0.014401
-0.014875
-0.013236
-0.014858
-0.013679
-0.013304
-0.014246
-0.013066
-0.014836
-0.013835
-0.014851
-0.013671
-0.015441
-0.010814
-0.011608
-0.010576
-0.012198
-0.011271
-0.012139
-0.011107
-0.012729
-0.008618
-0.009265
-0.008380
-0.009855
-0.009002
-0.009723
-0.008838
-0.010313
-0.006718
-0.007217
-0.006480
-0.007807
-0.007028
-0.007601
-0.006864
-0.008191
-0.005113
-0.005465
-0.004875
-0.006054
-0.005349
-0.005775
-0.005185
-0.006364
-0.003802
-0.004007
-0.003564
-0.004597
-0.003965
-0.004243
-0.003800
-0.004833
-0.002787
-0.002844
-0.002549
-0.003434
-0.002875
-0.003006
-0.002711
-0.003596
-0.002066
-0.001976
-0.001828
-0.002565
-0.002081
-0.002064
-0.001917
-0.002654
-0.001640
-0.001402
-0.001402
-0.001992
-0.001582
-0.001418
-0.001418
-0.002007
-0.001510
-0.001124
-0.001272
-0.001714
-0.001377
-0.001066
-0.001213
-0.001656
-0.001674
-0.001141
-0.001436
-0.001731
-0.001468
-0.001009
-0.001304
-0.001599
-0.002133
-0.001453
-0.001895
-0.002043
-0.001853
-0.001247
-0.001689
-0.001837
-0.002888
-0.002060
-0.002650
-0.002650
-0.002534
-0.001780
-0.002370
-0.002370
-0.003937
-0.002961
-0.003699
-0.003551
-0.003509
-0.002608
-0.003345
-0.003198
-0.005281
-0.004158
-0.005043
-0.004748
-0.004780
-0.003730
-0.004615
-0.004320
-0.006920
-0.005649
-0.006682
-0.006239
-0.006345
-0.005148
-0.006181
-0.005738
-0.008854
-0.007436
-0.008616
-0.008026
-0.008205
-0.006861
-0.008041
-0.007451
-0.011083
-0.009517
-0.010845
-0.010107
-0.010360
-0.008869
-0.010196
-0.009459
-0.013607
-0.011894
-0.013369
-0.012484
-0.012811
-0.011172
-0.012646
-0.011761
-0.016426
-0.014565
-0.016187
-0.015155
-0.015556
-0.013769
-0.015391
-0.014359
-0.014353
-0.015148
-0.013968
-0.015885
-0.014811
-0.015679
-0.014499
-0.016416
-0.011863
-0.012510
-0.011477
-0.013247
-0.012247
-0.012967
-0.011935
-0.013705
-0.009668
-0.010167
-0.009282
-0.010904
-0.009978
-0.010551
-0.009666
-0.011288
-0.007767
-0.008119
-0.007382
-0.008857
-0.008004
-0.008429
-0.007692
-0.009167
-0.006162
-0.006366
-0.005776
-0.007104
-0.006324
-0.006602
-0.006013
-0.007340
-0.004851
-0.004908
-0.004466
-0.005646
-0.004940
-0.005071
-0.004628
-0.005808
-0.003836
-0.003745
-0.003450
-0.004483
-0.003851
-0.003834
-0.003539
-0.004571
-0.003115
-0.002877
-0.002730
-0.003615
-0.003057
-0.002892
-0.002745
-0.003630
-0.002690
-0.002304
-0.002304
-0.003042
-0.002557
-0.002245
-0.002245
-0.002983
-0.002559
-0.002026
-0.002173
-0.002763
-0.002353
-0.001894
-0.002041
-0.002631
-0.002723
-0.002043
-0.002338
-0.002780
-0.002443
-0.001837
-0.002132
-0.002574
-0.003182
-0.002355
-0.002797
-0.003092
-0.002829
-0.002075
-0.002517
-0.002812
-0.003937
-0.002961
-0.003551
-0.003699
-0.003509
-0.002608
-0.003198
-0.003345
-0.004986
-0.003863
-0.004600
-0.004600
-0.004485
-0.003436
-0.004173
-0.004173
-0.006330
-0.005060
-0.005944
-0.005797
-0.005755
-0.004558
-0.005443
-0.005296
-0.007969
-0.006551
-0.007583
-0.007288
-0.007320
-0.005976
-0.007009
-0.006714
-0.009903
-0.008338
-0.009517
-0.009075
-0.009181
-0.007689
-0.008869
-0.008426
-0.012132
-0.010419
-0.011746
-0.011156
-0.011336
-0.009697
-0.011024
-0.010434
-0.014656
-0.012796
-0.014270
-0.013533
-0.013786
-0.011999
-0.013474
-0.012737
-0.017475
-0.015467
-0.017089
-0.016204
-0.016531
-0.014597
-0.016219
-0.015334
-0.015697
-0.016344
-0.015164
-0.017229
-0.016081
-0.016802
-0.015622
-0.017686
-0.013207
-0.013706
-0.012674
-0.014591
-0.013517
-0.014090
-0.013058
-0.014975
-0.011012
-0.011364
-0.010479
-0.012248
-0.011248
-0.011674
-0.010789
-0.012558
-0.009111
-0.009316
-0.008578
-0.010201
-0.009274
-0.009552
-0.008815
-0.010437
-0.007506
-0.007563
-0.006973
-0.008448
-0.007595
-0.007725
-0.007135
-0.008610
-0.006195
-0.006105
-0.005662
-0.006990
-0.006210
-0.006194
-0.005751
-0.007079
-0.005180
-0.004942
-0.004647
-0.005827
-0.005121
-0.004957
-0.004662
-0.005842
-0.004459
-0.004074
-0.003926
-0.004959
-0.004327
-0.004015
-0.003868
-0.004900
-0.004034
-0.003501
-0.003501
-0.004386
-0.003828
-0.003368
-0.003368
-0.004253
-0.003903
-0.003223
-0.003370
-0.004107
-0.003623
-0.003016
-0.003164
-0.003901
-0.004067
-0.003239
-0.003534
-0.004124
-0.003714
-0.002960
-0.003254
-0.003844
-0.004527
-0.003551
-0.003994
-0.004436
-0.004099
-0.003198
-0.003640
-0.004082
-0.005281
-0.004158
-0.004748
-0.005043
-0.004780
-0.003730
-0.004320
-0.004615
-0.006330
-0.005060
-0.005797
-0.005944
-0.005755
-0.004558
-0.005296
-0.005443
-0.007674
-0.006256
-0.007141
-0.007141
-0.007025
-0.005681
-0.006566
-0.006566
-0.009313
-0.007748
-0.008780
-0.008633
-0.008591
-0.007099
-0.008131
-0.007984
-0.011247
-0.009534
-0.010714
-0.010419
-0.010451
-0.008812
-0.009992
-0.009697
-0.013476
-0.011616
-0.012943
-0.012501
-0.012606
-0.010820
-0.012147
-0.011705
-0.016000
-0.013992
-0.015467
-0.014877
-0.015056
-0.013122
-0.014597
-0.014007
-0.018819
-0.016664
-0.018286
-0.017548
-0.017801
-0.015720
-0.017342
-0.016605
-0.017336
-0.017836
-0.016656
-0.018868
-0.017646
-0.018219
-0.017040
-0.019252
-0.014846
-0.015198
-0.014166
-0.016230
-0.015082
-0.015508
-0.014476
-0.016540
-0.012651
-0.012855
-0.011970
-0.013888
-0.012813
-0.013091
-0.012207
-0.014124
-0.010750
-0.010807
-0.010070
-0.011840
-0.010839
-0.010970
-0.010232
-0.012002
-0.009145
-0.009054
-0.008465
-0.010087
-0.009160
-0.009143
-0.008553
-0.010176
-0.007834
-0.007596
-0.007154
-0.008629
-0.007776
-0.007612
-0.007169
-0.008644
-0.006819
-0.006433
-0.006139
-0.007466
-0.006687
-0.006375
-0.006080
-0.007407
-0.006098
-0.005565
-0.005418
-0.006598
-0.005892
-0.005433
-0.005286
-0.006465
-0.005673
-0.004992
-0.004992
-0.006025
-0.005393
-0.004786
-0.004786
-0.005818
-0.005542
-0.004714
-0.004862
-0.005747
-0.005188
-0.004434
-0.004582
-0.005467
-0.005706
-0.004731
-0.005026
-0.005763
-0.005279
-0.004377
-0.004672
-0.005410
-0.006166
-0.005043
-0.005485
-0.006075
-0.005664
-0.004615
-0.005058
-0.005648
-0.006920
-0.005649
-0.006239
-0.006682
-0.006345
-0.005148
-0.005738
-0.006181
-0.007969
-0.006551
-0.007288
-0.007583
-0.007320
-0.005976
-0.006714
-0.007009
-0.009313
-0.007748
-0.008633
-0.008780
-0.008591
-0.007099
-0.007984
-0.008131
-0.010952
-0.009239
-0.010272
-0.010272
-0.010156
-0.008517
-0.009549
-0.009549
-0.012886
-0.011026
-0.012206
-0.012058
-0.012016
-0.010230
-0.011410
-0.011262
-0.015115
-0.013107
-0.014435
-0.014140
-0.014171
-0.012237
-0.013565
-0.013270
-0.017639
-0.015484
-0.016958
-0.016516
-0.016622
-0.014540
-0.016015
-0.015573
-0.020458
-0.018155
-0.019777
-0.019187
-0.019367
-0.017138
-0.018760
-0.018170
-0.019270
-0.019622
-0.018442
-0.020802
-0.019507
-0.019932
-0.018752
-0.021112
-0.016780
-0.016984
-0.015952
-0.018164
-0.016943
-0.017221
-0.016188
-0.018401
-0.014585
-0.014642
-0.013757
-0.015821
-0.014674
-0.014804
-0.013919
-0.015984
-0.012684
-0.012594
-0.011856
-0.013774
-0.012699
-0.012683
-0.011945
-0.013862
-0.011079
-0.010841
-0.010251
-0.012021
-0.011020
-0.010856
-0.010266
-0.012036
-0.009768
-0.009383
-0.008941
-0.010563
-0.009636
-0.009324
-0.008882
-0.010504
-0.008753
-0.008220
-0.007925
-0.009400
-0.008547
-0.008088
-0.007793
-0.009267
-0.008032
-0.007352
-0.007204
-0.008532
-0.007752
-0.007146
-0.006998
-0.008326
-0.007607
-0.006779
-0.006779
-0.007959
-0.007253
-0.006499
-0.006499
-0.007679
-0.007476
-0.006501
-0.006648
-0.007680
-0.007049
-0.006147
-0.006295
-0.007327
-0.007640
-0.006517
-0.006812
-0.007697
-0.007139
-0.006090
-0.006385
-0.007270
-0.008100
-0.006829
-0.007272
-0.008009
-0.007525
-0.006328
-0.006771
-0.007508
-0.008854
-0.007436
-0.008026
-0.008616
-0.008205
-0.006861
-0.007451
-0.008041
-0.009903
-0.008338
-0.009075
-0.009517
-0.009181
-0.007689
-0.008426
-0.008869
-0.011247
-0.009534
-0.010419
-0.010714
-0.010451
-0.008812
-0.009697
-0.009992
-0.012886
-0.011026
-0.012058
-0.012206
-0.012016
-0.010230
-0.011262
-0.011410
-0.014820
-0.012812
-0.013992
-0.013992
-0.013877
-0.011943
-0.013122
-0.013122
-0.017049
-0.014894
-0.016221
-0.016074
-0.016032
-0.013950
-0.015278
-0.015130
-0.019573
-0.017270
-0.018745
-0.018450
-0.018482
-0.016253
-0.017728
-0.017433
-0.022392
-0.019942
-0.021564
-0.021121
-0.021227
-0.018851
-0.020473
-0.020030
-0.021499
-0.021704
-0.020524
-0.023031
-0.021662
-0.021940
-0.020760
-0.023267
-0.019009
-0.019066
-0.018034
-0.020393
-0.019098
-0.019228
-0.018196
-0.020556
-0.016814
-0.016723
-0.015838
-0.018050
-0.016829
-0.016812
-0.015927
-0.018139
-0.014913
-0.014675
-0.013938
-0.016003
-0.014855
-0.014690
-0.013953
-0.016018
-0.013308
-0.012922
-0.012332
-0.014250
-0.013175
-0.012864
-0.012274
-0.014191
-0.011997
-0.011464
-0.011022
-0.012792
-0.011791
-0.011332
-0.010890
-0.012659
-0.010982
-0.010301
-0.010006
-0.011629
-0.010702
-0.010095
-0.009800
-0.011423
-0.010261
-0.009433
-0.009286
-0.010761
-0.009908
-0.009153
-0.009006
-0.010481
-0.009836
-0.008860
-0.008860
-0.010188
-0.009408
-0.008507
-0.008507
-0.009834
-0.009705
-0.008582
-0.008730
-0.009909
-0.009204
-0.008155
-0.008302
-0.009482
-0.009869
-0.008599
-0.008894
-0.009926
-0.009294
-0.008098
-0.008393
-0.009425
-0.010329
-0.008911
-0.009353
-0.010238
-0.009680
-0.008336
-0.008778
-0.009663
-0.011083
-0.009517
-0.010107
-0.010845
-0.010360
-0.008869
-0.009459
-0.010196
-0.012132
-0.010419
-0.011156
-0.011746
-0.011336
-0.009697
-0.010434
-0.011024
-0.013476
-0.011616
-0.012501
-0.012943
-0.012606
-0.010820
-0.011705
-0.012147
-0.015115
-0.013107
-0.014140
-0.014435
-0.014171
-0.012237
-0.013270
-0.013565
-0.017049
-0.014894
-0.016074
-0.016221
-0.016032
-0.013950
-0.015130
-0.015278
-0.019278
-0.016975
-0.018303
-0.018303
-0.018187
-0.015958
-0.017285
-0.017285
-0.021802
-0.019352
-0.020826
-0.020679
-0.020637
-0.018261
-0.019735
-0.019588
-0.024621
-0.022023
-0.023645
-0.023350
-0.023382
-0.020858
-0.022481
-0.022186
-0.024023
-0.024080
-0.022900
-0.025555
-0.024112
-0.024243
-0.023063
-0.025717
-0.021533
-0.021442
-0.020410
-0.022917
-0.021548
-0.021531
-0.020499
-0.023006
-0.019338
-0.019100
-0.018215
-0.020574
-0.019279
-0.019115
-0.018230
-0.020589
-0.017437
-0.017052
-0.016314
-0.018526
-0.017305
-0.016993
-0.016256
-0.018468
-0.015832
-0.015299
-0.014709
-0.016774
-0.015626
-0.015166
-0.014576
-0.016641
-0.014521
-0.013841
-0.013398
-0.015316
-0.014241
-0.013635
-0.013192
-0.015109
-0.013506
-0.012678
-0.012383
-0.014153
-0.013152
-0.012398
-0.012103
-0.013873
-0.012785
-0.011810
-0.011662
-0.013285
-0.012358
-0.011456
-0.011309
-0.012931
-0.012360
-0.011237
-0.011237
-0.012711
-0.011858
-0.010809
-0.010809
-0.012284
-0.012229
-0.010959
-0.011106
-0.012433
-0.011654
-0.010457
-0.010605
-0.011932
-0.012393
-0.010975
-0.011270
-0.012450
-0.011745
-0.010401
-0.010695
-0.011875
-0.012852
-0.011287
-0.011730
-0.012762
-0.012130
-0.010639
-0.011081
-0.012113
-0.013607
-0.011894
-0.012484
-0.013369
-0.012811
-0.011172
-0.011761
-0.012646
-0.014656
-0.012796
-0.013533
-0.014270
-0.013786
-0.011999
-0.012737
-0.013474
-0.016000
-0.013992
-0.014877
-0.015467
-0.015056
-0.013122
-0.014007
-0.014597
-0.017639
-0.015484
-0.016516
-0.016958
-0.016622
-0.014540
-0.015573
-0.016015
-0.019573
-0.017270
-0.018450
-0.018745
-0.018482
-0.016253
-0.017433
-0.017728
-0.021802
-0.019352
-0.020679
-0.020826
-0.020637
-0.018261
-0.019588
-0.019735
-0.024326
-0.021728
-0.023203
-0.023203
-0.023087
-0.020563
-0.022038
-0.022038
-0.027145
-0.024400
-0.026022
-0.025874
-0.025832
-0.023161
-0.024783
-0.024636
-0.026842
-0.026752
-0.025572
-0.028374
-0.026857
-0.026840
-0.025661
-0.028463
-0.024352
-0.024114
-0.023081
-0.025736
-0.024293
-0.024129
-0.023096
-0.025751
-0.022156
-0.021771
-0.020886
-0.023393
-0.022024
-0.021712
-0.020827
-0.023335
-0.020256
-0.019723
-0.018986
-0.021345
-0.020050
-0.019591
-0.018853
-0.021213
-0.018651
-0.017970
-0.017380
-0.019592
-0.018371
-0.017764
-0.017174
-0.019386
-0.017340
-0.016512
-0.016070
-0.018134
-0.016987
-0.016232
-0.015790
-0.017855
-0.016325
-0.015349
-0.015054
-0.016971
-0.015897
-0.014996
-0.014701
-0.016618
-0.015604
-0.014481
-0.014334
-0.016103
-0.015103
-0.014054
-0.013906
-0.015676
-0.015178
-0.013908
-0.013908
-0.015530
-0.014604
-0.013407
-0.013407
-0.015029
-0.015048
-0.013630
-0.013777
-0.015252
-0.014399
-0.013055
-0.013203
-0.014677
-0.015212
-0.013647
-0.013942
-0.015269
-0.014490
-0.012998
-0.013293
-0.014620
-0.015671
-0.013959
-0.014401
-0.015581
-0.014875
-0.013236
-0.013679
-0.014858
-0.016426
-0.014565
-0.015155
-0.016187
-0.015556
-0.013769
-0.014359
-0.015391
-0.017475
-0.015467
-0.016204
-0.017089
-0.016531
-0.014597
-0.015334
-0.016219
-0.018819
-0.016664
-0.017548
-0.018286
-0.017801
-0.015720
-0.016605
-0.017342
-0.020458
-0.018155
-0.019187
-0.019777
-0.019367
-0.017138
-0.018170
-0.018760
-0.022392
-0.019942
-0.021121
-0.021564
-0.021227
-0.018851
-0.020030
-0.020473
-0.024621
-0.022023
-0.023350
-0.023645
-0.023382
-0.020858
-0.022186
-0.022481
-0.027145
-0.024400
-0.025874
-0.026022
-0.025832
-0.023161
-0.024636
-0.024783
-0.029963
-0.027071
-0.028693
-0.028693
-0.028578
-0.025759
-0.027381
-0.027381
-0.023590
-0.026302
-0.024974
-0.024974
-0.024932
-0.027718
-0.026390
-0.026390
-0.021100
-0.023664
-0.022484
-0.022336
-0.022368
-0.025006
-0.023826
-0.023679
-0.018904
-0.021321
-0.020289
-0.019994
-0.020099
-0.022590
-0.021557
-0.021262
-0.017004
-0.019273
-0.018388
-0.017946
-0.018125
-0.020468
-0.019583
-0.019141
-0.015399
-0.017520
-0.016783
-0.016193
-0.016446
-0.018641
-0.017904
-0.017314
-0.014088
-0.016062
-0.015472
-0.014735
-0.015062
-0.017110
-0.016520
-0.015782
-0.013073
-0.014899
-0.014457
-0.013572
-0.013972
-0.015873
-0.015430
-0.014546
-0.012352
-0.014031
-0.013736
-0.012704
-0.013178
-0.014931
-0.014636
-0.013604
-0.011926
-0.013458
-0.013311
-0.012131
-0.012679
-0.014284
-0.014137
-0.012957
-0.011796
-0.013180
-0.013180
-0.011853
-0.012474
-0.013932
-0.013932
-0.012605
-0.011960
-0.013197
-0.013344
-0.011869
-0.012565
-0.013875
-0.014023
-0.012548
-0.012419
-0.013509
-0.013803
-0.012181
-0.012950
-0.014113
-0.014408
-0.012786
-0.013173
-0.014115
-0.014558
-0.012788
-0.013631
-0.014646
-0.015089
-0.013319
-0.014223
-0.015017
-0.015607
-0.013690
-0.014606
-0.015474
-0.016064
-0.014147
-0.015567
-0.016214
-0.016951
-0.014886
-0.015877
-0.016597
-0.017335
-0.015270
-0.017206
-0.017705
-0.018590
-0.016378
-0.017442
-0.018015
-0.018900
-0.016688
-0.019140
-0.019492
-0.020524
-0.018164
-0.019302
-0.019728
-0.020760
-0.018401
-0.021369
-0.021573
-0.022753
-0.020246
-0.021457
-0.021736
-0.022915
-0.020408
-0.023893
-0.023949
-0.025277
-0.022622
-0.023908
-0.024038
-0.025366
-0.022711
-0.026711
-0.026621
-0.028096
-0.025294
-0.026653
-0.026636
-0.028111
-0.025309
-0.021100
-0.023664
-0.022336
-0.022484
-0.022368
-0.025006
-0.023679
-0.023826
-0.018609
-0.021026
-0.019846
-0.019846
-0.019804
-0.022295
-0.021115
-0.021115
-0.016414
-0.018683
-0.017651
-0.017503
-0.017535
-0.019878
-0.018846
-0.018698
-0.014514
-0.016635
-0.015750
-0.015456
-0.015561
-0.017756
-0.016872
-0.016577
-0.012908
-0.014882
-0.014145
-0.013703
-0.013882
-0.015930
-0.015192
-0.014750
-0.011598
-0.013424
-0.012835
-0.012245
-0.012498
-0.014398
-0.013808
-0.013218
-0.010582
-0.012261
-0.011819
-0.011082
-0.011408
-0.013161
-0.012719
-0.011982
-0.009862
-0.011393
-0.011098
-0.010214
-0.010614
-0.012220
-0.011925
-0.011040
-0.009436
-0.010820
-0.010673
-0.009641
-0.010115
-0.011573
-0.011425
-0.010393
-0.009305
-0.010542
-0.010542
-0.009362
-0.009910
-0.011221
-0.011221
-0.010041
-0.009470
-0.010559
-0.010706
-0.009379
-0.010001
-0.011164
-0.011311
-0.009984
-0.009929
-0.010871
-0.011166
-0.009691
-0.010386
-0.011402
-0.011697
-0.010222
-0.010683
-0.011477
-0.011920
-0.010298
-0.011067
-0.011935
-0.012377
-0.010755
-0.011732
-0.012379
-0.012969
-0.011199
-0.012042
-0.012763
-0.013353
-0.011583
-0.013076
-0.013576
-0.014313
-0.012396
-0.013313
-0.013886
-0.014623
-0.012706
-0.014715
-0.015067
-0.015952
-0.013888
-0.014878
-0.015304
-0.016188
-0.014124
-0.016649
-0.016854
-0.017886
-0.015674
-0.016738
-0.017016
-0.018049
-0.015837
-0.018878
-0.018935
-0.020115
-0.017755
-0.018893
-0.019024
-0.020204
-0.017844
-0.021402
-0.021312
-0.022639
-0.020132
-0.021344
-0.021327
-0.022654
-0.020147
-0.024221
-0.023983
-0.025458
-0.022803
-0.024089
-0.023924
-0.025399
-0.022745
-0.018904
-0.021321
-0.019994
-0.020289
-0.020099
-0.022590
-0.021262
-0.021557
-0.016414
-0.018683
-0.017503
-0.017651
-0.017535
-0.019878
-0.018698
-0.018846
-0.014219
-0.016340
-0.015308
-0.015308
-0.015266
-0.017461
-0.016429
-0.016429
-0.012318
-0.014293
-0.013408
-0.013260
-0.013292
-0.015340
-0.014455
-0.014308
-0.010713
-0.012540
-0.011802
-0.011507
-0.011613
-0.013513
-0.012776
-0.012481
-0.009402
-0.011082
-0.010492
-0.010049
-0.010229
-0.011982
-0.011392
-0.010949
-0.008387
-0.009919
-0.009476
-0.008886
-0.009139
-0.010745
-0.010302
-0.009712
-0.007666
-0.009051
-0.008756
-0.008018
-0.008345
-0.009803
-0.009508
-0.008771
-0.007241
-0.008478
-0.008330
-0.007445
-0.007846
-0.009156
-0.009009
-0.008124
-0.007110
-0.008199
-0.008199
-0.007167
-0.007641
-0.008804
-0.008804
-0.007772
-0.007274
-0.008216
-0.008364
-0.007184
-0.007732
-0.008747
-0.008895
-0.007715
-0.007734
-0.008528
-0.008823
-0.007496
-0.008117
-0.008985
-0.009280
-0.007953
-0.008488
-0.009135
-0.009577
-0.008102
-0.008798
-0.009518
-0.009961
-0.008486
-0.009537
-0.010036
-0.010626
-0.009004
-0.009773
-0.010346
-0.010936
-0.009314
-0.010881
-0.011233
-0.011970
-0.010201
-0.011044
-0.011469
-0.012207
-0.010437
-0.012520
-0.012725
-0.013609
-0.011692
-0.012609
-0.012887
-0.013772
-0.011855
-0.014454
-0.014511
-0.015543
-0.013479
-0.014469
-0.014600
-0.015632
-0.013567
-0.016683
-0.016592
-0.017772
-0.015560
-0.016624
-0.016608
-0.017787
-0.015575
-0.019207
-0.018969
-0.020296
-0.017937
-0.019075
-0.018910
-0.020238
-0.017878
-0.022026
-0.021640
-0.023115
-0.020608
-0.021820
-0.021508
-0.022983
-0.020476
-0.017004
-0.019273
-0.017946
-0.018388
-0.018125
-0.020468
-0.019141
-0.019583
-0.014514
-0.016635
-0.015456
-0.015750
-0.015561
-0.017756
-0.016577
-0.016872
-0.012318
-0.014293
-0.013260
-0.013408
-0.013292
-0.015340
-0.014308
-0.014455
-0.010418
-0.012245
-0.011360
-0.011360
-0.011318
-0.013218
-0.012333
-0.012333
-0.008813
-0.010492
-0.009754
-0.009607
-0.009639
-0.011392
-0.010654
-0.010507
-0.007502
-0.009034
-0.008444
-0.008149
-0.008255
-0.009860
-0.009270
-0.008975
-0.006487
-0.007871
-0.007428
-0.006986
-0.007165
-0.008623
-0.008181
-0.007738
-0.005766
-0.007003
-0.006708
-0.006118
-0.006371
-0.007681
-0.007386
-0.006797
-0.005340
-0.006430
-0.006282
-0.005545
-0.005872
-0.007035
-0.006887
-0.006150
-0.005210
-0.006152
-0.006152
-0.005267
-0.005667
-0.006683
-0.006683
-0.005798
-0.005374
-0.006168
-0.006316
-0.005283
-0.005758
-0.006626
-0.006773
-0.005741
-0.005833
-0.006480
-0.006775
-0.005595
-0.006143
-0.006864
-0.007159
-0.005979
-0.006587
-0.007087
-0.007529
-0.006202
-0.006824
-0.007397
-0.007839
-0.006512
-0.007637
-0.007988
-0.008578
-0.007104
-0.007799
-0.008225
-0.008815
-0.007340
-0.008981
-0.009185
-0.009922
-0.008300
-0.009069
-0.009348
-0.010085
-0.008463
-0.010620
-0.010677
-0.011562
-0.009792
-0.010635
-0.010765
-0.011650
-0.009881
-0.012554
-0.012463
-0.013495
-0.011578
-0.012495
-0.012478
-0.013511
-0.011593
-0.014783
-0.014545
-0.015724
-0.013660
-0.014650
-0.014486
-0.015666
-0.013601
-0.017307
-0.016921
-0.018248
-0.016036
-0.017100
-0.016789
-0.018116
-0.015904
-0.020125
-0.019592
-0.021067
-0.018708
-0.019846
-0.019386
-0.020861
-0.018501
-0.015399
-0.017520
-0.016193
-0.016783
-0.016446
-0.018641
-0.017314
-0.017904
-0.012908
-0.014882
-0.013703
-0.014145
-0.013882
-0.015930
-0.014750
-0.015192
-0.010713
-0.012540
-0.011507
-0.011802
-0.011613
-0.013513
-0.012481
-0.012776
-0.008813
-0.010492
-0.009607
-0.009754
-0.009639
-0.011392
-0.010507
-0.010654
-0.007207
-0.008739
-0.008001
-0.008001
-0.007960
-0.009565
-0.008828
-0.008828
-0.005897
-0.007281
-0.006691
-0.006544
-0.006575
-0.008033
-0.007443
-0.007296
-0.004881
-0.006118
-0.005675
-0.005381
-0.005486
-0.006797
-0.006354
-0.006059
-0.004161
-0.005250
-0.004955
-0.004512
-0.004692
-0.005855
-0.005560
-0.005117
-0.003735
-0.004677
-0.004529
-0.003939
-0.004192
-0.005208
-0.005060
-0.004471
-0.003604
-0.004399
-0.004399
-0.003661
-0.003988
-0.004856
-0.004856
-0.004119
-0.003769
-0.004415
-0.004563
-0.003678
-0.004079
-0.004799
-0.004947
-0.004062
-0.004228
-0.004727
-0.005022
-0.003990
-0.004464
-0.005037
-0.005332
-0.004300
-0.004982
-0.005334
-0.005776
-0.004597
-0.005145
-0.005570
-0.006013
-0.004833
-0.006031
-0.006236
-0.006825
-0.005498
-0.006120
-0.006398
-0.006988
-0.005661
-0.007375
-0.007432
-0.008170
-0.006695
-0.007390
-0.007521
-0.008258
-0.006784
-0.009014
-0.008924
-0.009809
-0.008186
-0.008956
-0.008939
-0.009824
-0.008201
-0.010948
-0.010710
-0.011743
-0.009973
-0.010816
-0.010652
-0.011684
-0.009914
-0.013177
-0.012792
-0.013972
-0.012054
-0.012971
-0.012659
-0.013839
-0.011922
-0.015701
-0.015168
-0.016495
-0.014431
-0.015421
-0.014962
-0.016289
-0.014225
-0.018520
-0.017840
-0.019314
-0.017102
-0.018166
-0.017560
-0.019034
-0.016822
-0.014088
-0.016062
-0.014735
-0.015472
-0.015062
-0.017110
-0.015782
-0.016520
-0.011598
-0.013424
-0.012245
-0.012835
-0.012498
-0.014398
-0.013218
-0.013808
-0.009402
-0.011082
-0.010049
-0.010492
-0.010229
-0.011982
-0.010949
-0.011392
-0.007502
-0.009034
-0.008149
-0.008444
-0.008255
-0.009860
-0.008975
-0.009270
-0.005897
-0.007281
-0.006544
-0.006691
-0.006575
-0.008033
-0.007296
-0.007443
-0.004586
-0.005823
-0.005233
-0.005233
-0.005191
-0.006502
-0.005912
-0.005912
-0.003571
-0.004660
-0.004218
-0.004070
-0.004102
-0.005265
-0.004822
-0.004675
-0.002850
-0.003792
-0.003497
-0.003202
-0.003308
-0.004323
-0.004028
-0.003733
-0.002424
-0.003219
-0.003071
-0.002629
-0.002808
-0.003676
-0.003529
-0.003086
-0.002294
-0.002941
-0.002941
-0.002351
-0.002604
-0.003324
-0.003324
-0.002734
-0.002458
-0.002957
-0.003105
-0.002368
-0.002694
-0.003267
-0.003415
-0.002678
-0.002917
-0.003269
-0.003564
-0.002679
-0.003080
-0.003505
-0.003800
-0.002916
-0.003672
-0.003876
-0.004318
-0.003286
-0.003760
-0.004038
-0.004481
-0.003449
-0.004721
-0.004778
-0.005368
-0.004188
-0.004736
-0.004866
-0.005456
-0.004276
-0.006065
-0.005974
-0.006712
-0.005384
-0.006006
-0.005989
-0.006727
-0.005399
-0.007704
-0.007466
-0.008351
-0.006876
-0.007571
-0.007407
-0.008292
-0.006817
-0.009638
-0.009252
-0.010285
-0.008662
-0.009432
-0.009120
-0.010152
-0.008530
-0.011867
-0.011334
-0.012514
-0.010744
-0.011587
-0.011128
-0.012307
-0.010538
-0.014391
-0.013710
-0.015037
-0.013120
-0.014037
-0.013430
-0.014758
-0.012840
-0.017210
-0.016382
-0.017856
-0.015792
-0.016782
-0.016028
-0.017503
-0.015438
-0.013073
-0.014899
-0.013572
-0.014457
-0.013972
-0.015873
-0.014546
-0.015430
-0.010582
-0.012261
-0.011082
-0.011819
-0.011408
-0.013161
-0.011982
-0.012719
-0.008387
-0.009919
-0.008886
-0.009476
-0.009139
-0.010745
-0.009712
-0.010302
-0.006487
-0.007871
-0.006986
-0.007428
-0.007165
-0.008623
-0.007738
-0.008181
-0.004881
-0.006118
-0.005381
-0.005675
-0.005486
-0.006797
-0.006059
-0.006354
-0.003571
-0.004660
-0.004070
-0.004218
-0.004102
-0.005265
-0.004675
-0.004822
-0.002555
-0.003497
-0.003055
-0.003055
-0.003013
-0.004028
-0.003586
-0.003586
-0.001835
-0.002629
-0.002334
-0.002186
-0.002218
-0.003086
-0.002791
-0.002644
-0.001409
-0.002056
-0.001908
-0.001613
-0.001719
-0.002440
-0.002292
-0.001997
-0.001278
-0.001778
-0.001778
-0.001335
-0.001515
-0.002088
-0.002088
-0.001645
-0.001443
-0.001794
-0.001942
-0.001352
-0.001605
-0.002031
-0.002178
-0.001588
-0.001902
-0.002106
-0.002401
-0.001664
-0.001991
-0.002269
-0.002564
-0.001826
-0.002656
-0.002713
-0.003155
-0.002271
-0.002671
-0.002802
-0.003244
-0.002359
-0.003705
-0.003615
-0.004205
-0.003172
-0.003646
-0.003630
-0.004220
-0.003187
-0.005049
-0.004811
-0.005549
-0.004369
-0.004917
-0.004753
-0.005490
-0.004310
-0.006688
-0.006303
-0.007188
-0.005860
-0.006482
-0.006170
-0.007055
-0.005728
-0.008622
-0.008089
-0.009122
-0.007647
-0.008342
-0.007883
-0.008915
-0.007441
-0.010851
-0.010171
-0.011351
-0.009728
-0.010498
-0.009891
-0.011071
-0.009448
-0.013375
-0.012547
-0.013874
-0.012105
-0.012948
-0.012194
-0.013521
-0.011751
-0.016194
-0.015219
-0.016693
-0.014776
-0.015693
-0.014791
-0.016266
-0.014349
-0.012352
-0.014031
-0.012704
-0.013736
-0.013178
-0.014931
-0.013604
-0.014636
-0.009862
-0.011393
-0.010214
-0.011098
-0.010614
-0.012220
-0.011040
-0.011925
-0.007666
-0.009051
-0.008018
-0.008756
-0.008345
-0.009803
-0.008771
-0.009508
-0.005766
-0.007003
-0.006118
-0.006708
-0.006371
-0.007681
-0.006797
-0.007386
-0.004161
-0.005250
-0.004512
-0.004955
-0.004692
-0.005855
-0.005117
-0.005560
-0.002850
-0.003792
-0.003202
-0.003497
-0.003308
-0.004323
-0.003733
-0.004028
-0.001835
-0.002629
-0.002186
-0.002334
-0.002218
-0.003086
-0.002644
-0.002791
-0.001114
-0.001761
-0.001466
-0.001466
-0.001424
-0.002145
-0.001850
-0.001850
-0.000688
-0.001188
-0.001040
-0.000893
-0.000925
-0.001498
-0.001350
-0.001203
-0.000558
-0.000910
-0.000910
-0.000615
-0.000720
-0.001146
-0.001146
-0.000851
-0.000722
-0.000926
-0.001074
-0.000631
-0.000811
-0.001089
-0.001236
-0.000794
-0.001181
-0.001238
-0.001533
-0.000943
-0.001196
-0.001327
-0.001622
-0.001032
-0.001935
-0.001845
-0.002287
-0.001550
-0.001877
-0.001860
-0.002302
-0.001565
-0.002985
-0.002747
-0.003336
-0.002452
-0.002852
-0.002688
-0.003278
-0.002393
-0.004329
-0.003943
-0.004681
-0.003648
-0.004123
-0.003811
-0.004548
-0.003516
-0.005968
-0.005435
-0.006320
-0.005140
-0.005688
-0.005229
-0.006113
-0.004934
-0.007902
-0.007221
-0.008254
-0.006926
-0.007548
-0.006941
-0.007974
-0.006646
-0.010131
-0.009303
-0.010483
-0.009008
-0.009703
-0.008949
-0.010129
-0.008654
-0.012655
-0.011679
-0.013006
-0.011384
-0.012153
-0.011252
-0.012579
-0.010957
-0.015473
-0.014351
-0.015825
-0.014056
-0.014899
-0.013849
-0.015324
-0.013554
-0.011926
-0.013458
-0.012131
-0.013311
-0.012679
-0.014284
-0.012957
-0.014137
-0.009436
-0.010820
-0.009641
-0.010673
-0.010115
-0.011573
-0.010393
-0.011425
-0.007241
-0.008478
-0.007445
-0.008330
-0.007846
-0.009156
-0.008124
-0.009009
-0.005340
-0.006430
-0.005545
-0.006282
-0.005872
-0.007035
-0.006150
-0.006887
-0.003735
-0.004677
-0.003939
-0.004529
-0.004192
-0.005208
-0.004471
-0.005060
-0.002424
-0.003219
-0.002629
-0.003071
-0.002808
-0.003676
-0.003086
-0.003529
-0.001409
-0.002056
-0.001613
-0.001908
-0.001719
-0.002440
-0.001997
-0.002292
-0.000688
-0.001188
-0.000893
-0.001040
-0.000925
-0.001498
-0.001203
-0.001350
-0.000263
-0.000615
-0.000467
-0.000467
-0.000425
-0.000851
-0.000703
-0.000703
-0.000132
-0.000337
-0.000337
-0.000189
-0.000221
-0.000499
-0.000499
-0.000352
-0.000296
-0.000353
-0.000501
-0.000206
-0.000311
-0.000442
-0.000590
-0.000295
-0.000756
-0.000665
-0.000960
-0.000518
-0.000697
-0.000680
-0.000975
-0.000533
-0.001510
-0.001272
-0.001714
-0.001124
-0.001377
-0.001213
-0.001656
-0.001066
-0.002559
-0.002173
-0.002763
-0.002026
-0.002353
-0.002041
-0.002631
-0.001894
-0.003903
-0.003370
-0.004107
-0.003223
-0.003623
-0.003164
-0.003901
-0.003016
-0.005542
-0.004862
-0.005747
-0.004714
-0.005188
-0.004582
-0.005467
-0.004434
-0.007476
-0.006648
-0.007680
-0.006501
-0.007049
-0.006295
-0.007327
-0.006147
-0.009705
-0.008730
-0.009909
-0.008582
-0.009204
-0.008302
-0.009482
-0.008155
-0.012229
-0.011106
-0.012433
-0.010959
-0.011654
-0.010605
-0.011932
-0.010457
-0.015048
-0.013777
-0.015252
-0.013630
-0.014399
-0.013203
-0.014677
-0.013055
-0.011796
-0.013180
-0.011853
-0.013180
-0.012474
-0.013932
-0.012605
-0.013932
-0.009305
-0.010542
-0.009362
-0.010542
-0.009910
-0.011221
-0.010041
-0.011221
-0.007110
-0.008199
-0.007167
-0.008199
-0.007641
-0.008804
-0.007772
-0.008804
-0.005210
-0.006152
-0.005267
-0.006152
-0.005667
-0.006683
-0.005798
-0.006683
-0.003604
-0.004399
-0.003661
-0.004399
-0.003988
-0.004856
-0.004119
-0.004856
-0.002294
-0.002941
-0.002351
-0.002941
-0.002604
-0.003324
-0.002734
-0.003324
-0.001278
-0.001778
-0.001335
-0.001778
-0.001515
-0.002088
-0.001645
-0.002088
-0.000558
-0.000910
-0.000615
-0.000910
-0.000720
-0.001146
-0.000851
-0.001146
-0.000132
-0.000337
-0.000189
-0.000337
-0.000221
-0.000499
-0.000352
-0.000499
-0.000001
-0.000058
-0.000058
-0.000058
-0.000016
-0.000147
-0.000147
-0.000147
-0.000166
-0.000075
-0.000223
-0.000075
-0.000107
-0.000090
-0.000238
-0.000090
-0.000625
-0.000387
-0.000682
-0.000387
-0.000493
-0.000328
-0.000623
-0.000328
-0.001379
-0.000994
-0.001436
-0.000994
-0.001173
-0.000861
-0.001304
-0.000861
-0.002428
-0.001895
-0.002485
-0.001895
-0.002148
-0.001689
-0.002279
-0.001689
-0.003772
-0.003092
-0.003829
-0.003092
-0.003419
-0.002812
-0.003549
-0.002812
-0.005411
-0.004584
-0.005468
-0.004584
-0.004984
-0.004230
-0.005115
-0.004230
-0.007345
-0.006370
-0.007402
-0.006370
-0.006844
-0.005943
-0.006975
-0.005943
-0.009574
-0.008451
-0.009631
-0.008451
-0.009000
-0.007950
-0.009130
-0.007950
-0.012098
-0.010828
-0.012155
-0.010828
-0.011450
-0.010253
-0.011580
-0.010253
-0.014917
-0.013499
-0.014974
-0.013499
-0.014195
-0.012851
-0.014325
-0.012851
-0.011960
-0.013197
-0.011869
-0.013344
-0.012565
-0.013875
-0.012548
-0.014023
-0.009470
-0.010559
-0.009379
-0.010706
-0.010001
-0.011164
-0.009984
-0.011311
-0.007274
-0.008216
-0.007184
-0.008364
-0.007732
-0.008747
-0.007715
-0.008895
-0.005374
-0.006168
-0.005283
-0.006316
-0.005758
-0.006626
-0.005741
-0.006773
-0.003769
-0.004415
-0.003678
-0.004563
-0.004079
-0.004799
-0.004062
-0.004947
-0.002458
-0.002957
-0.002368
-0.003105
-0.002694
-0.003267
-0.002678
-0.003415
-0.001443
-0.001794
-0.001352
-0.001942
-0.001605
-0.002031
-0.001588
-0.002178
-0.000722
-0.000926
-0.000631
-0.001074
-0.000811
-0.001089
-0.000794
-0.001236
-0.000296
-0.000353
-0.000206
-0.000501
-0.000311
-0.000442
-0.000295
-0.000590
-0.000166
-0.000075
-0.000075
-0.000223
-0.000107
-0.000090
-0.000090
-0.000238
-0.000330
-0.000092
-0.000239
-0.000239
-0.000198
-0.000033
-0.000181
-0.000181
-0.000789
-0.000404
-0.000699
-0.000551
-0.000583
-0.000271
-0.000566
-0.000419
-0.001543
-0.001010
-0.001453
-0.001158
-0.001264
-0.000804
-0.001247
-0.000952
-0.002593
-0.001912
-0.002502
-0.002060
-0.002239
-0.001632
-0.002222
-0.001780
-0.003937
-0.003109
-0.003846
-0.003256
-0.003509
-0.002755
-0.003492
-0.002903
-0.005576
-0.004600
-0.005485
-0.004748
-0.005075
-0.004173
-0.005058
-0.004320
-0.007510
-0.006387
-0.007419
-0.006534
-0.006935
-0.005886
-0.006918
-0.006033
-0.009739
-0.008468
-0.009648
-0.008616
-0.009090
-0.007893
-0.009073
-0.008041
-0.012263
-0.010845
-0.012172
-0.010992
-0.011540
-0.010196
-0.011523
-0.010344
-0.015081
-0.013516
-0.014991
-0.013664
-0.014285
-0.012794
-0.014269
-0.012941
-0.012419
-0.013509
-0.012181
-0.013803
-0.012950
-0.014113
-0.012786
-0.014408
-0.009929
-0.010871
-0.009691
-0.011166
-0.010386
-0.011402
-0.010222
-0.011697
-0.007734
-0.008528
-0.007496
-0.008823
-0.008117
-0.008985
-0.007953
-0.009280
-0.005833
-0.006480
-0.005595
-0.006775
-0.006143
-0.006864
-0.005979
-0.007159
-0.004228
-0.004727
-0.003990
-0.005022
-0.004464
-0.005037
-0.004300
-0.005332
-0.002917
-0.003269
-0.002679
-0.003564
-0.003080
-0.003505
-0.002916
-0.003800
-0.001902
-0.002106
-0.001664
-0.002401
-0.001991
-0.002269
-0.001826
-0.002564
-0.001181
-0.001238
-0.000943
-0.001533
-0.001196
-0.001327
-0.001032
-0.001622
-0.000756
-0.000665
-0.000518
-0.000960
-0.000697
-0.000680
-0.000533
-0.000975
-0.000625
-0.000387
-0.000387
-0.000682
-0.000493
-0.000328
-0.000328
-0.000623
-0.000789
-0.000404
-0.000551
-0.000699
-0.000583
-0.000271
-0.000419
-0.000566
-0.001248
-0.000716
-0.001010
-0.001010
-0.000969
-0.000509
-0.000804
-0.000804
-0.002003
-0.001322
-0.001765
-0.001617
-0.001649
-0.001042
-0.001485
-0.001337
-0.003052
-0.002224
-0.002814
-0.002519
-0.002624
-0.001870
-0.002460
-0.002165
-0.004396
-0.003421
-0.004158
-0.003715
-0.003895
-0.002993
-0.003730
-0.003288
-0.006035
-0.004912
-0.005797
-0.005207
-0.005460
-0.004411
-0.005296
-0.004706
-0.007969
-0.006699
-0.007731
-0.006994
-0.007320
-0.006124
-0.007156
-0.006419
-0.010198
-0.008780
-0.009960
-0.009075
-0.009476
-0.008131
-0.009311
-0.008426
-0.012722
-0.011156
-0.012484
-0.011451
-0.011926
-0.010434
-0.011761
-0.010729
-0.015541
-0.013828
-0.015303
-0.014123
-0.014671
-0.013032
-0.014507
-0.013327
-0.013173
-0.014115
-0.012788
-0.014558
-0.013631
-0.014646
-0.013319
-0.015089
-0.010683
-0.011477
-0.010298
-0.011920
-0.011067
-0.011935
-0.010755
-0.012377
-0.008488
-0.009135
-0.008102
-0.009577
-0.008798
-0.009518
-0.008486
-0.009961
-0.006587
-0.007087
-0.006202
-0.007529
-0.006824
-0.007397
-0.006512
-0.007839
-0.004982
-0.005334
-0.004597
-0.005776
-0.005145
-0.005570
-0.004833
-0.006013
-0.003672
-0.003876
-0.003286
-0.004318
-0.003760
-0.004038
-0.003449
-0.004481
-0.002656
-0.002713
-0.002271
-0.003155
-0.002671
-0.002802
-0.002359
-0.003244
-0.001935
-0.001845
-0.001550
-0.002287
-0.001877
-0.001860
-0.001565
-0.002302
-0.001510
-0.001272
-0.001124
-0.001714
-0.001377
-0.001213
-0.001066
-0.001656
-0.001379
-0.000994
-0.000994
-0.001436
-0.001173
-0.000861
-0.000861
-0.001304
-0.001543
-0.001010
-0.001158
-0.001453
-0.001264
-0.000804
-0.000952
-0.001247
-0.002003
-0.001322
-0.001617
-0.001765
-0.001649
-0.001042
-0.001337
-0.001485
-0.002757
-0.001929
-0.002371
-0.002371
-0.002329
-0.001575
-0.002018
-0.002018
-0.003806
-0.002831
-0.003421
-0.003273
-0.003305
-0.002403
-0.002993
-0.002846
-0.005150
-0.004027
-0.004765
-0.004470
-0.004575
-0.003526
-0.004263
-0.003969
-0.006789
-0.005519
-0.006404
-0.005961
-0.006141
-0.004944
-0.005829
-0.005386
-0.008723
-0.007305
-0.008338
-0.007748
-0.008001
-0.006657
-0.007689
-0.007099
-0.010952
-0.009387
-0.010567
-0.009829
-0.010156
-0.008664
-0.009844
-0.009107
-0.013476
-0.011763
-0.013090
-0.012206
-0.012606
-0.010967
-0.012294
-0.011410
-0.016295
-0.014435
-0.015909
-0.014877
-0.015351
-0.013565
-0.015040
-0.014007
-0.014223
-0.015017
-0.013690
-0.015607
-0.014606
-0.015474
-0.014147
-0.016064
-0.011732
-0.012379
-0.011199
-0.012969
-0.012042
-0.012763
-0.011583
-0.013353
-0.009537
-0.010036
-0.009004
-0.010626
-0.009773
-0.010346
-0.009314
-0.010936
-0.007637
-0.007988
-0.007104
-0.008578
-0.007799
-0.008225
-0.007340
-0.008815
-0.006031
-0.006236
-0.005498
-0.006825
-0.006120
-0.006398
-0.005661
-0.006988
-0.004721
-0.004778
-0.004188
-0.005368
-0.004736
-0.004866
-0.004276
-0.005456
-0.003705
-0.003615
-0.003172
-0.004205
-0.003646
-0.003630
-0.003187
-0.004220
-0.002985
-0.002747
-0.002452
-0.003336
-0.002852
-0.002688
-0.002393
-0.003278
-0.002559
-0.002173
-0.002026
-0.002763
-0.002353
-0.002041
-0.001894
-0.002631
-0.002428
-0.001895
-0.001895
-0.002485
-0.002148
-0.001689
-0.001689
-0.002279
-0.002593
-0.001912
-0.002060
-0.002502
-0.002239
-0.001632
-0.001780
-0.002222
-0.003052
-0.002224
-0.002519
-0.002814
-0.002624
-0.001870
-0.002165
-0.002460
-0.003806
-0.002831
-0.003273
-0.003421
-0.003305
-0.002403
-0.002846
-0.002993
-0.004855
-0.003732
-0.004322
-0.004322
-0.004280
-0.003231
-0.003821
-0.003821
-0.006199
-0.004929
-0.005666
-0.005519
-0.005551
-0.004354
-0.005091
-0.004944
-0.007838
-0.006420
-0.007305
-0.007010
-0.007116
-0.005772
-0.006657
-0.006362
-0.009772
-0.008207
-0.009239
-0.008797
-0.008976
-0.007485
-0.008517
-0.008075
-0.012001
-0.010288
-0.011468
-0.010878
-0.011131
-0.009492
-0.010672
-0.010082
-0.014525
-0.012665
-0.013992
-0.013255
-0.013582
-0.011795
-0.013122
-0.012385
-0.017344
-0.015336
-0.016811
-0.015926
-0.016327
-0.014393
-0.015867
-0.014983
-0.015567
-0.016214
-0.014886
-0.016951
-0.015877
-0.016597
-0.015270
-0.017335
-0.013076
-0.013576
-0.012396
-0.014313
-0.013313
-0.013886
-0.012706
-0.014623
-0.010881
-0.011233
-0.010201
-0.011970
-0.011044
-0.011469
-0.010437
-0.012207
-0.008981
-0.009185
-0.008300
-0.009922
-0.009069
-0.009348
-0.008463
-0.010085
-0.007375
-0.007432
-0.006695
-0.008170
-0.007390
-0.007521
-0.006784
-0.008258
-0.006065
-0.005974
-0.005384
-0.006712
-0.006006
-0.005989
-0.005399
-0.006727
-0.005049
-0.004811
-0.004369
-0.005549
-0.004917
-0.004753
-0.004310
-0.005490
-0.004329
-0.003943
-0.003648
-0.004681
-0.004123
-0.003811
-0.003516
-0.004548
-0.003903
-0.003370
-0.003223
-0.004107
-0.003623
-0.003164
-0.003016
-0.003901
-0.003772
-0.003092
-0.003092
-0.003829
-0.003419
-0.002812
-0.002812
-0.003549
-0.003937
-0.003109
-0.003256
-0.003846
-0.003509
-0.002755
-0.002903
-0.003492
-0.004396
-0.003421
-0.003715
-0.004158
-0.003895
-0.002993
-0.003288
-0.003730
-0.005150
-0.004027
-0.004470
-0.004765
-0.004575
-0.003526
-0.003969
-0.004263
-0.006199
-0.004929
-0.005519
-0.005666
-0.005551
-0.004354
-0.004944
-0.005091
-0.007543
-0.006125
-0.006863
-0.006863
-0.006821
-0.005477
-0.006214
-0.006214
-0.009182
-0.007617
-0.008502
-0.008354
-0.008386
-0.006895
-0.007780
-0.007632
-0.011116
-0.009404
-0.010436
-0.010141
-0.010247
-0.008608
-0.009640
-0.009345
-0.013345
-0.011485
-0.012665
-0.012222
-0.012402
-0.010615
-0.011795
-0.011353
-0.015869
-0.013861
-0.015189
-0.014599
-0.014852
-0.012918
-0.014245
-0.013655
-0.018688
-0.016533
-0.018008
-0.017270
-0.017597
-0.015516
-0.016990
-0.016253
-0.017206
-0.017705
-0.016378
-0.018590
-0.017442
-0.018015
-0.016688
-0.018900
-0.014715
-0.015067
-0.013888
-0.015952
-0.014878
-0.015304
-0.014124
-0.016188
-0.012520
-0.012725
-0.011692
-0.013609
-0.012609
-0.012887
-0.011855
-0.013772
-0.010620
-0.010677
-0.009792
-0.011562
-0.010635
-0.010765
-0.009881
-0.011650
-0.009014
-0.008924
-0.008186
-0.009809
-0.008956
-0.008939
-0.008201
-0.009824
-0.007704
-0.007466
-0.006876
-0.008351
-0.007571
-0.007407
-0.006817
-0.008292
-0.006688
-0.006303
-0.005860
-0.007188
-0.006482
-0.006170
-0.005728
-0.007055
-0.005968
-0.005435
-0.005140
-0.006320
-0.005688
-0.005229
-0.004934
-0.006113
-0.005542
-0.004862
-0.004714
-0.005747
-0.005188
-0.004582
-0.004434
-0.005467
-0.005411
-0.004584
-0.004584
-0.005468
-0.004984
-0.004230
-0.004230
-0.005115
-0.005576
-0.004600
-0.004748
-0.005485
-0.005075
-0.004173
-0.004320
-0.005058
-0.006035
-0.004912
-0.005207
-0.005797
-0.005460
-0.004411
-0.004706
-0.005296
-0.006789
-0.005519
-0.005961
-0.006404
-0.006141
-0.004944
-0.005386
-0.005829
-0.007838
-0.006420
-0.007010
-0.007305
-0.007116
-0.005772
-0.006362
-0.006657
-0.009182
-0.007617
-0.008354
-0.008502
-0.008386
-0.006895
-0.007632
-0.007780
-0.010821
-0.009109
-0.009993
-0.009993
-0.009952
-0.008313
-0.009197
-0.009197
-0.012755
-0.010895
-0.011927
-0.011780
-0.011812
-0.010025
-0.011058
-0.010910
-0.014984
-0.012977
-0.014156
-0.013861
-0.013967
-0.012033
-0.013213
-0.012918
-0.017508
-0.015353
-0.016680
-0.016238
-0.016417
-0.014336
-0.015663
-0.015221
-0.020327
-0.018024
-0.019499
-0.018909
-0.019162
-0.016933
-0.018408
-0.017818
-0.019140
-0.019492
-0.018164
-0.020524
-0.019302
-0.019728
-0.018401
-0.020760
-0.016649
-0.016854
-0.015674
-0.017886
-0.016738
-0.017016
-0.015837
-0.018049
-0.014454
-0.014511
-0.013479
-0.015543
-0.014469
-0.014600
-0.013567
-0.015632
-0.012554
-0.012463
-0.011578
-0.013495
-0.012495
-0.012478
-0.011593
-0.013511
-0.010948
-0.010710
-0.009973
-0.011743
-0.010816
-0.010652
-0.009914
-0.011684
-0.009638
-0.009252
-0.008662
-0.010285
-0.009432
-0.009120
-0.008530
-0.010152
-0.008622
-0.008089
-0.007647
-0.009122
-0.008342
-0.007883
-0.007441
-0.008915
-0.007902
-0.007221
-0.006926
-0.008254
-0.007548
-0.006941
-0.006646
-0.007974
-0.007476
-0.006648
-0.006501
-0.007680
-0.007049
-0.006295
-0.006147
-0.007327
-0.007345
-0.006370
-0.006370
-0.007402
-0.006844
-0.005943
-0.005943
-0.006975
-0.007510
-0.006387
-0.006534
-0.007419
-0.006935
-0.005886
-0.006033
-0.006918
-0.007969
-0.006699
-0.006994
-0.007731
-0.007320
-0.006124
-0.006419
-0.007156
-0.008723
-0.007305
-0.007748
-0.008338
-0.008001
-0.006657
-0.007099
-0.007689
-0.009772
-0.008207
-0.008797
-0.009239
-0.008976
-0.007485
-0.008075
-0.008517
-0.011116
-0.009404
-0.010141
-0.010436
-0.010247
-0.008608
-0.009345
-0.009640
-0.012755
-0.010895
-0.011780
-0.011927
-0.011812
-0.010025
-0.010910
-0.011058
-0.014689
-0.012682
-0.013714
-0.013714
-0.013672
-0.011738
-0.012770
-0.012770
-0.016918
-0.014763
-0.015943
-0.015795
-0.015827
-0.013746
-0.014926
-0.014778
-0.019442
-0.017140
-0.018467
-0.018172
-0.018278
-0.016049
-0.017376
-0.017081
-0.022261
-0.019811
-0.021286
-0.020843
-0.021023
-0.018646
-0.020121
-0.019679
-0.021369
-0.021573
-0.020246
-0.022753
-0.021457
-0.021736
-0.020408
-0.022915
-0.018878
-0.018935
-0.017755
-0.020115
-0.018893
-0.019024
-0.017844
-0.020204
-0.016683
-0.016592
-0.015560
-0.017772
-0.016624
-0.016608
-0.015575
-0.017787
-0.014783
-0.014545
-0.013660
-0.015724
-0.014650
-0.014486
-0.013601
-0.015666
-0.013177
-0.012792
-0.012054
-0.013972
-0.012971
-0.012659
-0.011922
-0.013839
-0.011867
-0.011334
-0.010744
-0.012514
-0.011587
-0.011128
-0.010538
-0.012307
-0.010851
-0.010171
-0.009728
-0.011351
-0.010498
-0.009891
-0.009448
-0.011071
-0.010131
-0.009303
-0.009008
-0.010483
-0.009703
-0.008949
-0.008654
-0.010129
-0.009705
-0.008730
-0.008582
-0.009909
-0.009204
-0.008302
-0.008155
-0.009482
-0.009574
-0.008451
-0.008451
-0.009631
-0.009000
-0.007950
-0.007950
-0.009130
-0.009739
-0.008468
-0.008616
-0.009648
-0.009090
-0.007893
-0.008041
-0.009073
-0.010198
-0.008780
-0.009075
-0.009960
-0.009476
-0.008131
-0.008426
-0.009311
-0.010952
-0.009387
-0.009829
-0.010567
-0.010156
-0.008664
-0.009107
-0.009844
-0.012001
-0.010288
-0.010878
-0.011468
-0.011131
-0.009492
-0.010082
-0.010672
-0.013345
-0.011485
-0.012222
-0.012665
-0.012402
-0.010615
-0.011353
-0.011795
-0.014984
-0.012977
-0.013861
-0.014156
-0.013967
-0.012033
-0.012918
-0.013213
-0.016918
-0.014763
-0.015795
-0.015943
-0.015827
-0.013746
-0.014778
-0.014926
-0.019147
-0.016845
-0.018024
-0.018024
-0.017983
-0.015754
-0.016933
-0.016933
-0.021671
-0.019221
-0.020548
-0.020401
-0.020433
-0.018056
-0.019384
-0.019236
-0.024490
-0.021892
-0.023367
-0.023072
-0.023178
-0.020654
-0.022129
-0.021834
-0.023893
-0.023949
-0.022622
-0.025277
-0.023908
-0.024038
-0.022711
-0.025366
-0.021402
-0.021312
-0.020132
-0.022639
-0.021344
-0.021327
-0.020147
-0.022654
-0.019207
-0.018969
-0.017937
-0.020296
-0.019075
-0.018910
-0.017878
-0.020238
-0.017307
-0.016921
-0.016036
-0.018248
-0.017100
-0.016789
-0.015904
-0.018116
-0.015701
-0.015168
-0.014431
-0.016495
-0.015421
-0.014962
-0.014225
-0.016289
-0.014391
-0.013710
-0.013120
-0.015037
-0.014037
-0.013430
-0.012840
-0.014758
-0.013375
-0.012547
-0.012105
-0.013874
-0.012948
-0.012194
-0.011751
-0.013521
-0.012655
-0.011679
-0.011384
-0.013006
-0.012153
-0.011252
-0.010957
-0.012579
-0.012229
-0.011106
-0.010959
-0.012433
-0.011654
-0.010605
-0.010457
-0.011932
-0.012098
-0.010828
-0.010828
-0.012155
-0.011450
-0.010253
-0.010253
-0.011580
-0.012263
-0.010845
-0.010992
-0.012172
-0.011540
-0.010196
-0.010344
-0.011523
-0.012722
-0.011156
-0.011451
-0.012484
-0.011926
-0.010434
-0.010729
-0.011761
-0.013476
-0.011763
-0.012206
-0.013090
-0.012606
-0.010967
-0.011410
-0.012294
-0.014525
-0.012665
-0.013255
-0.013992
-0.013582
-0.011795
-0.012385
-0.013122
-0.015869
-0.013861
-0.014599
-0.015189
-0.014852
-0.012918
-0.013655
-0.014245
-0.017508
-0.015353
-0.016238
-0.016680
-0.016417
-0.014336
-0.015221
-0.015663
-0.019442
-0.017140
-0.018172
-0.018467
-0.018278
-0.016049
-0.017081
-0.017376
-0.021671
-0.019221
-0.020401
-0.020548
-0.020433
-0.018056
-0.019236
-0.019384
-0.024195
-0.021597
-0.022925
-0.022925
-0.022883
-0.020359
-0.021686
-0.021686
-0.027014
-0.024269
-0.025744
-0.025596
-0.025628
-0.022957
-0.024431
-0.024284
-0.026711
-0.026621
-0.025294
-0.028096
-0.026653
-0.026636
-0.025309
-0.028111
-0.024221
-0.023983
-0.022803
-0.025458
-0.024089
-0.023924
-0.022745
-0.025399
-0.022026
-0.021640
-0.020608
-0.023115
-0.021820
-0.021508
-0.020476
-0.022983
-0.020125
-0.019592
-0.018708
-0.021067
-0.019846
-0.019386
-0.018501
-0.020861
-0.018520
-0.017840
-0.017102
-0.019314
-0.018166
-0.017560
-0.016822
-0.019034
-0.017210
-0.016382
-0.015792
-0.017856
-0.016782
-0.016028
-0.015438
-0.017503
-0.016194
-0.015219
-0.014776
-0.016693
-0.015693
-0.014791
-0.014349
-0.016266
-0.015473
-0.014351
-0.014056
-0.015825
-0.014899
-0.013849
-0.013554
-0.015324
-0.015048
-0.013777
-0.013630
-0.015252
-0.014399
-0.013203
-0.013055
-0.014677
-0.014917
-0.013499
-0.013499
-0.014974
-0.014195
-0.012851
-0.012851
-0.014325
-0.015081
-0.013516
-0.013664
-0.014991
-0.014285
-0.012794
-0.012941
-0.014269
-0.015541
-0.013828
-0.014123
-0.015303
-0.014671
-0.013032
-0.013327
-0.014507
-0.016295
-0.014435
-0.014877
-0.015909
-0.015351
-0.013565
-0.014007
-0.015040
-0.017344
-0.015336
-0.015926
-0.016811
-0.016327
-0.014393
-0.014983
-0.015867
-0.018688
-0.016533
-0.017270
-0.018008
-0.017597
-0.015516
-0.016253
-0.016990
-0.020327
-0.018024
-0.018909
-0.019499
-0.019162
-0.016933
-0.017818
-0.018408
-0.022261
-0.019811
-0.020843
-0.021286
-0.021023
-0.018646
-0.019679
-0.020121
-0.024490
-0.021892
-0.023072
-0.023367
-0.023178
-0.020654
-0.021834
-0.022129
-0.027014
-0.024269
-0.025596
-0.025744
-0.025628
-0.022957
-0.024284
-0.024431
-0.029833
-0.026940
-0.028415
-0.028415
-0.028373
-0.025554
-0.027029
-0.027029
-0.023754
-0.026466
-0.024991
-0.024991
-0.025023
-0.027808
-0.026333
-0.026333
-0.021264
-0.023828
-0.022501
-0.022353
-0.022459
-0.025097
-0.023769
-0.023622
-0.019069
-0.021485
-0.020305
-0.020010
-0.020190
-0.022680
-0.021500
-0.021205
-0.017168
-0.019437
-0.018405
-0.017963
-0.018216
-0.020558
-0.019526
-0.019084
-0.015563
-0.017684
-0.016800
-0.016210
-0.016537
-0.018732
-0.017847
-0.017257
-0.014252
-0.016227
-0.015489
-0.014752
-0.015152
-0.017200
-0.016463
-0.015725
-0.013237
-0.015064
-0.014474
-0.013589
-0.014063
-0.015963
-0.015374
-0.014489
-0.012516
-0.014195
-0.013753
-0.012721
-0.013269
-0.015022
-0.014579
-0.013547
-0.012091
-0.013622
-0.013327
-0.012148
-0.012769
-0.014375
-0.014080
-0.012900
-0.011960
-0.013344
-0.013197
-0.011869
-0.012565
-0.014023
-0.013875
-0.012548
-0.012124
-0.013361
-0.013361
-0.011886
-0.012656
-0.013966
-0.013966
-0.012491
-0.012584
-0.013673
-0.013820
-0.012198
-0.013041
-0.014204
-0.014351
-0.012729
-0.013338
-0.014280
-0.014574
-0.012805
-0.013721
-0.014737
-0.015032
-0.013262
-0.014387
-0.015181
-0.015624
-0.013706
-0.014697
-0.015565
-0.016007
-0.014090
-0.015731
-0.016378
-0.016968
-0.014903
-0.015967
-0.016688
-0.017278
-0.015213
-0.017370
-0.017869
-0.018607
-0.016395
-0.017533
-0.018106
-0.018843
-0.016631
-0.019304
-0.019656
-0.020541
-0.018181
-0.019393
-0.019818
-0.020703
-0.018344
-0.021533
-0.021737
-0.022770
-0.020263
-0.021548
-0.021826
-0.022858
-0.020351
-0.024057
-0.024114
-0.025294
-0.022639
-0.023998
-0.024129
-0.025309
-0.022654
-0.026876
-0.026785
-0.028112
-0.025310
-0.026743
-0.026726
-0.028054
-0.025252
-0.021264
-0.023828
-0.022353
-0.022501
-0.022459
-0.025097
-0.023622
-0.023769
-0.018774
-0.021190
-0.019863
-0.019863
-0.019895
-0.022385
-0.021058
-0.021058
-0.016578
-0.018847
-0.017668
-0.017520
-0.017626
-0.019969
-0.018789
-0.018641
-0.014678
-0.016800
-0.015767
-0.015472
-0.015652
-0.017847
-0.016815
-0.016520
-0.013073
-0.015047
-0.014162
-0.013719
-0.013972
-0.016020
-0.015135
-0.014693
-0.011762
-0.013589
-0.012851
-0.012261
-0.012588
-0.014489
-0.013751
-0.013161
-0.010747
-0.012426
-0.011836
-0.011098
-0.011499
-0.013252
-0.012662
-0.011925
-0.010026
-0.011558
-0.011115
-0.010230
-0.010705
-0.012310
-0.011868
-0.010983
-0.009600
-0.010985
-0.010690
-0.009657
-0.010205
-0.011663
-0.011368
-0.010336
-0.009470
-0.010706
-0.010559
-0.009379
-0.010001
-0.011311
-0.011164
-0.009984
-0.009634
-0.010723
-0.010723
-0.009396
-0.010091
-0.011254
-0.011254
-0.009927
-0.010093
-0.011035
-0.011183
-0.009708
-0.010477
-0.011493
-0.011640
-0.010165
-0.010847
-0.011642
-0.011937
-0.010314
-0.011157
-0.012025
-0.012320
-0.010698
-0.011897
-0.012543
-0.012986
-0.011216
-0.012133
-0.012853
-0.013296
-0.011526
-0.013241
-0.013740
-0.014330
-0.012413
-0.013403
-0.013976
-0.014566
-0.012649
-0.014880
-0.015232
-0.015969
-0.013904
-0.014968
-0.015394
-0.016131
-0.014067
-0.016814
-0.017018
-0.017903
-0.015691
-0.016829
-0.017107
-0.017992
-0.015780
-0.019043
-0.019100
-0.020132
-0.017772
-0.018984
-0.019115
-0.020147
-0.017787
-0.021567
-0.021476
-0.022656
-0.020149
-0.021434
-0.021417
-0.022597
-0.020090
-0.024385
-0.024147
-0.025475
-0.022820
-0.024179
-0.024015
-0.025342
-0.022688
-0.019069
-0.021485
-0.020010
-0.020305
-0.020190
-0.022680
-0.021205
-0.021500
-0.016578
-0.018847
-0.017520
-0.017668
-0.017626
-0.019969
-0.018641
-0.018789
-0.014383
-0.016505
-0.015325
-0.015325
-0.015357
-0.017552
-0.016372
-0.016372
-0.012483
-0.014457
-0.013424
-0.013277
-0.013383
-0.015430
-0.014398
-0.014251
-0.010877
-0.012704
-0.011819
-0.011524
-0.011703
-0.013604
-0.012719
-0.012424
-0.009567
-0.011246
-0.010509
-0.010066
-0.010319
-0.012072
-0.011335
-0.010892
-0.008551
-0.010083
-0.009493
-0.008903
-0.009230
-0.010835
-0.010245
-0.009656
-0.007831
-0.009215
-0.008772
-0.008035
-0.008436
-0.009894
-0.009451
-0.008714
-0.007405
-0.008642
-0.008347
-0.007462
-0.007936
-0.009247
-0.008952
-0.008067
-0.007274
-0.008364
-0.008216
-0.007184
-0.007732
-0.008895
-0.008747
-0.007715
-0.007439
-0.008380
-0.008380
-0.007201
-0.007822
-0.008838
-0.008838
-0.007658
-0.007898
-0.008692
-0.008840
-0.007512
-0.008208
-0.009076
-0.009223
-0.007896
-0.008652
-0.009299
-0.009594
-0.008119
-0.008888
-0.009609
-0.009904
-0.008429
-0.009701
-0.010201
-0.010643
-0.009021
-0.009864
-0.010437
-0.010879
-0.009257
-0.011045
-0.011397
-0.011987
-0.010217
-0.011134
-0.011560
-0.012150
-0.010380
-0.012684
-0.012889
-0.013626
-0.011709
-0.012699
-0.012978
-0.013715
-0.011798
-0.014618
-0.014675
-0.015560
-0.013495
-0.014560
-0.014690
-0.015575
-0.013511
-0.016847
-0.016757
-0.017789
-0.015577
-0.016715
-0.016698
-0.017730
-0.015518
-0.019371
-0.019133
-0.020313
-0.017953
-0.019165
-0.019001
-0.020181
-0.017821
-0.022190
-0.021805
-0.023132
-0.020625
-0.021910
-0.021598
-0.022926
-0.020419
-0.017168
-0.019437
-0.017963
-0.018405
-0.018216
-0.020558
-0.019084
-0.019526
-0.014678
-0.016800
-0.015472
-0.015767
-0.015652
-0.017847
-0.016520
-0.016815
-0.012483
-0.014457
-0.013277
-0.013424
-0.013383
-0.015430
-0.014251
-0.014398
-0.010582
-0.012409
-0.011377
-0.011377
-0.011408
-0.013309
-0.012277
-0.012277
-0.008977
-0.010656
-0.009771
-0.009624
-0.009729
-0.011482
-0.010597
-0.010450
-0.007666
-0.009198
-0.008461
-0.008166
-0.008345
-0.009951
-0.009213
-0.008918
-0.006651
-0.008035
-0.007445
-0.007003
-0.007256
-0.008714
-0.008124
-0.007681
-0.005930
-0.007167
-0.006725
-0.006135
-0.006462
-0.007772
-0.007330
-0.006740
-0.005505
-0.006594
-0.006299
-0.005562
-0.005962
-0.007125
-0.006830
-0.006093
-0.005374
-0.006316
-0.006168
-0.005283
-0.005758
-0.006773
-0.006626
-0.005741
-0.005538
-0.006333
-0.006333
-0.005300
-0.005848
-0.006716
-0.006716
-0.005684
-0.005998
-0.006644
-0.006792
-0.005612
-0.006234
-0.006954
-0.007102
-0.005922
-0.006752
-0.007251
-0.007546
-0.006219
-0.006914
-0.007487
-0.007782
-0.006455
-0.007801
-0.008153
-0.008595
-0.007120
-0.007890
-0.008315
-0.008758
-0.007283
-0.009145
-0.009349
-0.009939
-0.008317
-0.009160
-0.009438
-0.010028
-0.008406
-0.010784
-0.010841
-0.011578
-0.009809
-0.010725
-0.010856
-0.011593
-0.009824
-0.012718
-0.012627
-0.013512
-0.011595
-0.012586
-0.012569
-0.013454
-0.011536
-0.014947
-0.014709
-0.015741
-0.013677
-0.014741
-0.014576
-0.015609
-0.013544
-0.017471
-0.017085
-0.018265
-0.016053
-0.017191
-0.016879
-0.018059
-0.015847
-0.020290
-0.019757
-0.021084
-0.018724
-0.019936
-0.019477
-0.020804
-0.018444
-0.015563
-0.017684
-0.016210
-0.016800
-0.016537
-0.018732
-0.017257
-0.017847
-0.013073
-0.015047
-0.013719
-0.014162
-0.013972
-0.016020
-0.014693
-0.015135
-0.010877
-0.012704
-0.011524
-0.011819
-0.011703
-0.013604
-0.012424
-0.012719
-0.008977
-0.010656
-0.009624
-0.009771
-0.009729
-0.011482
-0.010450
-0.010597
-0.007371
-0.008903
-0.008018
-0.008018
-0.008050
-0.009656
-0.008771
-0.008771
-0.006061
-0.007445
-0.006708
-0.006560
-0.006666
-0.008124
-0.007386
-0.007239
-0.005045
-0.006282
-0.005692
-0.005397
-0.005577
-0.006887
-0.006297
-0.006002
-0.004325
-0.005414
-0.004972
-0.004529
-0.004782
-0.005945
-0.005503
-0.005060
-0.003899
-0.004841
-0.004546
-0.003956
-0.004283
-0.005299
-0.005004
-0.004414
-0.003769
-0.004563
-0.004415
-0.003678
-0.004079
-0.004947
-0.004799
-0.004062
-0.003933
-0.004580
-0.004580
-0.003695
-0.004169
-0.004890
-0.004890
-0.004005
-0.004392
-0.004891
-0.005039
-0.004007
-0.004555
-0.005128
-0.005275
-0.004243
-0.005146
-0.005498
-0.005793
-0.004613
-0.005235
-0.005661
-0.005956
-0.004776
-0.006195
-0.006400
-0.006842
-0.005515
-0.006210
-0.006489
-0.006931
-0.005604
-0.007540
-0.007596
-0.008186
-0.006712
-0.007481
-0.007612
-0.008201
-0.006727
-0.009179
-0.009088
-0.009825
-0.008203
-0.009046
-0.009029
-0.009767
-0.008144
-0.011113
-0.010875
-0.011759
-0.009990
-0.010906
-0.010742
-0.011627
-0.009857
-0.013342
-0.012956
-0.013988
-0.012071
-0.013062
-0.012750
-0.013782
-0.011865
-0.015865
-0.015332
-0.016512
-0.014448
-0.015512
-0.015053
-0.016232
-0.014168
-0.018684
-0.018004
-0.019331
-0.017119
-0.018257
-0.017650
-0.018977
-0.016765
-0.014252
-0.016227
-0.014752
-0.015489
-0.015152
-0.017200
-0.015725
-0.016463
-0.011762
-0.013589
-0.012261
-0.012851
-0.012588
-0.014489
-0.013161
-0.013751
-0.009567
-0.011246
-0.010066
-0.010509
-0.010319
-0.012072
-0.010892
-0.011335
-0.007666
-0.009198
-0.008166
-0.008461
-0.008345
-0.009951
-0.008918
-0.009213
-0.006061
-0.007445
-0.006560
-0.006708
-0.006666
-0.008124
-0.007239
-0.007386
-0.004750
-0.005987
-0.005250
-0.005250
-0.005282
-0.006592
-0.005855
-0.005855
-0.003735
-0.004824
-0.004234
-0.004087
-0.004192
-0.005355
-0.004766
-0.004618
-0.003014
-0.003956
-0.003514
-0.003219
-0.003398
-0.004414
-0.003971
-0.003676
-0.002589
-0.003383
-0.003088
-0.002646
-0.002899
-0.003767
-0.003472
-0.003029
-0.002458
-0.003105
-0.002957
-0.002368
-0.002694
-0.003415
-0.003267
-0.002678
-0.002622
-0.003122
-0.003122
-0.002384
-0.002785
-0.003358
-0.003358
-0.002621
-0.003082
-0.003434
-0.003581
-0.002696
-0.003170
-0.003596
-0.003744
-0.002859
-0.003836
-0.004040
-0.004335
-0.003303
-0.003851
-0.004129
-0.004424
-0.003392
-0.004885
-0.004942
-0.005384
-0.004205
-0.004826
-0.004957
-0.005399
-0.004220
-0.006229
-0.006139
-0.006728
-0.005401
-0.006097
-0.006080
-0.006670
-0.005342
-0.007868
-0.007630
-0.008367
-0.006893
-0.007662
-0.007498
-0.008235
-0.006760
-0.009802
-0.009417
-0.010301
-0.008679
-0.009522
-0.009210
-0.010095
-0.008473
-0.012031
-0.011498
-0.012530
-0.010761
-0.011677
-0.011218
-0.012250
-0.010481
-0.014555
-0.013874
-0.015054
-0.013137
-0.014128
-0.013521
-0.014701
-0.012783
-0.017374
-0.016546
-0.017873
-0.015808
-0.016873
-0.016118
-0.017446
-0.015381
-0.013237
-0.015064
-0.013589
-0.014474
-0.014063
-0.015963
-0.014489
-0.015374
-0.010747
-0.012426
-0.011098
-0.011836
-0.011499
-0.013252
-0.011925
-0.012662
-0.008551
-0.010083
-0.008903
-0.009493
-0.009230
-0.010835
-0.009656
-0.010245
-0.006651
-0.008035
-0.007003
-0.007445
-0.007256
-0.008714
-0.007681
-0.008124
-0.005045
-0.006282
-0.005397
-0.005692
-0.005577
-0.006887
-0.006002
-0.006297
-0.003735
-0.004824
-0.004087
-0.004234
-0.004192
-0.005355
-0.004618
-0.004766
-0.002719
-0.003661
-0.003071
-0.003071
-0.003103
-0.004119
-0.003529
-0.003529
-0.001999
-0.002793
-0.002351
-0.002203
-0.002309
-0.003177
-0.002734
-0.002587
-0.001573
-0.002220
-0.001925
-0.001630
-0.001810
-0.002530
-0.002235
-0.001940
-0.001443
-0.001942
-0.001794
-0.001352
-0.001605
-0.002178
-0.002031
-0.001588
-0.001607
-0.001959
-0.001959
-0.001369
-0.001696
-0.002121
-0.002121
-0.001531
-0.002066
-0.002271
-0.002418
-0.001681
-0.002081
-0.002359
-0.002507
-0.001769
-0.002820
-0.002877
-0.003172
-0.002287
-0.002762
-0.002892
-0.003187
-0.002302
-0.003869
-0.003779
-0.004221
-0.003189
-0.003737
-0.003720
-0.004163
-0.003130
-0.005214
-0.004976
-0.005565
-0.004386
-0.005007
-0.004843
-0.005433
-0.004253
-0.006853
-0.006467
-0.007204
-0.005877
-0.006573
-0.006261
-0.006998
-0.005671
-0.008787
-0.008254
-0.009138
-0.007664
-0.008433
-0.007974
-0.008859
-0.007384
-0.011016
-0.010335
-0.011367
-0.009745
-0.010588
-0.009981
-0.011014
-0.009392
-0.013539
-0.012711
-0.013891
-0.012122
-0.013038
-0.012284
-0.013464
-0.011694
-0.016358
-0.015383
-0.016710
-0.014793
-0.015783
-0.014882
-0.016209
-0.014292
-0.012516
-0.014195
-0.012721
-0.013753
-0.013269
-0.015022
-0.013547
-0.014579
-0.010026
-0.011558
-0.010230
-0.011115
-0.010705
-0.012310
-0.010983
-0.011868
-0.007831
-0.009215
-0.008035
-0.008772
-0.008436
-0.009894
-0.008714
-0.009451
-0.005930
-0.007167
-0.006135
-0.006725
-0.006462
-0.007772
-0.006740
-0.007330
-0.004325
-0.005414
-0.004529
-0.004972
-0.004782
-0.005945
-0.005060
-0.005503
-0.003014
-0.003956
-0.003219
-0.003514
-0.003398
-0.004414
-0.003676
-0.003971
-0.001999
-0.002793
-0.002203
-0.002351
-0.002309
-0.003177
-0.002587
-0.002734
-0.001278
-0.001925
-0.001483
-0.001483
-0.001515
-0.002235
-0.001793
-0.001793
-0.000853
-0.001352
-0.001057
-0.000910
-0.001015
-0.001588
-0.001293
-0.001146
-0.000722
-0.001074
-0.000926
-0.000631
-0.000811
-0.001236
-0.001089
-0.000794
-0.000886
-0.001091
-0.001091
-0.000648
-0.000901
-0.001179
-0.001179
-0.000737
-0.001346
-0.001402
-0.001550
-0.000960
-0.001287
-0.001418
-0.001565
-0.000975
-0.002100
-0.002009
-0.002304
-0.001567
-0.001967
-0.001950
-0.002245
-0.001508
-0.003149
-0.002911
-0.003353
-0.002468
-0.002943
-0.002778
-0.003221
-0.002336
-0.004493
-0.004107
-0.004697
-0.003665
-0.004213
-0.003901
-0.004491
-0.003459
-0.006132
-0.005599
-0.006336
-0.005157
-0.005778
-0.005319
-0.006056
-0.004877
-0.008066
-0.007386
-0.008270
-0.006943
-0.007639
-0.007032
-0.007917
-0.006589
-0.010295
-0.009467
-0.010499
-0.009025
-0.009794
-0.009040
-0.010072
-0.008597
-0.012819
-0.011843
-0.013023
-0.011401
-0.012244
-0.011342
-0.012522
-0.010900
-0.015638
-0.014515
-0.015842
-0.014072
-0.014989
-0.013940
-0.015267
-0.013498
-0.012091
-0.013622
-0.012148
-0.013327
-0.012769
-0.014375
-0.012900
-0.014080
-0.009600
-0.010985
-0.009657
-0.010690
-0.010205
-0.011663
-0.010336
-0.011368
-0.007405
-0.008642
-0.007462
-0.008347
-0.007936
-0.009247
-0.008067
-0.008952
-0.005505
-0.006594
-0.005562
-0.006299
-0.005962
-0.007125
-0.006093
-0.006830
-0.003899
-0.004841
-0.003956
-0.004546
-0.004283
-0.005299
-0.004414
-0.005004
-0.002589
-0.003383
-0.002646
-0.003088
-0.002899
-0.003767
-0.003029
-0.003472
-0.001573
-0.002220
-0.001630
-0.001925
-0.001810
-0.002530
-0.001940
-0.002235
-0.000853
-0.001352
-0.000910
-0.001057
-0.001015
-0.001588
-0.001146
-0.001293
-0.000427
-0.000779
-0.000484
-0.000484
-0.000516
-0.000941
-0.000647
-0.000647
-0.000296
-0.000501
-0.000353
-0.000206
-0.000311
-0.000590
-0.000442
-0.000295
-0.000461
-0.000518
-0.000518
-0.000223
-0.000402
-0.000533
-0.000533
-0.000238
-0.000920
-0.000829
-0.000977
-0.000534
-0.000787
-0.000771
-0.000918
-0.000476
-0.001674
-0.001436
-0.001731
-0.001141
-0.001468
-0.001304
-0.001599
-0.001009
-0.002723
-0.002338
-0.002780
-0.002043
-0.002443
-0.002132
-0.002574
-0.001837
-0.004067
-0.003534
-0.004124
-0.003239
-0.003714
-0.003254
-0.003844
-0.002960
-0.005706
-0.005026
-0.005763
-0.004731
-0.005279
-0.004672
-0.005410
-0.004377
-0.007640
-0.006812
-0.007697
-0.006517
-0.007139
-0.006385
-0.007270
-0.006090
-0.009869
-0.008894
-0.009926
-0.008599
-0.009294
-0.008393
-0.009425
-0.008098
-0.012393
-0.011270
-0.012450
-0.010975
-0.011745
-0.010695
-0.011875
-0.010401
-0.015212
-0.013942
-0.015269
-0.013647
-0.014490
-0.013293
-0.014620
-0.012998
-0.011960
-0.013344
-0.011869
-0.013197
-0.012565
-0.014023
-0.012548
-0.013875
-0.009470
-0.010706
-0.009379
-0.010559
-0.010001
-0.011311
-0.009984
-0.011164
-0.007274
-0.008364
-0.007184
-0.008216
-0.007732
-0.008895
-0.007715
-0.008747
-0.005374
-0.006316
-0.005283
-0.006168
-0.005758
-0.006773
-0.005741
-0.006626
-0.003769
-0.004563
-0.003678
-0.004415
-0.004079
-0.004947
-0.004062
-0.004799
-0.002458
-0.003105
-0.002368
-0.002957
-0.002694
-0.003415
-0.002678
-0.003267
-0.001443
-0.001942
-0.001352
-0.001794
-0.001605
-0.002178
-0.001588
-0.002031
-0.000722
-0.001074
-0.000631
-0.000926
-0.000811
-0.001236
-0.000794
-0.001089
-0.000296
-0.000501
-0.000206
-0.000353
-0.000311
-0.000590
-0.000295
-0.000442
-0.000166
-0.000223
-0.000075
-0.000075
-0.000107
-0.000238
-0.000090
-0.000090
-0.000330
-0.000239
-0.000239
-0.000092
-0.000198
-0.000181
-0.000181
-0.000033
-0.000789
-0.000551
-0.000699
-0.000404
-0.000583
-0.000419
-0.000566
-0.000271
-0.001543
-0.001158
-0.001453
-0.001010
-0.001264
-0.000952
-0.001247
-0.000804
-0.002593
-0.002060
-0.002502
-0.001912
-0.002239
-0.001780
-0.002222
-0.001632
-0.003937
-0.003256
-0.003846
-0.003109
-0.003509
-0.002903
-0.003492
-0.002755
-0.005576
-0.004748
-0.005485
-0.004600
-0.005075
-0.004320
-0.005058
-0.004173
-0.007510
-0.006534
-0.007419
-0.006387
-0.006935
-0.006033
-0.006918
-0.005886
-0.009739
-0.008616
-0.009648
-0.008468
-0.009090
-0.008041
-0.009073
-0.007893
-0.012263
-0.010992
-0.012172
-0.010845
-0.011540
-0.010344
-0.011523
-0.010196
-0.015081
-0.013664
-0.014991
-0.013516
-0.014285
-0.012941
-0.014269
-0.012794
-0.012124
-0.013361
-0.011886
-0.013361
-0.012656
-0.013966
-0.012491
-0.013966
-0.009634
-0.010723
-0.009396
-0.010723
-0.010091
-0.011254
-0.009927
-0.011254
-0.007439
-0.008380
-0.007201
-0.008380
-0.007822
-0.008838
-0.007658
-0.008838
-0.005538
-0.006333
-0.005300
-0.006333
-0.005848
-0.006716
-0.005684
-0.006716
-0.003933
-0.004580
-0.003695
-0.004580
-0.004169
-0.004890
-0.004005
-0.004890
-0.002622
-0.003122
-0.002384
-0.003122
-0.002785
-0.003358
-0.002621
-0.003358
-0.001607
-0.001959
-0.001369
-0.001959
-0.001696
-0.002121
-0.001531
-0.002121
-0.000886
-0.001091
-0.000648
-0.001091
-0.000901
-0.001179
-0.000737
-0.001179
-0.000461
-0.000518
-0.000223
-0.000518
-0.000402
-0.000533
-0.000238
-0.000533
-0.000330
-0.000239
-0.000092
-0.000239
-0.000198
-0.000181
-0.000033
-0.000181
-0.000494
-0.000256
-0.000256
-0.000256
-0.000288
-0.000124
-0.000124
-0.000124
-0.000954
-0.000568
-0.000716
-0.000568
-0.000674
-0.000362
-0.000509
-0.000362
-0.001708
-0.001175
-0.001470
-0.001175
-0.001354
-0.000895
-0.001190
-0.000895
-0.002757
-0.002076
-0.002519
-0.002076
-0.002329
-0.001723
-0.002165
-0.001723
-0.004101
-0.003273
-0.003863
-0.003273
-0.003600
-0.002846
-0.003436
-0.002846
-0.005740
-0.004765
-0.005502
-0.004765
-0.005165
-0.004263
-0.005001
-0.004263
-0.007674
-0.006551
-0.007436
-0.006551
-0.007025
-0.005976
-0.006861
-0.005976
-0.009903
-0.008633
-0.009665
-0.008633
-0.009181
-0.007984
-0.009016
-0.007984
-0.012427
-0.011009
-0.012189
-0.011009
-0.011631
-0.010287
-0.011466
-0.010287
-0.015246
-0.013680
-0.015008
-0.013680
-0.014376
-0.012884
-0.014212
-0.012884
-0.012584
-0.013673
-0.012198
-0.013820
-0.013041
-0.014204
-0.012729
-0.014351
-0.010093
-0.011035
-0.009708
-0.011183
-0.010477
-0.011493
-0.010165
-0.011640
-0.007898
-0.008692
-0.007512
-0.008840
-0.008208
-0.009076
-0.007896
-0.009223
-0.005998
-0.006644
-0.005612
-0.006792
-0.006234
-0.006954
-0.005922
-0.007102
-0.004392
-0.004891
-0.004007
-0.005039
-0.004555
-0.005128
-0.004243
-0.005275
-0.003082
-0.003434
-0.002696
-0.003581
-0.003170
-0.003596
-0.002859
-0.003744
-0.002066
-0.002271
-0.001681
-0.002418
-0.002081
-0.002359
-0.001769
-0.002507
-0.001346
-0.001402
-0.000960
-0.001550
-0.001287
-0.001418
-0.000975
-0.001565
-0.000920
-0.000829
-0.000534
-0.000977
-0.000787
-0.000771
-0.000476
-0.000918
-0.000789
-0.000551
-0.000404
-0.000699
-0.000583
-0.000419
-0.000271
-0.000566
-0.000954
-0.000568
-0.000568
-0.000716
-0.000674
-0.000362
-0.000362
-0.000509
-0.001413
-0.000880
-0.001027
-0.001027
-0.001059
-0.000600
-0.000747
-0.000747
-0.002167
-0.001487
-0.001781
-0.001634
-0.001740
-0.001133
-0.001428
-0.001280
-0.003216
-0.002388
-0.002831
-0.002536
-0.002715
-0.001961
-0.002403
-0.002108
-0.004560
-0.003585
-0.004175
-0.003732
-0.003985
-0.003084
-0.003674
-0.003231
-0.006199
-0.005076
-0.005814
-0.005224
-0.005551
-0.004501
-0.005239
-0.004649
-0.008133
-0.006863
-0.007748
-0.007010
-0.007411
-0.006214
-0.007099
-0.006362
-0.010362
-0.008944
-0.009977
-0.009092
-0.009566
-0.008222
-0.009254
-0.008369
-0.012886
-0.011321
-0.012501
-0.011468
-0.012016
-0.010525
-0.011705
-0.010672
-0.015705
-0.013992
-0.015319
-0.014140
-0.014761
-0.013122
-0.014450
-0.013270
-0.013338
-0.014280
-0.012805
-0.014574
-0.013721
-0.014737
-0.013262
-0.015032
-0.010847
-0.011642
-0.010314
-0.011937
-0.011157
-0.012025
-0.010698
-0.012320
-0.008652
-0.009299
-0.008119
-0.009594
-0.008888
-0.009609
-0.008429
-0.009904
-0.006752
-0.007251
-0.006219
-0.007546
-0.006914
-0.007487
-0.006455
-0.007782
-0.005146
-0.005498
-0.004613
-0.005793
-0.005235
-0.005661
-0.004776
-0.005956
-0.003836
-0.004040
-0.003303
-0.004335
-0.003851
-0.004129
-0.003392
-0.004424
-0.002820
-0.002877
-0.002287
-0.003172
-0.002762
-0.002892
-0.002302
-0.003187
-0.002100
-0.002009
-0.001567
-0.002304
-0.001967
-0.001950
-0.001508
-0.002245
-0.001674
-0.001436
-0.001141
-0.001731
-0.001468
-0.001304
-0.001009
-0.001599
-0.001543
-0.001158
-0.001010
-0.001453
-0.001264
-0.000952
-0.000804
-0.001247
-0.001708
-0.001175
-0.001175
-0.001470
-0.001354
-0.000895
-0.000895
-0.001190
-0.002167
-0.001487
-0.001634
-0.001781
-0.001740
-0.001133
-0.001280
-0.001428
-0.002921
-0.002093
-0.002388
-0.002388
-0.002420
-0.001666
-0.001961
-0.001961
-0.003970
-0.002995
-0.003437
-0.003290
-0.003395
-0.002494
-0.002936
-0.002789
-0.005314
-0.004191
-0.004781
-0.004486
-0.004666
-0.003617
-0.004207
-0.003912
-0.006953
-0.005683
-0.006420
-0.005978
-0.006231
-0.005034
-0.005772
-0.005329
-0.008887
-0.007470
-0.008354
-0.007765
-0.008091
-0.006747
-0.007632
-0.007042
-0.011116
-0.009551
-0.010583
-0.009846
-0.010247
-0.008755
-0.009787
-0.009050
-0.013640
-0.011927
-0.013107
-0.012222
-0.012697
-0.011058
-0.012237
-0.011353
-0.016459
-0.014599
-0.015926
-0.014894
-0.015442
-0.013655
-0.014983
-0.013950
-0.014387
-0.015181
-0.013706
-0.015624
-0.014697
-0.015565
-0.014090
-0.016007
-0.011897
-0.012543
-0.011216
-0.012986
-0.012133
-0.012853
-0.011526
-0.013296
-0.009701
-0.010201
-0.009021
-0.010643
-0.009864
-0.010437
-0.009257
-0.010879
-0.007801
-0.008153
-0.007120
-0.008595
-0.007890
-0.008315
-0.007283
-0.008758
-0.006195
-0.006400
-0.005515
-0.006842
-0.006210
-0.006489
-0.005604
-0.006931
-0.004885
-0.004942
-0.004205
-0.005384
-0.004826
-0.004957
-0.004220
-0.005399
-0.003869
-0.003779
-0.003189
-0.004221
-0.003737
-0.003720
-0.003130
-0.004163
-0.003149
-0.002911
-0.002468
-0.003353
-0.002943
-0.002778
-0.002336
-0.003221
-0.002723
-0.002338
-0.002043
-0.002780
-0.002443
-0.002132
-0.001837
-0.002574
-0.002593
-0.002060
-0.001912
-0.002502
-0.002239
-0.001780
-0.001632
-0.002222
-0.002757
-0.002076
-0.002076
-0.002519
-0.002329
-0.001723
-0.001723
-0.002165
-0.003216
-0.002388
-0.002536
-0.002831
-0.002715
-0.001961
-0.002108
-0.002403
-0.003970
-0.002995
-0.003290
-0.003437
-0.003395
-0.002494
-0.002789
-0.002936
-0.005019
-0.003897
-0.004339
-0.004339
-0.004371
-0.003322
-0.003764
-0.003764
-0.006364
-0.005093
-0.005683
-0.005536
-0.005641
-0.004445
-0.005034
-0.004887
-0.008003
-0.006585
-0.007322
-0.007027
-0.007206
-0.005862
-0.006600
-0.006305
-0.009937
-0.008371
-0.009256
-0.008814
-0.009067
-0.007575
-0.008460
-0.008018
-0.012166
-0.010453
-0.011485
-0.010895
-0.011222
-0.009583
-0.010615
-0.010025
-0.014689
-0.012829
-0.014009
-0.013272
-0.013672
-0.011886
-0.013065
-0.012328
-0.017508
-0.015501
-0.016828
-0.015943
-0.016417
-0.014483
-0.015811
-0.014926
-0.015731
-0.016378
-0.014903
-0.016968
-0.015967
-0.016688
-0.015213
-0.017278
-0.013241
-0.013740
-0.012413
-0.014330
-0.013403
-0.013976
-0.012649
-0.014566
-0.011045
-0.011397
-0.010217
-0.011987
-0.011134
-0.011560
-0.010380
-0.012150
-0.009145
-0.009349
-0.008317
-0.009939
-0.009160
-0.009438
-0.008406
-0.010028
-0.007540
-0.007596
-0.006712
-0.008186
-0.007481
-0.007612
-0.006727
-0.008201
-0.006229
-0.006139
-0.005401
-0.006728
-0.006097
-0.006080
-0.005342
-0.006670
-0.005214
-0.004976
-0.004386
-0.005565
-0.005007
-0.004843
-0.004253
-0.005433
-0.004493
-0.004107
-0.003665
-0.004697
-0.004213
-0.003901
-0.003459
-0.004491
-0.004067
-0.003534
-0.003239
-0.004124
-0.003714
-0.003254
-0.002960
-0.003844
-0.003937
-0.003256
-0.003109
-0.003846
-0.003509
-0.002903
-0.002755
-0.003492
-0.004101
-0.003273
-0.003273
-0.003863
-0.003600
-0.002846
-0.002846
-0.003436
-0.004560
-0.003585
-0.003732
-0.004175
-0.003985
-0.003084
-0.003231
-0.003674
-0.005314
-0.004191
-0.004486
-0.004781
-0.004666
-0.003617
-0.003912
-0.004207
-0.006364
-0.005093
-0.005536
-0.005683
-0.005641
-0.004445
-0.004887
-0.005034
-0.007708
-0.006290
-0.006880
-0.006880
-0.006912
-0.005567
-0.006157
-0.006157
-0.009347
-0.007781
-0.008519
-0.008371
-0.008477
-0.006985
-0.007723
-0.007575
-0.011281
-0.009568
-0.010453
-0.010158
-0.010337
-0.008698
-0.009583
-0.009288
-0.013510
-0.011649
-0.012682
-0.012239
-0.012492
-0.010706
-0.011738
-0.011296
-0.016034
-0.014026
-0.015206
-0.014616
-0.014942
-0.013008
-0.014188
-0.013598
-0.018852
-0.016697
-0.018024
-0.017287
-0.017688
-0.015606
-0.016933
-0.016196
-0.017370
-0.017869
-0.016395
-0.018607
-0.017533
-0.018106
-0.016631
-0.018843
-0.014880
-0.015232
-0.013904
-0.015969
-0.014968
-0.015394
-0.014067
-0.016131
-0.012684
-0.012889
-0.011709
-0.013626
-0.012699
-0.012978
-0.011798
-0.013715
-0.010784
-0.010841
-0.009809
-0.011578
-0.010725
-0.010856
-0.009824
-0.011593
-0.009179
-0.009088
-0.008203
-0.009825
-0.009046
-0.009029
-0.008144
-0.009767
-0.007868
-0.007630
-0.006893
-0.008367
-0.007662
-0.007498
-0.006760
-0.008235
-0.006853
-0.006467
-0.005877
-0.007204
-0.006573
-0.006261
-0.005671
-0.006998
-0.006132
-0.005599
-0.005157
-0.006336
-0.005778
-0.005319
-0.004877
-0.006056
-0.005706
-0.005026
-0.004731
-0.005763
-0.005279
-0.004672
-0.004377
-0.005410
-0.005576
-0.004748
-0.004600
-0.005485
-0.005075
-0.004320
-0.004173
-0.005058
-0.005740
-0.004765
-0.004765
-0.005502
-0.005165
-0.004263
-0.004263
-0.005001
-0.006199
-0.005076
-0.005224
-0.005814
-0.005551
-0.004501
-0.004649
-0.005239
-0.006953
-0.005683
-0.005978
-0.006420
-0.006231
-0.005034
-0.005329
-0.005772
-0.008003
-0.006585
-0.007027
-0.007322
-0.007206
-0.005862
-0.006305
-0.006600
-0.009347
-0.007781
-0.008371
-0.008519
-0.008477
-0.006985
-0.007575
-0.007723
-0.010986
-0.009273
-0.010010
-0.010010
-0.010042
-0.008403
-0.009140
-0.009140
-0.012920
-0.011059
-0.011944
-0.011797
-0.011902
-0.010116
-0.011001
-0.010853
-0.015149
-0.013141
-0.014173
-0.013878
-0.014058
-0.012124
-0.013156
-0.012861
-0.017673
-0.015517
-0.016697
-0.016255
-0.016508
-0.014426
-0.015606
-0.015164
-0.020491
-0.018189
-0.019516
-0.018926
-0.019253
-0.017024
-0.018351
-0.017761
-0.019304
-0.019656
-0.018181
-0.020541
-0.019393
-0.019818
-0.018344
-0.020703
-0.016814
-0.017018
-0.015691
-0.017903
-0.016829
-0.017107
-0.015780
-0.017992
-0.014618
-0.014675
-0.013495
-0.015560
-0.014560
-0.014690
-0.013511
-0.015575
-0.012718
-0.012627
-0.011595
-0.013512
-0.012586
-0.012569
-0.011536
-0.013454
-0.011113
-0.010875
-0.009990
-0.011759
-0.010906
-0.010742
-0.009857
-0.011627
-0.009802
-0.009417
-0.008679
-0.010301
-0.009522
-0.009210
-0.008473
-0.010095
-0.008787
-0.008254
-0.007664
-0.009138
-0.008433
-0.007974
-0.007384
-0.008859
-0.008066
-0.007386
-0.006943
-0.008270
-0.007639
-0.007032
-0.006589
-0.007917
-0.007640
-0.006812
-0.006517
-0.007697
-0.007139
-0.006385
-0.006090
-0.007270
-0.007510
-0.006534
-0.006387
-0.007419
-0.006935
-0.006033
-0.005886
-0.006918
-0.007674
-0.006551
-0.006551
-0.007436
-0.007025
-0.005976
-0.005976
-0.006861
-0.008133
-0.006863
-0.007010
-0.007748
-0.007411
-0.006214
-0.006362
-0.007099
-0.008887
-0.007470
-0.007765
-0.008354
-0.008091
-0.006747
-0.007042
-0.007632
-0.009937
-0.008371
-0.008814
-0.009256
-0.009067
-0.007575
-0.008018
-0.008460
-0.011281
-0.009568
-0.010158
-0.010453
-0.010337
-0.008698
-0.009288
-0.009583
-0.012920
-0.011059
-0.011797
-0.011944
-0.011902
-0.010116
-0.010853
-0.011001
-0.014854
-0.012846
-0.013731
-0.013731
-0.013763
-0.011829
-0.012714
-0.012714
-0.017083
-0.014927
-0.015960
-0.015812
-0.015918
-0.013836
-0.014869
-0.014721
-0.019607
-0.017304
-0.018484
-0.018189
-0.018368
-0.016139
-0.017319
-0.017024
-0.022425
-0.019975
-0.021303
-0.020860
-0.021113
-0.018737
-0.020064
-0.019622
-0.021533
-0.021737
-0.020263
-0.022770
-0.021548
-0.021826
-0.020351
-0.022858
-0.019043
-0.019100
-0.017772
-0.020132
-0.018984
-0.019115
-0.017787
-0.020147
-0.016847
-0.016757
-0.015577
-0.017789
-0.016715
-0.016698
-0.015518
-0.017730
-0.014947
-0.014709
-0.013677
-0.015741
-0.014741
-0.014576
-0.013544
-0.015609
-0.013342
-0.012956
-0.012071
-0.013988
-0.013062
-0.012750
-0.011865
-0.013782
-0.012031
-0.011498
-0.010761
-0.012530
-0.011677
-0.011218
-0.010481
-0.012250
-0.011016
-0.010335
-0.009745
-0.011367
-0.010588
-0.009981
-0.009392
-0.011014
-0.010295
-0.009467
-0.009025
-0.010499
-0.009794
-0.009040
-0.008597
-0.010072
-0.009869
-0.008894
-0.008599
-0.009926
-0.009294
-0.008393
-0.008098
-0.009425
-0.009739
-0.008616
-0.008468
-0.009648
-0.009090
-0.008041
-0.007893
-0.009073
-0.009903
-0.008633
-0.008633
-0.009665
-0.009181
-0.007984
-0.007984
-0.009016
-0.010362
-0.008944
-0.009092
-0.009977
-0.009566
-0.008222
-0.008369
-0.009254
-0.011116
-0.009551
-0.009846
-0.010583
-0.010247
-0.008755
-0.009050
-0.009787
-0.012166
-0.010453
-0.010895
-0.011485
-0.011222
-0.009583
-0.010025
-0.010615
-0.013510
-0.011649
-0.012239
-0.012682
-0.012492
-0.010706
-0.011296
-0.011738
-0.015149
-0.013141
-0.013878
-0.014173
-0.014058
-0.012124
-0.012861
-0.013156
-0.017083
-0.014927
-0.015812
-0.015960
-0.015918
-0.013836
-0.014721
-0.014869
-0.019312
-0.017009
-0.018041
-0.018041
-0.018073
-0.015844
-0.016876
-0.016876
-0.021836
-0.019385
-0.020565
-0.020418
-0.020523
-0.018147
-0.019327
-0.019179
-0.024654
-0.022057
-0.023384
-0.023089
-0.023268
-0.020744
-0.022072
-0.021777
-0.024057
-0.024114
-0.022639
-0.025294
-0.023998
-0.024129
-0.022654
-0.025309
-0.021567
-0.021476
-0.020149
-0.022656
-0.021434
-0.021417
-0.020090
-0.022597
-0.019371
-0.019133
-0.017953
-0.020313
-0.019165
-0.019001
-0.017821
-0.020181
-0.017471
-0.017085
-0.016053
-0.018265
-0.017191
-0.016879
-0.015847
-0.018059
-0.015865
-0.015332
-0.014448
-0.016512
-0.015512
-0.015053
-0.014168
-0.016232
-0.014555
-0.013874
-0.013137
-0.015054
-0.014128
-0.013521
-0.012783
-0.014701
-0.013539
-0.012711
-0.012122
-0.013891
-0.013038
-0.012284
-0.011694
-0.013464
-0.012819
-0.011843
-0.011401
-0.013023
-0.012244
-0.011342
-0.010900
-0.012522
-0.012393
-0.011270
-0.010975
-0.012450
-0.011745
-0.010695
-0.010401
-0.011875
-0.012263
-0.010992
-0.010845
-0.012172
-0.011540
-0.010344
-0.010196
-0.011523
-0.012427
-0.011009
-0.011009
-0.012189
-0.011631
-0.010287
-0.010287
-0.011466
-0.012886
-0.011321
-0.011468
-0.012501
-0.012016
-0.010525
-0.010672
-0.011705
-0.013640
-0.011927
-0.012222
-0.013107
-0.012697
-0.011058
-0.011353
-0.012237
-0.014689
-0.012829
-0.013272
-0.014009
-0.013672
-0.011886
-0.012328
-0.013065
-0.016034
-0.014026
-0.014616
-0.015206
-0.014942
-0.013008
-0.013598
-0.014188
-0.017673
-0.015517
-0.016255
-0.016697
-0.016508
-0.014426
-0.015164
-0.015606
-0.019607
-0.017304
-0.018189
-0.018484
-0.018368
-0.016139
-0.017024
-0.017319
-0.021836
-0.019385
-0.020418
-0.020565
-0.020523
-0.018147
-0.019179
-0.019327
-0.024359
-0.021762
-0.022942
-0.022942
-0.022973
-0.020450
-0.021629
-0.021629
-0.027178
-0.024433
-0.025760
-0.025613
-0.025719
-0.023047
-0.024374
-0.024227
-0.026876
-0.026785
-0.025310
-0.028112
-0.026743
-0.026726
-0.025252
-0.028054
-0.024385
-0.024147
-0.022820
-0.025475
-0.024179
-0.024015
-0.022688
-0.025342
-0.022190
-0.021805
-0.020625
-0.023132
-0.021910
-0.021598
-0.020419
-0.022926
-0.020290
-0.019757
-0.018724
-0.021084
-0.019936
-0.019477
-0.018444
-0.020804
-0.018684
-0.018004
-0.017119
-0.019331
-0.018257
-0.017650
-0.016765
-0.018977
-0.017374
-0.016546
-0.015808
-0.017873
-0.016873
-0.016118
-0.015381
-0.017446
-0.016358
-0.015383
-0.014793
-0.016710
-0.015783
-0.014882
-0.014292
-0.016209
-0.015638
-0.014515
-0.014072
-0.015842
-0.014989
-0.013940
-0.013498
-0.015267
-0.015212
-0.013942
-0.013647
-0.015269
-0.014490
-0.013293
-0.012998
-0.014620
-0.015081
-0.013664
-0.013516
-0.014991
-0.014285
-0.012941
-0.012794
-0.014269
-0.015246
-0.013680
-0.013680
-0.015008
-0.014376
-0.012884
-0.012884
-0.014212
-0.015705
-0.013992
-0.014140
-0.015319
-0.014761
-0.013122
-0.013270
-0.014450
-0.016459
-0.014599
-0.014894
-0.015926
-0.015442
-0.013655
-0.013950
-0.014983
-0.017508
-0.015501
-0.015943
-0.016828
-0.016417
-0.014483
-0.014926
-0.015811
-0.018852
-0.016697
-0.017287
-0.018024
-0.017688
-0.015606
-0.016196
-0.016933
-0.020491
-0.018189
-0.018926
-0.019516
-0.019253
-0.017024
-0.017761
-0.018351
-0.022425
-0.019975
-0.020860
-0.021303
-0.021113
-0.018737
-0.019622
-0.020064
-0.024654
-0.022057
-0.023089
-0.023384
-0.023268
-0.020744
-0.021777
-0.022072
-0.027178
-0.024433
-0.025613
-0.025760
-0.025719
-0.023047
-0.024227
-0.024374
-0.029997
-0.027105
-0.028432
-0.028432
-0.028464
-0.025645
-0.026972
-0.026972
-0.024214
-0.026925
-0.025303
-0.025303
-0.025408
-0.028194
-0.026571
-0.026571
-0.021723
-0.024287
-0.022813
-0.022665
-0.022844
-0.025482
-0.024007
-0.023860
-0.019528
-0.021944
-0.020617
-0.020322
-0.020575
-0.023066
-0.021738
-0.021443
-0.017628
-0.019897
-0.018717
-0.018274
-0.018601
-0.020944
-0.019764
-0.019322
-0.016022
-0.018144
-0.017111
-0.016521
-0.016922
-0.019117
-0.018085
-0.017495
-0.014712
-0.016686
-0.015801
-0.015064
-0.015538
-0.017586
-0.016701
-0.015963
-0.013696
-0.015523
-0.014785
-0.013901
-0.014449
-0.016349
-0.015612
-0.014727
-0.012976
-0.014655
-0.014065
-0.013032
-0.013654
-0.015407
-0.014817
-0.013785
-0.012550
-0.014082
-0.013639
-0.012459
-0.013155
-0.014760
-0.014318
-0.013138
-0.012419
-0.013803
-0.013509
-0.012181
-0.012950
-0.014408
-0.014113
-0.012786
-0.012584
-0.013820
-0.013673
-0.012198
-0.013041
-0.014351
-0.014204
-0.012729
-0.013043
-0.014132
-0.014132
-0.012510
-0.013427
-0.014590
-0.014590
-0.012967
-0.013797
-0.014739
-0.014886
-0.013117
-0.014107
-0.015122
-0.015270
-0.013500
-0.014846
-0.015640
-0.015935
-0.014018
-0.015082
-0.015950
-0.016245
-0.014328
-0.016190
-0.016837
-0.017279
-0.015215
-0.016353
-0.017073
-0.017516
-0.015451
-0.017829
-0.018329
-0.018918
-0.016706
-0.017918
-0.018491
-0.019081
-0.016869
-0.019763
-0.020115
-0.020852
-0.018493
-0.019778
-0.020204
-0.020941
-0.018582
-0.021992
-0.022197
-0.023081
-0.020574
-0.021933
-0.022212
-0.023096
-0.020589
-0.024516
-0.024573
-0.025605
-0.022951
-0.024384
-0.024514
-0.025547
-0.022892
-0.027335
-0.027244
-0.028424
-0.025622
-0.027129
-0.027112
-0.028292
-0.025490
-0.021723
-0.024287
-0.022665
-0.022813
-0.022844
-0.025482
-0.023860
-0.024007
-0.019233
-0.021650
-0.020175
-0.020175
-0.020280
-0.022771
-0.021296
-0.021296
-0.017038
-0.019307
-0.017979
-0.017832
-0.018011
-0.020354
-0.019027
-0.018879
-0.015137
-0.017259
-0.016079
-0.015784
-0.016037
-0.018232
-0.017053
-0.016758
-0.013532
-0.015506
-0.014474
-0.014031
-0.014358
-0.016406
-0.015374
-0.014931
-0.012221
-0.014048
-0.013163
-0.012573
-0.012974
-0.014874
-0.013989
-0.013399
-0.011206
-0.012885
-0.012148
-0.011410
-0.011885
-0.013637
-0.012900
-0.012163
-0.010485
-0.012017
-0.011427
-0.010542
-0.011090
-0.012696
-0.012106
-0.011221
-0.010060
-0.011444
-0.011001
-0.009969
-0.010591
-0.012049
-0.011606
-0.010574
-0.009929
-0.011166
-0.010871
-0.009691
-0.010386
-0.011697
-0.011402
-0.010222
-0.010093
-0.011183
-0.011035
-0.009708
-0.010477
-0.011640
-0.011493
-0.010165
-0.010552
-0.011494
-0.011494
-0.010020
-0.010862
-0.011878
-0.011878
-0.010403
-0.011307
-0.012101
-0.012248
-0.010626
-0.011543
-0.012411
-0.012558
-0.010936
-0.012356
-0.013003
-0.013298
-0.011528
-0.012518
-0.013239
-0.013534
-0.011764
-0.013700
-0.014199
-0.014642
-0.012725
-0.013789
-0.014362
-0.014804
-0.012887
-0.015339
-0.015691
-0.016281
-0.014216
-0.015354
-0.015780
-0.016370
-0.014305
-0.017273
-0.017477
-0.018215
-0.016003
-0.017214
-0.017492
-0.018230
-0.016018
-0.019502
-0.019559
-0.020444
-0.018084
-0.019369
-0.019500
-0.020385
-0.018025
-0.022026
-0.021935
-0.022968
-0.020460
-0.021820
-0.021803
-0.022835
-0.020328
-0.024845
-0.024607
-0.025786
-0.023132
-0.024565
-0.024400
-0.025580
-0.022926
-0.019528
-0.021944
-0.020322
-0.020617
-0.020575
-0.023066
-0.021443
-0.021738
-0.017038
-0.019307
-0.017832
-0.017979
-0.018011
-0.020354
-0.018879
-0.019027
-0.014842
-0.016964
-0.015637
-0.015637
-0.015742
-0.017938
-0.016610
-0.016610
-0.012942
-0.014916
-0.013736
-0.013589
-0.013768
-0.015816
-0.014636
-0.014489
-0.011336
-0.013163
-0.012131
-0.011836
-0.012089
-0.013989
-0.012957
-0.012662
-0.010026
-0.011705
-0.010820
-0.010378
-0.010705
-0.012458
-0.011573
-0.011130
-0.009010
-0.010542
-0.009805
-0.009215
-0.009615
-0.011221
-0.010483
-0.009894
-0.008290
-0.009674
-0.009084
-0.008347
-0.008821
-0.010279
-0.009689
-0.008952
-0.007864
-0.009101
-0.008659
-0.007774
-0.008322
-0.009632
-0.009190
-0.008305
-0.007734
-0.008823
-0.008528
-0.007496
-0.008117
-0.009280
-0.008985
-0.007953
-0.007898
-0.008840
-0.008692
-0.007512
-0.008208
-0.009223
-0.009076
-0.007896
-0.008357
-0.009151
-0.009151
-0.007824
-0.008593
-0.009461
-0.009461
-0.008134
-0.009111
-0.009758
-0.009906
-0.008431
-0.009274
-0.009994
-0.010142
-0.008667
-0.010160
-0.010660
-0.010955
-0.009333
-0.010249
-0.010822
-0.011117
-0.009495
-0.011505
-0.011856
-0.012299
-0.010529
-0.011520
-0.011945
-0.012388
-0.010618
-0.013144
-0.013348
-0.013938
-0.012021
-0.013085
-0.013363
-0.013953
-0.012036
-0.015078
-0.015135
-0.015872
-0.013807
-0.014945
-0.015076
-0.015813
-0.013749
-0.017307
-0.017216
-0.018101
-0.015889
-0.017100
-0.017084
-0.017968
-0.015756
-0.019830
-0.019592
-0.020625
-0.018265
-0.019551
-0.019386
-0.020419
-0.018059
-0.022649
-0.022264
-0.023444
-0.020937
-0.022296
-0.021984
-0.023164
-0.020657
-0.017628
-0.019897
-0.018274
-0.018717
-0.018601
-0.020944
-0.019322
-0.019764
-0.015137
-0.017259
-0.015784
-0.016079
-0.016037
-0.018232
-0.016758
-0.017053
-0.012942
-0.014916
-0.013589
-0.013736
-0.013768
-0.015816
-0.014489
-0.014636
-0.011042
-0.012868
-0.011688
-0.011688
-0.011794
-0.013694
-0.012515
-0.012515
-0.009436
-0.011115
-0.010083
-0.009935
-0.010115
-0.011868
-0.010835
-0.010688
-0.008126
-0.009657
-0.008772
-0.008478
-0.008731
-0.010336
-0.009451
-0.009156
-0.007110
-0.008494
-0.007757
-0.007315
-0.007641
-0.009099
-0.008362
-0.007919
-0.006390
-0.007626
-0.007036
-0.006446
-0.006847
-0.008157
-0.007568
-0.006978
-0.005964
-0.007053
-0.006611
-0.005873
-0.006348
-0.007511
-0.007068
-0.006331
-0.005833
-0.006775
-0.006480
-0.005595
-0.006143
-0.007159
-0.006864
-0.005979
-0.005998
-0.006792
-0.006644
-0.005612
-0.006234
-0.007102
-0.006954
-0.005922
-0.006457
-0.007104
-0.007104
-0.005924
-0.006619
-0.007340
-0.007340
-0.006160
-0.007211
-0.007710
-0.007858
-0.006531
-0.007300
-0.007873
-0.008020
-0.006693
-0.008260
-0.008612
-0.008907
-0.007432
-0.008275
-0.008701
-0.008996
-0.007521
-0.009604
-0.009809
-0.010251
-0.008629
-0.009545
-0.009824
-0.010266
-0.008644
-0.011243
-0.011300
-0.011890
-0.010120
-0.011111
-0.011241
-0.011831
-0.010062
-0.013177
-0.013087
-0.013824
-0.011907
-0.012971
-0.012954
-0.013692
-0.011774
-0.015406
-0.015168
-0.016053
-0.013988
-0.015126
-0.014962
-0.015847
-0.013782
-0.017930
-0.017545
-0.018577
-0.016365
-0.017576
-0.017265
-0.018297
-0.016085
-0.020749
-0.020216
-0.021396
-0.019036
-0.020322
-0.019862
-0.021042
-0.018683
-0.016022
-0.018144
-0.016521
-0.017111
-0.016922
-0.019117
-0.017495
-0.018085
-0.013532
-0.015506
-0.014031
-0.014474
-0.014358
-0.016406
-0.014931
-0.015374
-0.011336
-0.013163
-0.011836
-0.012131
-0.012089
-0.013989
-0.012662
-0.012957
-0.009436
-0.011115
-0.009935
-0.010083
-0.010115
-0.011868
-0.010688
-0.010835
-0.007831
-0.009362
-0.008330
-0.008330
-0.008436
-0.010041
-0.009009
-0.009009
-0.006520
-0.007904
-0.007020
-0.006872
-0.007051
-0.008509
-0.007625
-0.007477
-0.005505
-0.006741
-0.006004
-0.005709
-0.005962
-0.007273
-0.006535
-0.006240
-0.004784
-0.005873
-0.005283
-0.004841
-0.005168
-0.006331
-0.005741
-0.005299
-0.004358
-0.005300
-0.004858
-0.004268
-0.004668
-0.005684
-0.005242
-0.004652
-0.004228
-0.005022
-0.004727
-0.003990
-0.004464
-0.005332
-0.005037
-0.004300
-0.004392
-0.005039
-0.004891
-0.004007
-0.004555
-0.005275
-0.005128
-0.004243
-0.004851
-0.005351
-0.005351
-0.004318
-0.004940
-0.005513
-0.005513
-0.004481
-0.005606
-0.005957
-0.006105
-0.004925
-0.005621
-0.006046
-0.006194
-0.005014
-0.006655
-0.006859
-0.007154
-0.005827
-0.006596
-0.006874
-0.007169
-0.005842
-0.007999
-0.008056
-0.008498
-0.007023
-0.007866
-0.007997
-0.008439
-0.006965
-0.009638
-0.009547
-0.010137
-0.008515
-0.009432
-0.009415
-0.010005
-0.008382
-0.011572
-0.011334
-0.012071
-0.010301
-0.011292
-0.011128
-0.011865
-0.010095
-0.013801
-0.013415
-0.014300
-0.012383
-0.013447
-0.013135
-0.014020
-0.012103
-0.016325
-0.015792
-0.016824
-0.014759
-0.015897
-0.015438
-0.016470
-0.014406
-0.019144
-0.018463
-0.019643
-0.017431
-0.018642
-0.018036
-0.019215
-0.017003
-0.014712
-0.016686
-0.015064
-0.015801
-0.015538
-0.017586
-0.015963
-0.016701
-0.012221
-0.014048
-0.012573
-0.013163
-0.012974
-0.014874
-0.013399
-0.013989
-0.010026
-0.011705
-0.010378
-0.010820
-0.010705
-0.012458
-0.011130
-0.011573
-0.008126
-0.009657
-0.008478
-0.008772
-0.008731
-0.010336
-0.009156
-0.009451
-0.006520
-0.007904
-0.006872
-0.007020
-0.007051
-0.008509
-0.007477
-0.007625
-0.005210
-0.006446
-0.005562
-0.005562
-0.005667
-0.006978
-0.006093
-0.006093
-0.004194
-0.005283
-0.004546
-0.004399
-0.004578
-0.005741
-0.005004
-0.004856
-0.003474
-0.004415
-0.003826
-0.003531
-0.003784
-0.004799
-0.004209
-0.003914
-0.003048
-0.003842
-0.003400
-0.002957
-0.003284
-0.004152
-0.003710
-0.003267
-0.002917
-0.003564
-0.003269
-0.002679
-0.003080
-0.003800
-0.003505
-0.002916
-0.003082
-0.003581
-0.003434
-0.002696
-0.003170
-0.003744
-0.003596
-0.002859
-0.003541
-0.003893
-0.003893
-0.003008
-0.003556
-0.003982
-0.003982
-0.003097
-0.004295
-0.004499
-0.004647
-0.003615
-0.004236
-0.004515
-0.004662
-0.003630
-0.005344
-0.005401
-0.005696
-0.004516
-0.005212
-0.005342
-0.005637
-0.004458
-0.006688
-0.006598
-0.007040
-0.005713
-0.006482
-0.006465
-0.006908
-0.005580
-0.008327
-0.008089
-0.008679
-0.007204
-0.008047
-0.007883
-0.008473
-0.006998
-0.010261
-0.009876
-0.010613
-0.008991
-0.009908
-0.009596
-0.010333
-0.008711
-0.012490
-0.011957
-0.012842
-0.011072
-0.012063
-0.011604
-0.012489
-0.010719
-0.015014
-0.014334
-0.015366
-0.013449
-0.014513
-0.013906
-0.014939
-0.013021
-0.017833
-0.017005
-0.018185
-0.016120
-0.017258
-0.016504
-0.017684
-0.015619
-0.013696
-0.015523
-0.013901
-0.014785
-0.014449
-0.016349
-0.014727
-0.015612
-0.011206
-0.012885
-0.011410
-0.012148
-0.011885
-0.013637
-0.012163
-0.012900
-0.009010
-0.010542
-0.009215
-0.009805
-0.009615
-0.011221
-0.009894
-0.010483
-0.007110
-0.008494
-0.007315
-0.007757
-0.007641
-0.009099
-0.007919
-0.008362
-0.005505
-0.006741
-0.005709
-0.006004
-0.005962
-0.007273
-0.006240
-0.006535
-0.004194
-0.005283
-0.004399
-0.004546
-0.004578
-0.005741
-0.004856
-0.005004
-0.003179
-0.004120
-0.003383
-0.003383
-0.003489
-0.004504
-0.003767
-0.003767
-0.002458
-0.003252
-0.002663
-0.002515
-0.002694
-0.003562
-0.002973
-0.002825
-0.002032
-0.002679
-0.002237
-0.001942
-0.002195
-0.002916
-0.002473
-0.002178
-0.001902
-0.002401
-0.002106
-0.001664
-0.001991
-0.002564
-0.002269
-0.001826
-0.002066
-0.002418
-0.002271
-0.001681
-0.002081
-0.002507
-0.002359
-0.001769
-0.002525
-0.002730
-0.002730
-0.001992
-0.002467
-0.002745
-0.002745
-0.002007
-0.003280
-0.003336
-0.003484
-0.002599
-0.003147
-0.003278
-0.003425
-0.002540
-0.004329
-0.004238
-0.004533
-0.003501
-0.004123
-0.004106
-0.004401
-0.003368
-0.005673
-0.005435
-0.005877
-0.004697
-0.005393
-0.005229
-0.005671
-0.004491
-0.007312
-0.006926
-0.007516
-0.006189
-0.006958
-0.006646
-0.007236
-0.005909
-0.009246
-0.008713
-0.009450
-0.007975
-0.008818
-0.008359
-0.009097
-0.007622
-0.011475
-0.010794
-0.011679
-0.010057
-0.010974
-0.010367
-0.011252
-0.009630
-0.013999
-0.013171
-0.014203
-0.012433
-0.013424
-0.012670
-0.013702
-0.011932
-0.016818
-0.015842
-0.017022
-0.015105
-0.016169
-0.015267
-0.016447
-0.014530
-0.012976
-0.014655
-0.013032
-0.014065
-0.013654
-0.015407
-0.013785
-0.014817
-0.010485
-0.012017
-0.010542
-0.011427
-0.011090
-0.012696
-0.011221
-0.012106
-0.008290
-0.009674
-0.008347
-0.009084
-0.008821
-0.010279
-0.008952
-0.009689
-0.006390
-0.007626
-0.006446
-0.007036
-0.006847
-0.008157
-0.006978
-0.007568
-0.004784
-0.005873
-0.004841
-0.005283
-0.005168
-0.006331
-0.005299
-0.005741
-0.003474
-0.004415
-0.003531
-0.003826
-0.003784
-0.004799
-0.003914
-0.004209
-0.002458
-0.003252
-0.002515
-0.002663
-0.002694
-0.003562
-0.002825
-0.002973
-0.001738
-0.002384
-0.001794
-0.001794
-0.001900
-0.002621
-0.002031
-0.002031
-0.001312
-0.001811
-0.001369
-0.001221
-0.001401
-0.001974
-0.001531
-0.001384
-0.001181
-0.001533
-0.001238
-0.000943
-0.001196
-0.001622
-0.001327
-0.001032
-0.001346
-0.001550
-0.001402
-0.000960
-0.001287
-0.001565
-0.001418
-0.000975
-0.001805
-0.001862
-0.001862
-0.001272
-0.001672
-0.001803
-0.001803
-0.001213
-0.002559
-0.002468
-0.002616
-0.001879
-0.002353
-0.002336
-0.002483
-0.001746
-0.003608
-0.003370
-0.003665
-0.002780
-0.003328
-0.003164
-0.003459
-0.002574
-0.004952
-0.004567
-0.005009
-0.003977
-0.004599
-0.004287
-0.004729
-0.003697
-0.006591
-0.006058
-0.006648
-0.005468
-0.006164
-0.005705
-0.006295
-0.005115
-0.008525
-0.007845
-0.008582
-0.007255
-0.008024
-0.007417
-0.008155
-0.006827
-0.010754
-0.009926
-0.010811
-0.009336
-0.010179
-0.009425
-0.010310
-0.008835
-0.013278
-0.012303
-0.013335
-0.011713
-0.012629
-0.011728
-0.012760
-0.011138
-0.016097
-0.014974
-0.016154
-0.014384
-0.015375
-0.014325
-0.015505
-0.013736
-0.012550
-0.014082
-0.012459
-0.013639
-0.013155
-0.014760
-0.013138
-0.014318
-0.010060
-0.011444
-0.009969
-0.011001
-0.010591
-0.012049
-0.010574
-0.011606
-0.007864
-0.009101
-0.007774
-0.008659
-0.008322
-0.009632
-0.008305
-0.009190
-0.005964
-0.007053
-0.005873
-0.006611
-0.006348
-0.007511
-0.006331
-0.007068
-0.004358
-0.005300
-0.004268
-0.004858
-0.004668
-0.005684
-0.004652
-0.005242
-0.003048
-0.003842
-0.002957
-0.003400
-0.003284
-0.004152
-0.003267
-0.003710
-0.002032
-0.002679
-0.001942
-0.002237
-0.002195
-0.002916
-0.002178
-0.002473
-0.001312
-0.001811
-0.001221
-0.001369
-0.001401
-0.001974
-0.001384
-0.001531
-0.000886
-0.001238
-0.000796
-0.000796
-0.000901
-0.001327
-0.000885
-0.000885
-0.000756
-0.000960
-0.000665
-0.000518
-0.000697
-0.000975
-0.000680
-0.000533
-0.000920
-0.000977
-0.000829
-0.000534
-0.000787
-0.000918
-0.000771
-0.000476
-0.001379
-0.001289
-0.001289
-0.000846
-0.001173
-0.001156
-0.001156
-0.000714
-0.002133
-0.001895
-0.002043
-0.001453
-0.001853
-0.001689
-0.001837
-0.001247
-0.003182
-0.002797
-0.003092
-0.002355
-0.002829
-0.002517
-0.002812
-0.002075
-0.004527
-0.003994
-0.004436
-0.003551
-0.004099
-0.003640
-0.004082
-0.003198
-0.006166
-0.005485
-0.006075
-0.005043
-0.005664
-0.005058
-0.005648
-0.004615
-0.008100
-0.007272
-0.008009
-0.006829
-0.007525
-0.006771
-0.007508
-0.006328
-0.010329
-0.009353
-0.010238
-0.008911
-0.009680
-0.008778
-0.009663
-0.008336
-0.012852
-0.011730
-0.012762
-0.011287
-0.012130
-0.011081
-0.012113
-0.010639
-0.015671
-0.014401
-0.015581
-0.013959
-0.014875
-0.013679
-0.014858
-0.013236
-0.012419
-0.013803
-0.012181
-0.013509
-0.012950
-0.014408
-0.012786
-0.014113
-0.009929
-0.011166
-0.009691
-0.010871
-0.010386
-0.011697
-0.010222
-0.011402
-0.007734
-0.008823
-0.007496
-0.008528
-0.008117
-0.009280
-0.007953
-0.008985
-0.005833
-0.006775
-0.005595
-0.006480
-0.006143
-0.007159
-0.005979
-0.006864
-0.004228
-0.005022
-0.003990
-0.004727
-0.004464
-0.005332
-0.004300
-0.005037
-0.002917
-0.003564
-0.002679
-0.003269
-0.003080
-0.003800
-0.002916
-0.003505
-0.001902
-0.002401
-0.001664
-0.002106
-0.001991
-0.002564
-0.001826
-0.002269
-0.001181
-0.001533
-0.000943
-0.001238
-0.001196
-0.001622
-0.001032
-0.001327
-0.000756
-0.000960
-0.000518
-0.000665
-0.000697
-0.000975
-0.000533
-0.000680
-0.000625
-0.000682
-0.000387
-0.000387
-0.000493
-0.000623
-0.000328
-0.000328
-0.000789
-0.000699
-0.000551
-0.000404
-0.000583
-0.000566
-0.000419
-0.000271
-0.001248
-0.001010
-0.001010
-0.000716
-0.000969
-0.000804
-0.000804
-0.000509
-0.002003
-0.001617
-0.001765
-0.001322
-0.001649
-0.001337
-0.001485
-0.001042
-0.003052
-0.002519
-0.002814
-0.002224
-0.002624
-0.002165
-0.002460
-0.001870
-0.004396
-0.003715
-0.004158
-0.003421
-0.003895
-0.003288
-0.003730
-0.002993
-0.006035
-0.005207
-0.005797
-0.004912
-0.005460
-0.004706
-0.005296
-0.004411
-0.007969
-0.006994
-0.007731
-0.006699
-0.007320
-0.006419
-0.007156
-0.006124
-0.010198
-0.009075
-0.009960
-0.008780
-0.009476
-0.008426
-0.009311
-0.008131
-0.012722
-0.011451
-0.012484
-0.011156
-0.011926
-0.010729
-0.011761
-0.010434
-0.015541
-0.014123
-0.015303
-0.013828
-0.014671
-0.013327
-0.014507
-0.013032
-0.012584
-0.013820
-0.012198
-0.013673
-0.013041
-0.014351
-0.012729
-0.014204
-0.010093
-0.011183
-0.009708
-0.011035
-0.010477
-0.011640
-0.010165
-0.011493
-0.007898
-0.008840
-0.007512
-0.008692
-0.008208
-0.009223
-0.007896
-0.009076
-0.005998
-0.006792
-0.005612
-0.006644
-0.006234
-0.007102
-0.005922
-0.006954
-0.004392
-0.005039
-0.004007
-0.004891
-0.004555
-0.005275
-0.004243
-0.005128
-0.003082
-0.003581
-0.002696
-0.003434
-0.003170
-0.003744
-0.002859
-0.003596
-0.002066
-0.002418
-0.001681
-0.002271
-0.002081
-0.002507
-0.001769
-0.002359
-0.001346
-0.001550
-0.000960
-0.001402
-0.001287
-0.001565
-0.000975
-0.001418
-0.000920
-0.000977
-0.000534
-0.000829
-0.000787
-0.000918
-0.000476
-0.000771
-0.000789
-0.000699
-0.000404
-0.000551
-0.000583
-0.000566
-0.000271
-0.000419
-0.000954
-0.000716
-0.000568
-0.000568
-0.000674
-0.000509
-0.000362
-0.000362
-0.001413
-0.001027
-0.001027
-0.000880
-0.001059
-0.000747
-0.000747
-0.000600
-0.002167
-0.001634
-0.001781
-0.001487
-0.001740
-0.001280
-0.001428
-0.001133
-0.003216
-0.002536
-0.002831
-0.002388
-0.002715
-0.002108
-0.002403
-0.001961
-0.004560
-0.003732
-0.004175
-0.003585
-0.003985
-0.003231
-0.003674
-0.003084
-0.006199
-0.005224
-0.005814
-0.005076
-0.005551
-0.004649
-0.005239
-0.004501
-0.008133
-0.007010
-0.007748
-0.006863
-0.007411
-0.006362
-0.007099
-0.006214
-0.010362
-0.009092
-0.009977
-0.008944
-0.009566
-0.008369
-0.009254
-0.008222
-0.012886
-0.011468
-0.012501
-0.011321
-0.012016
-0.010672
-0.011705
-0.010525
-0.015705
-0.014140
-0.015319
-0.013992
-0.014761
-0.013270
-0.014450
-0.013122
-0.013043
-0.014132
-0.012510
-0.014132
-0.013427
-0.014590
-0.012967
-0.014590
-0.010552
-0.011494
-0.010020
-0.011494
-0.010862
-0.011878
-0.010403
-0.011878
-0.008357
-0.009151
-0.007824
-0.009151
-0.008593
-0.009461
-0.008134
-0.009461
-0.006457
-0.007104
-0.005924
-0.007104
-0.006619
-0.007340
-0.006160
-0.007340
-0.004851
-0.005351
-0.004318
-0.005351
-0.004940
-0.005513
-0.004481
-0.005513
-0.003541
-0.003893
-0.003008
-0.003893
-0.003556
-0.003982
-0.003097
-0.003982
-0.002525
-0.002730
-0.001992
-0.002730
-0.002467
-0.002745
-0.002007
-0.002745
-0.001805
-0.001862
-0.001272
-0.001862
-0.001672
-0.001803
-0.001213
-0.001803
-0.001379
-0.001289
-0.000846
-0.001289
-0.001173
-0.001156
-0.000714
-0.001156
-0.001248
-0.001010
-0.000716
-0.001010
-0.000969
-0.000804
-0.000509
-0.000804
-0.001413
-0.001027
-0.000880
-0.001027
-0.001059
-0.000747
-0.000600
-0.000747
-0.001872
-0.001339
-0.001339
-0.001339
-0.001445
-0.000985
-0.000985
-0.000985
-0.002626
-0.001946
-0.002093
-0.001946
-0.002125
-0.001518
-0.001666
-0.001518
-0.003675
-0.002847
-0.003142
-0.002847
-0.003100
-0.002346
-0.002641
-0.002346
-0.005019
-0.004044
-0.004486
-0.004044
-0.004371
-0.003469
-0.003912
-0.003469
-0.006658
-0.005536
-0.006125
-0.005536
-0.005936
-0.004887
-0.005477
-0.004887
-0.008592
-0.007322
-0.008059
-0.007322
-0.007796
-0.006600
-0.007337
-0.006600
-0.010821
-0.009404
-0.010288
-0.009404
-0.009952
-0.008608
-0.009492
-0.008608
-0.013345
-0.011780
-0.012812
-0.011780
-0.012402
-0.010910
-0.011943
-0.010910
-0.016164
-0.014451
-0.015631
-0.014451
-0.015147
-0.013508
-0.014688
-0.013508
-0.013797
-0.014739
-0.013117
-0.014886
-0.014107
-0.015122
-0.013500
-0.015270
-0.011307
-0.012101
-0.010626
-0.012248
-0.011543
-0.012411
-0.010936
-0.012558
-0.009111
-0.009758
-0.008431
-0.009906
-0.009274
-0.009994
-0.008667
-0.010142
-0.007211
-0.007710
-0.006531
-0.007858
-0.007300
-0.007873
-0.006693
-0.008020
-0.005606
-0.005957
-0.004925
-0.006105
-0.005621
-0.006046
-0.005014
-0.006194
-0.004295
-0.004499
-0.003615
-0.004647
-0.004236
-0.004515
-0.003630
-0.004662
-0.003280
-0.003336
-0.002599
-0.003484
-0.003147
-0.003278
-0.002540
-0.003425
-0.002559
-0.002468
-0.001879
-0.002616
-0.002353
-0.002336
-0.001746
-0.002483
-0.002133
-0.001895
-0.001453
-0.002043
-0.001853
-0.001689
-0.001247
-0.001837
-0.002003
-0.001617
-0.001322
-0.001765
-0.001649
-0.001337
-0.001042
-0.001485
-0.002167
-0.001634
-0.001487
-0.001781
-0.001740
-0.001280
-0.001133
-0.001428
-0.002626
-0.001946
-0.001946
-0.002093
-0.002125
-0.001518
-0.001518
-0.001666
-0.003380
-0.002552
-0.002700
-0.002700
-0.002806
-0.002051
-0.002199
-0.002199
-0.004430
-0.003454
-0.003749
-0.003602
-0.003781
-0.002879
-0.003174
-0.003027
-0.005774
-0.004651
-0.005093
-0.004798
-0.005051
-0.004002
-0.004445
-0.004150
-0.007413
-0.006142
-0.006732
-0.006290
-0.006617
-0.005420
-0.006010
-0.005567
-0.009347
-0.007929
-0.008666
-0.008076
-0.008477
-0.007133
-0.007870
-0.007280
-0.011576
-0.010010
-0.010895
-0.010158
-0.010632
-0.009140
-0.010025
-0.009288
-0.014100
-0.012387
-0.013419
-0.012534
-0.013082
-0.011443
-0.012476
-0.011591
-0.016918
-0.015058
-0.016238
-0.015206
-0.015827
-0.014041
-0.015221
-0.014188
-0.014846
-0.015640
-0.014018
-0.015935
-0.015082
-0.015950
-0.014328
-0.016245
-0.012356
-0.013003
-0.011528
-0.013298
-0.012518
-0.013239
-0.011764
-0.013534
-0.010160
-0.010660
-0.009333
-0.010955
-0.010249
-0.010822
-0.009495
-0.011117
-0.008260
-0.008612
-0.007432
-0.008907
-0.008275
-0.008701
-0.007521
-0.008996
-0.006655
-0.006859
-0.005827
-0.007154
-0.006596
-0.006874
-0.005842
-0.007169
-0.005344
-0.005401
-0.004516
-0.005696
-0.005212
-0.005342
-0.004458
-0.005637
-0.004329
-0.004238
-0.003501
-0.004533
-0.004123
-0.004106
-0.003368
-0.004401
-0.003608
-0.003370
-0.002780
-0.003665
-0.003328
-0.003164
-0.002574
-0.003459
-0.003182
-0.002797
-0.002355
-0.003092
-0.002829
-0.002517
-0.002075
-0.002812
-0.003052
-0.002519
-0.002224
-0.002814
-0.002624
-0.002165
-0.001870
-0.002460
-0.003216
-0.002536
-0.002388
-0.002831
-0.002715
-0.002108
-0.001961
-0.002403
-0.003675
-0.002847
-0.002847
-0.003142
-0.003100
-0.002346
-0.002346
-0.002641
-0.004430
-0.003454
-0.003602
-0.003749
-0.003781
-0.002879
-0.003027
-0.003174
-0.005479
-0.004356
-0.004651
-0.004651
-0.004756
-0.003707
-0.004002
-0.004002
-0.006823
-0.005552
-0.005995
-0.005847
-0.006027
-0.004830
-0.005272
-0.005125
-0.008462
-0.007044
-0.007634
-0.007339
-0.007592
-0.006248
-0.006838
-0.006543
-0.010396
-0.008830
-0.009568
-0.009125
-0.009452
-0.007961
-0.008698
-0.008256
-0.012625
-0.010912
-0.011797
-0.011207
-0.011607
-0.009968
-0.010853
-0.010263
-0.015149
-0.013288
-0.014321
-0.013583
-0.014058
-0.012271
-0.013303
-0.012566
-0.017968
-0.015960
-0.017140
-0.016255
-0.016803
-0.014869
-0.016049
-0.015164
-0.016190
-0.016837
-0.015215
-0.017279
-0.016353
-0.017073
-0.015451
-0.017516
-0.013700
-0.014199
-0.012725
-0.014642
-0.013789
-0.014362
-0.012887
-0.014804
-0.011505
-0.011856
-0.010529
-0.012299
-0.011520
-0.011945
-0.010618
-0.012388
-0.009604
-0.009809
-0.008629
-0.010251
-0.009545
-0.009824
-0.008644
-0.010266
-0.007999
-0.008056
-0.007023
-0.008498
-0.007866
-0.007997
-0.006965
-0.008439
-0.006688
-0.006598
-0.005713
-0.007040
-0.006482
-0.006465
-0.005580
-0.006908
-0.005673
-0.005435
-0.004697
-0.005877
-0.005393
-0.005229
-0.004491
-0.005671
-0.004952
-0.004567
-0.003977
-0.005009
-0.004599
-0.004287
-0.003697
-0.004729
-0.004527
-0.003994
-0.003551
-0.004436
-0.004099
-0.003640
-0.003198
-0.004082
-0.004396
-0.003715
-0.003421
-0.004158
-0.003895
-0.003288
-0.002993
-0.003730
-0.004560
-0.003732
-0.003585
-0.004175
-0.003985
-0.003231
-0.003084
-0.003674
-0.005019
-0.004044
-0.004044
-0.004486
-0.004371
-0.003469
-0.003469
-0.003912
-0.005774
-0.004651
-0.004798
-0.005093
-0.005051
-0.004002
-0.004150
-0.004445
-0.006823
-0.005552
-0.005847
-0.005995
-0.006027
-0.004830
-0.005125
-0.005272
-0.008167
-0.006749
-0.007191
-0.007191
-0.007297
-0.005953
-0.006395
-0.006395
-0.009806
-0.008241
-0.008830
-0.008683
-0.008862
-0.007371
-0.007961
-0.007813
-0.011740
-0.010027
-0.010764
-0.010470
-0.010723
-0.009084
-0.009821
-0.009526
-0.013969
-0.012109
-0.012993
-0.012551
-0.012878
-0.011091
-0.011976
-0.011534
-0.016493
-0.014485
-0.015517
-0.014927
-0.015328
-0.013394
-0.014426
-0.013836
-0.019312
-0.017156
-0.018336
-0.017599
-0.018073
-0.015992
-0.017171
-0.016434
-0.017829
-0.018329
-0.016706
-0.018918
-0.017918
-0.018491
-0.016869
-0.019081
-0.015339
-0.015691
-0.014216
-0.016281
-0.015354
-0.015780
-0.014305
-0.016370
-0.013144
-0.013348
-0.012021
-0.013938
-0.013085
-0.013363
-0.012036
-0.013953
-0.011243
-0.011300
-0.010120
-0.011890
-0.011111
-0.011241
-0.010062
-0.011831
-0.009638
-0.009547
-0.008515
-0.010137
-0.009432
-0.009415
-0.008382
-0.010005
-0.008327
-0.008089
-0.007204
-0.008679
-0.008047
-0.007883
-0.006998
-0.008473
-0.007312
-0.006926
-0.006189
-0.007516
-0.006958
-0.006646
-0.005909
-0.007236
-0.006591
-0.006058
-0.005468
-0.006648
-0.006164
-0.005705
-0.005115
-0.006295
-0.006166
-0.005485
-0.005043
-0.006075
-0.005664
-0.005058
-0.004615
-0.005648
-0.006035
-0.005207
-0.004912
-0.005797
-0.005460
-0.004706
-0.004411
-0.005296
-0.006199
-0.005224
-0.005076
-0.005814
-0.005551
-0.004649
-0.004501
-0.005239
-0.006658
-0.005536
-0.005536
-0.006125
-0.005936
-0.004887
-0.004887
-0.005477
-0.007413
-0.006142
-0.006290
-0.006732
-0.006617
-0.005420
-0.005567
-0.006010
-0.008462
-0.007044
-0.007339
-0.007634
-0.007592
-0.006248
-0.006543
-0.006838
-0.009806
-0.008241
-0.008683
-0.008830
-0.008862
-0.007371
-0.007813
-0.007961
-0.011445
-0.009732
-0.010322
-0.010322
-0.010428
-0.008789
-0.009379
-0.009379
-0.013379
-0.011519
-0.012256
-0.012109
-0.012288
-0.010501
-0.011239
-0.011091
-0.015608
-0.013600
-0.014485
-0.014190
-0.014443
-0.012509
-0.013394
-0.013099
-0.018132
-0.015977
-0.017009
-0.016566
-0.016893
-0.014812
-0.015844
-0.015402
-0.020951
-0.018648
-0.019828
-0.019238
-0.019638
-0.017409
-0.018589
-0.017999
-0.019763
-0.020115
-0.018493
-0.020852
-0.019778
-0.020204
-0.018582
-0.020941
-0.017273
-0.017477
-0.016003
-0.018215
-0.017214
-0.017492
-0.016018
-0.018230
-0.015078
-0.015135
-0.013807
-0.015872
-0.014945
-0.015076
-0.013749
-0.015813
-0.013177
-0.013087
-0.011907
-0.013824
-0.012971
-0.012954
-0.011774
-0.013692
-0.011572
-0.011334
-0.010301
-0.012071
-0.011292
-0.011128
-0.010095
-0.011865
-0.010261
-0.009876
-0.008991
-0.010613
-0.009908
-0.009596
-0.008711
-0.010333
-0.009246
-0.008713
-0.007975
-0.009450
-0.008818
-0.008359
-0.007622
-0.009097
-0.008525
-0.007845
-0.007255
-0.008582
-0.008024
-0.007417
-0.006827
-0.008155
-0.008100
-0.007272
-0.006829
-0.008009
-0.007525
-0.006771
-0.006328
-0.007508
-0.007969
-0.006994
-0.006699
-0.007731
-0.007320
-0.006419
-0.006124
-0.007156
-0.008133
-0.007010
-0.006863
-0.007748
-0.007411
-0.006362
-0.006214
-0.007099
-0.008592
-0.007322
-0.007322
-0.008059
-0.007796
-0.006600
-0.006600
-0.007337
-0.009347
-0.007929
-0.008076
-0.008666
-0.008477
-0.007133
-0.007280
-0.007870
-0.010396
-0.008830
-0.009125
-0.009568
-0.009452
-0.007961
-0.008256
-0.008698
-0.011740
-0.010027
-0.010470
-0.010764
-0.010723
-0.009084
-0.009526
-0.009821
-0.013379
-0.011519
-0.012109
-0.012256
-0.012288
-0.010501
-0.011091
-0.011239
-0.015313
-0.013305
-0.014043
-0.014043
-0.014148
-0.012214
-0.012952
-0.012952
-0.017542
-0.015387
-0.016272
-0.016124
-0.016303
-0.014222
-0.015107
-0.014959
-0.020066
-0.017763
-0.018795
-0.018500
-0.018754
-0.016525
-0.017557
-0.017262
-0.022885
-0.020434
-0.021614
-0.021172
-0.021499
-0.019122
-0.020302
-0.019860
-0.021992
-0.022197
-0.020574
-0.023081
-0.021933
-0.022212
-0.020589
-0.023096
-0.019502
-0.019559
-0.018084
-0.020444
-0.019369
-0.019500
-0.018025
-0.020385
-0.017307
-0.017216
-0.015889
-0.018101
-0.017100
-0.017084
-0.015756
-0.017968
-0.015406
-0.015168
-0.013988
-0.016053
-0.015126
-0.014962
-0.013782
-0.015847
-0.013801
-0.013415
-0.012383
-0.014300
-0.013447
-0.013135
-0.012103
-0.014020
-0.012490
-0.011957
-0.011072
-0.012842
-0.012063
-0.011604
-0.010719
-0.012489
-0.011475
-0.010794
-0.010057
-0.011679
-0.010974
-0.010367
-0.009630
-0.011252
-0.010754
-0.009926
-0.009336
-0.010811
-0.010179
-0.009425
-0.008835
-0.010310
-0.010329
-0.009353
-0.008911
-0.010238
-0.009680
-0.008778
-0.008336
-0.009663
-0.010198
-0.009075
-0.008780
-0.009960
-0.009476
-0.008426
-0.008131
-0.009311
-0.010362
-0.009092
-0.008944
-0.009977
-0.009566
-0.008369
-0.008222
-0.009254
-0.010821
-0.009404
-0.009404
-0.010288
-0.009952
-0.008608
-0.008608
-0.009492
-0.011576
-0.010010
-0.010158
-0.010895
-0.010632
-0.009140
-0.009288
-0.010025
-0.012625
-0.010912
-0.011207
-0.011797
-0.011607
-0.009968
-0.010263
-0.010853
-0.013969
-0.012109
-0.012551
-0.012993
-0.012878
-0.011091
-0.011534
-0.011976
-0.015608
-0.013600
-0.014190
-0.014485
-0.014443
-0.012509
-0.013099
-0.013394
-0.017542
-0.015387
-0.016124
-0.016272
-0.016303
-0.014222
-0.014959
-0.015107
-0.019771
-0.017468
-0.018353
-0.018353
-0.018459
-0.016230
-0.017115
-0.017115
-0.022295
-0.019845
-0.020877
-0.020729
-0.020909
-0.018532
-0.019565
-0.019417
-0.025114
-0.022516
-0.023696
-0.023401
-0.023654
-0.021130
-0.022310
-0.022015
-0.024516
-0.024573
-0.022951
-0.025605
-0.024384
-0.024514
-0.022892
-0.025547
-0.022026
-0.021935
-0.020460
-0.022968
-0.021820
-0.021803
-0.020328
-0.022835
-0.019830
-0.019592
-0.018265
-0.020625
-0.019551
-0.019386
-0.018059
-0.020419
-0.017930
-0.017545
-0.016365
-0.018577
-0.017576
-0.017265
-0.016085
-0.018297
-0.016325
-0.015792
-0.014759
-0.016824
-0.015897
-0.015438
-0.014406
-0.016470
-0.015014
-0.014334
-0.013449
-0.015366
-0.014513
-0.013906
-0.013021
-0.014939
-0.013999
-0.013171
-0.012433
-0.014203
-0.013424
-0.012670
-0.011932
-0.013702
-0.013278
-0.012303
-0.011713
-0.013335
-0.012629
-0.011728
-0.011138
-0.012760
-0.012852
-0.011730
-0.011287
-0.012762
-0.012130
-0.011081
-0.010639
-0.012113
-0.012722
-0.011451
-0.011156
-0.012484
-0.011926
-0.010729
-0.010434
-0.011761
-0.012886
-0.011468
-0.011321
-0.012501
-0.012016
-0.010672
-0.010525
-0.011705
-0.013345
-0.011780
-0.011780
-0.012812
-0.012402
-0.010910
-0.010910
-0.011943
-0.014100
-0.012387
-0.012534
-0.013419
-0.013082
-0.011443
-0.011591
-0.012476
-0.015149
-0.013288
-0.013583
-0.014321
-0.014058
-0.012271
-0.012566
-0.013303
-0.016493
-0.014485
-0.014927
-0.015517
-0.015328
-0.013394
-0.013836
-0.014426
-0.018132
-0.015977
-0.016566
-0.017009
-0.016893
-0.014812
-0.015402
-0.015844
-0.020066
-0.017763
-0.018500
-0.018795
-0.018754
-0.016525
-0.017262
-0.017557
-0.022295
-0.019845
-0.020729
-0.020877
-0.020909
-0.018532
-0.019417
-0.019565
-0.024819
-0.022221
-0.023253
-0.023253
-0.023359
-0.020835
-0.021867
-0.021867
-0.027637
-0.024892
-0.026072
-0.025925
-0.026104
-0.023433
-0.024612
-0.024465
-0.027335
-0.027244
-0.025622
-0.028424
-0.027129
-0.027112
-0.025490
-0.028292
-0.024845
-0.024607
-0.023132
-0.025786
-0.024565
-0.024400
-0.022926
-0.025580
-0.022649
-0.022264
-0.020937
-0.023444
-0.022296
-0.021984
-0.020657
-0.023164
-0.020749
-0.020216
-0.019036
-0.021396
-0.020322
-0.019862
-0.018683
-0.021042
-0.019144
-0.018463
-0.017431
-0.019643
-0.018642
-0.018036
-0.017003
-0.019215
-0.017833
-0.017005
-0.016120
-0.018185
-0.017258
-0.016504
-0.015619
-0.017684
-0.016818
-0.015842
-0.015105
-0.017022
-0.016169
-0.015267
-0.014530
-0.016447
-0.016097
-0.014974
-0.014384
-0.016154
-0.015375
-0.014325
-0.013736
-0.015505
-0.015671
-0.014401
-0.013959
-0.015581
-0.014875
-0.013679
-0.013236
-0.014858
-0.015541
-0.014123
-0.013828
-0.015303
-0.014671
-0.013327
-0.013032
-0.014507
-0.015705
-0.014140
-0.013992
-0.015319
-0.014761
-0.013270
-0.013122
-0.014450
-0.016164
-0.014451
-0.014451
-0.015631
-0.015147
-0.013508
-0.013508
-0.014688
-0.016918
-0.015058
-0.015206
-0.016238
-0.015827
-0.014041
-0.014188
-0.015221
-0.017968
-0.015960
-0.016255
-0.017140
-0.016803
-0.014869
-0.015164
-0.016049
-0.019312
-0.017156
-0.017599
-0.018336
-0.018073
-0.015992
-0.016434
-0.017171
-0.020951
-0.018648
-0.019238
-0.019828
-0.019638
-0.017409
-0.017999
-0.018589
-0.022885
-0.020434
-0.021172
-0.021614
-0.021499
-0.019122
-0.019860
-0.020302
-0.025114
-0.022516
-0.023401
-0.023696
-0.023654
-0.021130
-0.022015
-0.022310
-0.027637
-0.024892
-0.025925
-0.026072
-0.026104
-0.023433
-0.024465
-0.024612
-0.030456
-0.027564
-0.028744
-0.028744
-0.028849
-0.026030
-0.027210
-0.027210
-0.024968
-0.027679
-0.025910
-0.025910
-0.026089
-0.028874
-0.027104
-0.027104
-0.022477
-0.025041
-0.023419
-0.023272
-0.023525
-0.026163
-0.024540
-0.024393
-0.020282
-0.022699
-0.021224
-0.020929
-0.021256
-0.023746
-0.022271
-0.021976
-0.018382
-0.020651
-0.019324
-0.018881
-0.019282
-0.021624
-0.020297
-0.019855
-0.016776
-0.018898
-0.017718
-0.017128
-0.017602
-0.019798
-0.018618
-0.018028
-0.015466
-0.017440
-0.016408
-0.015670
-0.016218
-0.018266
-0.017234
-0.016496
-0.014450
-0.016277
-0.015392
-0.014507
-0.015129
-0.017029
-0.016145
-0.015260
-0.013730
-0.015409
-0.014672
-0.013639
-0.014335
-0.016088
-0.015350
-0.014318
-0.013304
-0.014836
-0.014246
-0.013066
-0.013835
-0.015441
-0.014851
-0.013671
-0.013173
-0.014558
-0.014115
-0.012788
-0.013631
-0.015089
-0.014646
-0.013319
-0.013338
-0.014574
-0.014280
-0.012805
-0.013721
-0.015032
-0.014737
-0.013262
-0.013797
-0.014886
-0.014739
-0.013117
-0.014107
-0.015270
-0.015122
-0.013500
-0.014551
-0.015493
-0.015493
-0.013723
-0.014787
-0.015803
-0.015803
-0.014033
-0.015600
-0.016395
-0.016542
-0.014625
-0.015763
-0.016631
-0.016778
-0.014861
-0.016944
-0.017591
-0.017886
-0.015821
-0.017033
-0.017754
-0.018049
-0.015984
-0.018583
-0.019083
-0.019525
-0.017313
-0.018598
-0.019172
-0.019614
-0.017402
-0.020517
-0.020869
-0.021459
-0.019100
-0.020459
-0.020884
-0.021474
-0.019115
-0.022746
-0.022951
-0.023688
-0.021181
-0.022614
-0.022892
-0.023629
-0.021122
-0.025270
-0.025327
-0.026212
-0.023557
-0.025064
-0.025195
-0.026080
-0.023425
-0.028089
-0.027999
-0.029031
-0.026229
-0.027809
-0.027792
-0.028825
-0.026023
-0.022477
-0.025041
-0.023272
-0.023419
-0.023525
-0.026163
-0.024393
-0.024540
-0.019987
-0.022404
-0.020781
-0.020781
-0.020961
-0.023451
-0.021829
-0.021829
-0.017792
-0.020061
-0.018586
-0.018439
-0.018692
-0.021035
-0.019560
-0.019412
-0.015891
-0.018013
-0.016686
-0.016391
-0.016718
-0.018913
-0.017586
-0.017291
-0.014286
-0.016260
-0.015080
-0.014638
-0.015038
-0.017086
-0.015906
-0.015464
-0.012976
-0.014802
-0.013770
-0.013180
-0.013654
-0.015555
-0.014522
-0.013932
-0.011960
-0.013639
-0.012754
-0.012017
-0.012565
-0.014318
-0.013433
-0.012696
-0.011239
-0.012771
-0.012034
-0.011149
-0.011771
-0.013376
-0.012639
-0.011754
-0.010814
-0.012198
-0.011608
-0.010576
-0.011271
-0.012729
-0.012139
-0.011107
-0.010683
-0.011920
-0.011477
-0.010298
-0.011067
-0.012377
-0.011935
-0.010755
-0.010847
-0.011937
-0.011642
-0.010314
-0.011157
-0.012320
-0.012025
-0.010698
-0.011307
-0.012248
-0.012101
-0.010626
-0.011543
-0.012558
-0.012411
-0.010936
-0.012061
-0.012855
-0.012855
-0.011233
-0.012223
-0.013091
-0.013091
-0.011469
-0.013110
-0.013757
-0.013904
-0.012135
-0.013199
-0.013919
-0.014067
-0.012297
-0.014454
-0.014953
-0.015248
-0.013331
-0.014469
-0.015042
-0.015337
-0.013420
-0.016093
-0.016445
-0.016887
-0.014823
-0.016034
-0.016460
-0.016902
-0.014838
-0.018027
-0.018232
-0.018821
-0.016609
-0.017895
-0.018173
-0.018763
-0.016551
-0.020256
-0.020313
-0.021050
-0.018691
-0.020050
-0.020181
-0.020918
-0.018558
-0.022780
-0.022689
-0.023574
-0.021067
-0.022500
-0.022483
-0.023368
-0.020861
-0.025599
-0.025361
-0.026393
-0.023739
-0.025245
-0.025081
-0.026113
-0.023459
-0.020282
-0.022699
-0.020929
-0.021224
-0.021256
-0.023746
-0.021976
-0.022271
-0.017792
-0.020061
-0.018439
-0.018586
-0.018692
-0.021035
-0.019412
-0.019560
-0.015596
-0.017718
-0.016243
-0.016243
-0.016423
-0.018618
-0.017143
-0.017143
-0.013696
-0.015670
-0.014343
-0.014195
-0.014449
-0.016496
-0.015169
-0.015022
-0.012091
-0.013917
-0.012738
-0.012443
-0.012769
-0.014670
-0.013490
-0.013195
-0.010780
-0.012459
-0.011427
-0.010985
-0.011385
-0.013138
-0.012106
-0.011663
-0.009765
-0.011296
-0.010412
-0.009822
-0.010296
-0.011901
-0.011016
-0.010427
-0.009044
-0.010428
-0.009691
-0.008954
-0.009502
-0.010960
-0.010222
-0.009485
-0.008618
-0.009855
-0.009265
-0.008380
-0.009002
-0.010313
-0.009723
-0.008838
-0.008488
-0.009577
-0.009135
-0.008102
-0.008798
-0.009961
-0.009518
-0.008486
-0.008652
-0.009594
-0.009299
-0.008119
-0.008888
-0.009904
-0.009609
-0.008429
-0.009111
-0.009906
-0.009758
-0.008431
-0.009274
-0.010142
-0.009994
-0.008667
-0.009866
-0.010512
-0.010512
-0.009038
-0.009954
-0.010675
-0.010675
-0.009200
-0.010915
-0.011414
-0.011562
-0.009939
-0.010930
-0.011503
-0.011650
-0.010028
-0.012259
-0.012611
-0.012906
-0.011136
-0.012200
-0.012626
-0.012921
-0.011151
-0.013898
-0.014102
-0.014545
-0.012627
-0.013765
-0.014044
-0.014486
-0.012569
-0.015832
-0.015889
-0.016479
-0.014414
-0.015626
-0.015756
-0.016346
-0.014282
-0.018061
-0.017970
-0.018708
-0.016495
-0.017781
-0.017764
-0.018501
-0.016289
-0.020585
-0.020347
-0.021231
-0.018872
-0.020231
-0.020067
-0.020952
-0.018592
-0.023404
-0.023018
-0.024050
-0.021543
-0.022976
-0.022664
-0.023697
-0.021190
-0.018382
-0.020651
-0.018881
-0.019324
-0.019282
-0.021624
-0.019855
-0.020297
-0.015891
-0.018013
-0.016391
-0.016686
-0.016718
-0.018913
-0.017291
-0.017586
-0.013696
-0.015670
-0.014195
-0.014343
-0.014449
-0.016496
-0.015022
-0.015169
-0.011796
-0.013622
-0.012295
-0.012295
-0.012474
-0.014375
-0.013048
-0.013048
-0.010190
-0.011869
-0.010690
-0.010542
-0.010795
-0.012548
-0.011368
-0.011221
-0.008880
-0.010412
-0.009379
-0.009084
-0.009411
-0.011016
-0.009984
-0.009689
-0.007864
-0.009249
-0.008364
-0.007921
-0.008322
-0.009780
-0.008895
-0.008452
-0.007144
-0.008380
-0.007643
-0.007053
-0.007527
-0.008838
-0.008101
-0.007511
-0.006718
-0.007807
-0.007217
-0.006480
-0.007028
-0.008191
-0.007601
-0.006864
-0.006587
-0.007529
-0.007087
-0.006202
-0.006824
-0.007839
-0.007397
-0.006512
-0.006752
-0.007546
-0.007251
-0.006219
-0.006914
-0.007782
-0.007487
-0.006455
-0.007211
-0.007858
-0.007710
-0.006531
-0.007300
-0.008020
-0.007873
-0.006693
-0.007965
-0.008465
-0.008465
-0.007137
-0.007980
-0.008553
-0.008553
-0.007226
-0.009014
-0.009366
-0.009514
-0.008039
-0.008956
-0.009381
-0.009529
-0.008054
-0.010358
-0.010563
-0.010858
-0.009236
-0.010226
-0.010504
-0.010799
-0.009177
-0.011997
-0.012054
-0.012497
-0.010727
-0.011791
-0.011922
-0.012364
-0.010595
-0.013931
-0.013841
-0.014431
-0.012514
-0.013652
-0.013635
-0.014225
-0.012307
-0.016160
-0.015922
-0.016660
-0.014595
-0.015807
-0.015642
-0.016380
-0.014315
-0.018684
-0.018299
-0.019184
-0.016971
-0.018257
-0.017945
-0.018830
-0.016618
-0.021503
-0.020970
-0.022002
-0.019643
-0.021002
-0.020543
-0.021575
-0.019215
-0.016776
-0.018898
-0.017128
-0.017718
-0.017602
-0.019798
-0.018028
-0.018618
-0.014286
-0.016260
-0.014638
-0.015080
-0.015038
-0.017086
-0.015464
-0.015906
-0.012091
-0.013917
-0.012443
-0.012738
-0.012769
-0.014670
-0.013195
-0.013490
-0.010190
-0.011869
-0.010542
-0.010690
-0.010795
-0.012548
-0.011221
-0.011368
-0.008585
-0.010117
-0.008937
-0.008937
-0.009116
-0.010722
-0.009542
-0.009542
-0.007274
-0.008659
-0.007626
-0.007479
-0.007732
-0.009190
-0.008157
-0.008010
-0.006259
-0.007496
-0.006611
-0.006316
-0.006643
-0.007953
-0.007068
-0.006773
-0.005538
-0.006628
-0.005890
-0.005448
-0.005848
-0.007011
-0.006274
-0.005831
-0.005113
-0.006054
-0.005465
-0.004875
-0.005349
-0.006364
-0.005775
-0.005185
-0.004982
-0.005776
-0.005334
-0.004597
-0.005145
-0.006013
-0.005570
-0.004833
-0.005146
-0.005793
-0.005498
-0.004613
-0.005235
-0.005956
-0.005661
-0.004776
-0.005606
-0.006105
-0.005957
-0.004925
-0.005621
-0.006194
-0.006046
-0.005014
-0.006360
-0.006712
-0.006712
-0.005532
-0.006301
-0.006727
-0.006727
-0.005547
-0.007409
-0.007613
-0.007761
-0.006433
-0.007276
-0.007555
-0.007702
-0.006375
-0.008753
-0.008810
-0.009105
-0.007630
-0.008547
-0.008677
-0.008972
-0.007498
-0.010392
-0.010301
-0.010744
-0.009122
-0.010112
-0.010095
-0.010538
-0.008915
-0.012326
-0.012088
-0.012678
-0.010908
-0.011972
-0.011808
-0.012398
-0.010628
-0.014555
-0.014169
-0.014907
-0.012990
-0.014128
-0.013816
-0.014553
-0.012636
-0.017079
-0.016546
-0.017431
-0.015366
-0.016578
-0.016118
-0.017003
-0.014939
-0.019898
-0.019217
-0.020250
-0.018037
-0.019323
-0.018716
-0.019748
-0.017536
-0.015466
-0.017440
-0.015670
-0.016408
-0.016218
-0.018266
-0.016496
-0.017234
-0.012976
-0.014802
-0.013180
-0.013770
-0.013654
-0.015555
-0.013932
-0.014522
-0.010780
-0.012459
-0.010985
-0.011427
-0.011385
-0.013138
-0.011663
-0.012106
-0.008880
-0.010412
-0.009084
-0.009379
-0.009411
-0.011016
-0.009689
-0.009984
-0.007274
-0.008659
-0.007479
-0.007626
-0.007732
-0.009190
-0.008010
-0.008157
-0.005964
-0.007201
-0.006168
-0.006168
-0.006348
-0.007658
-0.006626
-0.006626
-0.004948
-0.006038
-0.005153
-0.005005
-0.005258
-0.006421
-0.005537
-0.005389
-0.004228
-0.005170
-0.004432
-0.004137
-0.004464
-0.005480
-0.004742
-0.004447
-0.003802
-0.004597
-0.004007
-0.003564
-0.003965
-0.004833
-0.004243
-0.003800
-0.003672
-0.004318
-0.003876
-0.003286
-0.003760
-0.004481
-0.004038
-0.003449
-0.003836
-0.004335
-0.004040
-0.003303
-0.003851
-0.004424
-0.004129
-0.003392
-0.004295
-0.004647
-0.004499
-0.003615
-0.004236
-0.004662
-0.004515
-0.003630
-0.005049
-0.005254
-0.005254
-0.004221
-0.004917
-0.005195
-0.005195
-0.004163
-0.006098
-0.006155
-0.006303
-0.005123
-0.005892
-0.006023
-0.006170
-0.004991
-0.007442
-0.007352
-0.007647
-0.006320
-0.007163
-0.007146
-0.007441
-0.006113
-0.009082
-0.008843
-0.009286
-0.007811
-0.008728
-0.008564
-0.009006
-0.007531
-0.011016
-0.010630
-0.011220
-0.009598
-0.010588
-0.010276
-0.010866
-0.009244
-0.013244
-0.012711
-0.013449
-0.011679
-0.012743
-0.012284
-0.013021
-0.011252
-0.015768
-0.015088
-0.015973
-0.014056
-0.015194
-0.014587
-0.015472
-0.013554
-0.018587
-0.017759
-0.018792
-0.016727
-0.017939
-0.017184
-0.018217
-0.016152
-0.014450
-0.016277
-0.014507
-0.015392
-0.015129
-0.017029
-0.015260
-0.016145
-0.011960
-0.013639
-0.012017
-0.012754
-0.012565
-0.014318
-0.012696
-0.013433
-0.009765
-0.011296
-0.009822
-0.010412
-0.010296
-0.011901
-0.010427
-0.011016
-0.007864
-0.009249
-0.007921
-0.008364
-0.008322
-0.009780
-0.008452
-0.008895
-0.006259
-0.007496
-0.006316
-0.006611
-0.006643
-0.007953
-0.006773
-0.007068
-0.004948
-0.006038
-0.005005
-0.005153
-0.005258
-0.006421
-0.005389
-0.005537
-0.003933
-0.004875
-0.003990
-0.003990
-0.004169
-0.005185
-0.004300
-0.004300
-0.003212
-0.004007
-0.003269
-0.003122
-0.003375
-0.004243
-0.003505
-0.003358
-0.002787
-0.003434
-0.002844
-0.002549
-0.002875
-0.003596
-0.003006
-0.002711
-0.002656
-0.003155
-0.002713
-0.002271
-0.002671
-0.003244
-0.002802
-0.002359
-0.002820
-0.003172
-0.002877
-0.002287
-0.002762
-0.003187
-0.002892
-0.002302
-0.003280
-0.003484
-0.003336
-0.002599
-0.003147
-0.003425
-0.003278
-0.002540
-0.004034
-0.004091
-0.004091
-0.003206
-0.003828
-0.003958
-0.003958
-0.003073
-0.005083
-0.004992
-0.005140
-0.004107
-0.004803
-0.004786
-0.004934
-0.003901
-0.006427
-0.006189
-0.006484
-0.005304
-0.006073
-0.005909
-0.006204
-0.005024
-0.008066
-0.007680
-0.008123
-0.006796
-0.007639
-0.007327
-0.007769
-0.006442
-0.010000
-0.009467
-0.010057
-0.008582
-0.009499
-0.009040
-0.009630
-0.008155
-0.012229
-0.011548
-0.012286
-0.010664
-0.011654
-0.011047
-0.011785
-0.010163
-0.014753
-0.013925
-0.014810
-0.013040
-0.014104
-0.013350
-0.014235
-0.012465
-0.017572
-0.016596
-0.017629
-0.015711
-0.016849
-0.015948
-0.016980
-0.015063
-0.013730
-0.015409
-0.013639
-0.014672
-0.014335
-0.016088
-0.014318
-0.015350
-0.011239
-0.012771
-0.011149
-0.012034
-0.011771
-0.013376
-0.011754
-0.012639
-0.009044
-0.010428
-0.008954
-0.009691
-0.009502
-0.010960
-0.009485
-0.010222
-0.007144
-0.008380
-0.007053
-0.007643
-0.007527
-0.008838
-0.007511
-0.008101
-0.005538
-0.006628
-0.005448
-0.005890
-0.005848
-0.007011
-0.005831
-0.006274
-0.004228
-0.005170
-0.004137
-0.004432
-0.004464
-0.005480
-0.004447
-0.004742
-0.003212
-0.004007
-0.003122
-0.003269
-0.003375
-0.004243
-0.003358
-0.003505
-0.002492
-0.003139
-0.002401
-0.002401
-0.002581
-0.003301
-0.002564
-0.002564
-0.002066
-0.002565
-0.001976
-0.001828
-0.002081
-0.002654
-0.002064
-0.001917
-0.001935
-0.002287
-0.001845
-0.001550
-0.001877
-0.002302
-0.001860
-0.001565
-0.002100
-0.002304
-0.002009
-0.001567
-0.001967
-0.002245
-0.001950
-0.001508
-0.002559
-0.002616
-0.002468
-0.001879
-0.002353
-0.002483
-0.002336
-0.001746
-0.003313
-0.003223
-0.003223
-0.002485
-0.003033
-0.003016
-0.003016
-0.002279
-0.004362
-0.004124
-0.004272
-0.003387
-0.004009
-0.003844
-0.003992
-0.003107
-0.005706
-0.005321
-0.005616
-0.004584
-0.005279
-0.004967
-0.005262
-0.004230
-0.007345
-0.006812
-0.007255
-0.006075
-0.006844
-0.006385
-0.006827
-0.005648
-0.009279
-0.008599
-0.009189
-0.007862
-0.008705
-0.008098
-0.008688
-0.007360
-0.011508
-0.010680
-0.011418
-0.009943
-0.010860
-0.010106
-0.010843
-0.009368
-0.014032
-0.013057
-0.013942
-0.012319
-0.013310
-0.012408
-0.013293
-0.011671
-0.016851
-0.015728
-0.016761
-0.014991
-0.016055
-0.015006
-0.016038
-0.014269
-0.013304
-0.014836
-0.013066
-0.014246
-0.013835
-0.015441
-0.013671
-0.014851
-0.010814
-0.012198
-0.010576
-0.011608
-0.011271
-0.012729
-0.011107
-0.012139
-0.008618
-0.009855
-0.008380
-0.009265
-0.009002
-0.010313
-0.008838
-0.009723
-0.006718
-0.007807
-0.006480
-0.007217
-0.007028
-0.008191
-0.006864
-0.007601
-0.005113
-0.006054
-0.004875
-0.005465
-0.005349
-0.006364
-0.005185
-0.005775
-0.003802
-0.004597
-0.003564
-0.004007
-0.003965
-0.004833
-0.003800
-0.004243
-0.002787
-0.003434
-0.002549
-0.002844
-0.002875
-0.003596
-0.002711
-0.003006
-0.002066
-0.002565
-0.001828
-0.001976
-0.002081
-0.002654
-0.001917
-0.002064
-0.001640
-0.001992
-0.001402
-0.001402
-0.001582
-0.002007
-0.001418
-0.001418
-0.001510
-0.001714
-0.001272
-0.001124
-0.001377
-0.001656
-0.001213
-0.001066
-0.001674
-0.001731
-0.001436
-0.001141
-0.001468
-0.001599
-0.001304
-0.001009
-0.002133
-0.002043
-0.001895
-0.001453
-0.001853
-0.001837
-0.001689
-0.001247
-0.002888
-0.002650
-0.002650
-0.002060
-0.002534
-0.002370
-0.002370
-0.001780
-0.003937
-0.003551
-0.003699
-0.002961
-0.003509
-0.003198
-0.003345
-0.002608
-0.005281
-0.004748
-0.005043
-0.004158
-0.004780
-0.004320
-0.004615
-0.003730
-0.006920
-0.006239
-0.006682
-0.005649
-0.006345
-0.005738
-0.006181
-0.005148
-0.008854
-0.008026
-0.008616
-0.007436
-0.008205
-0.007451
-0.008041
-0.006861
-0.011083
-0.010107
-0.010845
-0.009517
-0.010360
-0.009459
-0.010196
-0.008869
-0.013607
-0.012484
-0.013369
-0.011894
-0.012811
-0.011761
-0.012646
-0.011172
-0.016426
-0.015155
-0.016187
-0.014565
-0.015556
-0.014359
-0.015391
-0.013769
-0.013173
-0.014558
-0.012788
-0.014115
-0.013631
-0.015089
-0.013319
-0.014646
-0.010683
-0.011920
-0.010298
-0.011477
-0.011067
-0.012377
-0.010755
-0.011935
-0.008488
-0.009577
-0.008102
-0.009135
-0.008798
-0.009961
-0.008486
-0.009518
-0.006587
-0.007529
-0.006202
-0.007087
-0.006824
-0.007839
-0.006512
-0.007397
-0.004982
-0.005776
-0.004597
-0.005334
-0.005145
-0.006013
-0.004833
-0.005570
-0.003672
-0.004318
-0.003286
-0.003876
-0.003760
-0.004481
-0.003449
-0.004038
-0.002656
-0.003155
-0.002271
-0.002713
-0.002671
-0.003244
-0.002359
-0.002802
-0.001935
-0.002287
-0.001550
-0.001845
-0.001877
-0.002302
-0.001565
-0.001860
-0.001510
-0.001714
-0.001124
-0.001272
-0.001377
-0.001656
-0.001066
-0.001213
-0.001379
-0.001436
-0.000994
-0.000994
-0.001173
-0.001304
-0.000861
-0.000861
-0.001543
-0.001453
-0.001158
-0.001010
-0.001264
-0.001247
-0.000952
-0.000804
-0.002003
-0.001765
-0.001617
-0.001322
-0.001649
-0.001485
-0.001337
-0.001042
-0.002757
-0.002371
-0.002371
-0.001929
-0.002329
-0.002018
-0.002018
-0.001575
-0.003806
-0.003273
-0.003421
-0.002831
-0.003305
-0.002846
-0.002993
-0.002403
-0.005150
-0.004470
-0.004765
-0.004027
-0.004575
-0.003969
-0.004263
-0.003526
-0.006789
-0.005961
-0.006404
-0.005519
-0.006141
-0.005386
-0.005829
-0.004944
-0.008723
-0.007748
-0.008338
-0.007305
-0.008001
-0.007099
-0.007689
-0.006657
-0.010952
-0.009829
-0.010567
-0.009387
-0.010156
-0.009107
-0.009844
-0.008664
-0.013476
-0.012206
-0.013090
-0.011763
-0.012606
-0.011410
-0.012294
-0.010967
-0.016295
-0.014877
-0.015909
-0.014435
-0.015351
-0.014007
-0.015040
-0.013565
-0.013338
-0.014574
-0.012805
-0.014280
-0.013721
-0.015032
-0.013262
-0.014737
-0.010847
-0.011937
-0.010314
-0.011642
-0.011157
-0.012320
-0.010698
-0.012025
-0.008652
-0.009594
-0.008119
-0.009299
-0.008888
-0.009904
-0.008429
-0.009609
-0.006752
-0.007546
-0.006219
-0.007251
-0.006914
-0.007782
-0.006455
-0.007487
-0.005146
-0.005793
-0.004613
-0.005498
-0.005235
-0.005956
-0.004776
-0.005661
-0.003836
-0.004335
-0.003303
-0.004040
-0.003851
-0.004424
-0.003392
-0.004129
-0.002820
-0.003172
-0.002287
-0.002877
-0.002762
-0.003187
-0.002302
-0.002892
-0.002100
-0.002304
-0.001567
-0.002009
-0.001967
-0.002245
-0.001508
-0.001950
-0.001674
-0.001731
-0.001141
-0.001436
-0.001468
-0.001599
-0.001009
-0.001304
-0.001543
-0.001453
-0.001010
-0.001158
-0.001264
-0.001247
-0.000804
-0.000952
-0.001708
-0.001470
-0.001175
-0.001175
-0.001354
-0.001190
-0.000895
-0.000895
-0.002167
-0.001781
-0.001634
-0.001487
-0.001740
-0.001428
-0.001280
-0.001133
-0.002921
-0.002388
-0.002388
-0.002093
-0.002420
-0.001961
-0.001961
-0.001666
-0.003970
-0.003290
-0.003437
-0.002995
-0.003395
-0.002789
-0.002936
-0.002494
-0.005314
-0.004486
-0.004781
-0.004191
-0.004666
-0.003912
-0.004207
-0.003617
-0.006953
-0.005978
-0.006420
-0.005683
-0.006231
-0.005329
-0.005772
-0.005034
-0.008887
-0.007765
-0.008354
-0.007470
-0.008091
-0.007042
-0.007632
-0.006747
-0.011116
-0.009846
-0.010583
-0.009551
-0.010247
-0.009050
-0.009787
-0.008755
-0.013640
-0.012222
-0.013107
-0.011927
-0.012697
-0.011353
-0.012237
-0.011058
-0.016459
-0.014894
-0.015926
-0.014599
-0.015442
-0.013950
-0.014983
-0.013655
-0.013797
-0.014886
-0.013117
-0.014739
-0.014107
-0.015270
-0.013500
-0.015122
-0.011307
-0.012248
-0.010626
-0.012101
-0.011543
-0.012558
-0.010936
-0.012411
-0.009111
-0.009906
-0.008431
-0.009758
-0.009274
-0.010142
-0.008667
-0.009994
-0.007211
-0.007858
-0.006531
-0.007710
-0.007300
-0.008020
-0.006693
-0.007873
-0.005606
-0.006105
-0.004925
-0.005957
-0.005621
-0.006194
-0.005014
-0.006046
-0.004295
-0.004647
-0.003615
-0.004499
-0.004236
-0.004662
-0.003630
-0.004515
-0.003280
-0.003484
-0.002599
-0.003336
-0.003147
-0.003425
-0.002540
-0.003278
-0.002559
-0.002616
-0.001879
-0.002468
-0.002353
-0.002483
-0.001746
-0.002336
-0.002133
-0.002043
-0.001453
-0.001895
-0.001853
-0.001837
-0.001247
-0.001689
-0.002003
-0.001765
-0.001322
-0.001617
-0.001649
-0.001485
-0.001042
-0.001337
-0.002167
-0.001781
-0.001487
-0.001634
-0.001740
-0.001428
-0.001133
-0.001280
-0.002626
-0.002093
-0.001946
-0.001946
-0.002125
-0.001666
-0.001518
-0.001518
-0.003380
-0.002700
-0.002700
-0.002552
-0.002806
-0.002199
-0.002199
-0.002051
-0.004430
-0.003602
-0.003749
-0.003454
-0.003781
-0.003027
-0.003174
-0.002879
-0.005774
-0.004798
-0.005093
-0.004651
-0.005051
-0.004150
-0.004445
-0.004002
-0.007413
-0.006290
-0.006732
-0.006142
-0.006617
-0.005567
-0.006010
-0.005420
-0.009347
-0.008076
-0.008666
-0.007929
-0.008477
-0.007280
-0.007870
-0.007133
-0.011576
-0.010158
-0.010895
-0.010010
-0.010632
-0.009288
-0.010025
-0.009140
-0.014100
-0.012534
-0.013419
-0.012387
-0.013082
-0.011591
-0.012476
-0.011443
-0.016918
-0.015206
-0.016238
-0.015058
-0.015827
-0.014188
-0.015221
-0.014041
-0.014551
-0.015493
-0.013723
-0.015493
-0.014787
-0.015803
-0.014033
-0.015803
-0.012061
-0.012855
-0.011233
-0.012855
-0.012223
-0.013091
-0.011469
-0.013091
-0.009866
-0.010512
-0.009038
-0.010512
-0.009954
-0.010675
-0.009200
-0.010675
-0.007965
-0.008465
-0.007137
-0.008465
-0.007980
-0.008553
-0.007226
-0.008553
-0.006360
-0.006712
-0.005532
-0.006712
-0.006301
-0.006727
-0.005547
-0.006727
-0.005049
-0.005254
-0.004221
-0.005254
-0.004917
-0.005195
-0.004163
-0.005195
-0.004034
-0.004091
-0.003206
-0.004091
-0.003828
-0.003958
-0.003073
-0.003958
-0.003313
-0.003223
-0.002485
-0.003223
-0.003033
-0.003016
-0.002279
-0.003016
-0.002888
-0.002650
-0.002060
-0.002650
-0.002534
-0.002370
-0.001780
-0.002370
-0.002757
-0.002371
-0.001929
-0.002371
-0.002329
-0.002018
-0.001575
-0.002018
-0.002921
-0.002388
-0.002093
-0.002388
-0.002420
-0.001961
-0.001666
-0.001961
-0.003380
-0.002700
-0.002552
-0.002700
-0.002806
-0.002199
-0.002051
-0.002199
-0.004135
-0.003307
-0.003307
-0.003307
-0.003486
-0.002732
-0.002732
-0.002732
-0.005184
-0.004208
-0.004356
-0.004208
-0.004461
-0.003560
-0.003707
-0.003560
-0.006528
-0.005405
-0.005700
-0.005405
-0.005732
-0.004683
-0.004978
-0.004683
-0.008167
-0.006896
-0.007339
-0.006896
-0.007297
-0.006100
-0.006543
-0.006100
-0.010101
-0.008683
-0.009273
-0.008683
-0.009157
-0.007813
-0.008403
-0.007813
-0.012330
-0.010764
-0.011502
-0.010764
-0.011313
-0.009821
-0.010558
-0.009821
-0.014854
-0.013141
-0.014026
-0.013141
-0.013763
-0.012124
-0.013008
-0.012124
-0.017673
-0.015812
-0.016845
-0.015812
-0.016508
-0.014721
-0.015754
-0.014721
-0.015600
-0.016395
-0.014625
-0.016542
-0.015763
-0.016631
-0.014861
-0.016778
-0.013110
-0.013757
-0.012135
-0.013904
-0.013199
-0.013919
-0.012297
-0.014067
-0.010915
-0.011414
-0.009939
-0.011562
-0.010930
-0.011503
-0.010028
-0.011650
-0.009014
-0.009366
-0.008039
-0.009514
-0.008956
-0.009381
-0.008054
-0.009529
-0.007409
-0.007613
-0.006433
-0.007761
-0.007276
-0.007555
-0.006375
-0.007702
-0.006098
-0.006155
-0.005123
-0.006303
-0.005892
-0.006023
-0.004991
-0.006170
-0.005083
-0.004992
-0.004107
-0.005140
-0.004803
-0.004786
-0.003901
-0.004934
-0.004362
-0.004124
-0.003387
-0.004272
-0.004009
-0.003844
-0.003107
-0.003992
-0.003937
-0.003551
-0.002961
-0.003699
-0.003509
-0.003198
-0.002608
-0.003345
-0.003806
-0.003273
-0.002831
-0.003421
-0.003305
-0.002846
-0.002403
-0.002993
-0.003970
-0.003290
-0.002995
-0.003437
-0.003395
-0.002789
-0.002494
-0.002936
-0.004430
-0.003602
-0.003454
-0.003749
-0.003781
-0.003027
-0.002879
-0.003174
-0.005184
-0.004208
-0.004208
-0.004356
-0.004461
-0.003560
-0.003560
-0.003707
-0.006233
-0.005110
-0.005257
-0.005257
-0.005437
-0.004388
-0.004535
-0.004535
-0.007577
-0.006307
-0.006602
-0.006454
-0.006707
-0.005511
-0.005805
-0.005658
-0.009216
-0.007798
-0.008241
-0.007946
-0.008272
-0.006928
-0.007371
-0.007076
-0.011150
-0.009585
-0.010175
-0.009732
-0.010133
-0.008641
-0.009231
-0.008789
-0.013379
-0.011666
-0.012404
-0.011814
-0.012288
-0.010649
-0.011386
-0.010796
-0.015903
-0.014043
-0.014927
-0.014190
-0.014738
-0.012952
-0.013836
-0.013099
-0.018722
-0.016714
-0.017746
-0.016861
-0.017483
-0.015549
-0.016582
-0.015697
-0.016944
-0.017591
-0.015821
-0.017886
-0.017033
-0.017754
-0.015984
-0.018049
-0.014454
-0.014953
-0.013331
-0.015248
-0.014469
-0.015042
-0.013420
-0.015337
-0.012259
-0.012611
-0.011136
-0.012906
-0.012200
-0.012626
-0.011151
-0.012921
-0.010358
-0.010563
-0.009236
-0.010858
-0.010226
-0.010504
-0.009177
-0.010799
-0.008753
-0.008810
-0.007630
-0.009105
-0.008547
-0.008677
-0.007498
-0.008972
-0.007442
-0.007352
-0.006320
-0.007647
-0.007163
-0.007146
-0.006113
-0.007441
-0.006427
-0.006189
-0.005304
-0.006484
-0.006073
-0.005909
-0.005024
-0.006204
-0.005706
-0.005321
-0.004584
-0.005616
-0.005279
-0.004967
-0.004230
-0.005262
-0.005281
-0.004748
-0.004158
-0.005043
-0.004780
-0.004320
-0.003730
-0.004615
-0.005150
-0.004470
-0.004027
-0.004765
-0.004575
-0.003969
-0.003526
-0.004263
-0.005314
-0.004486
-0.004191
-0.004781
-0.004666
-0.003912
-0.003617
-0.004207
-0.005774
-0.004798
-0.004651
-0.005093
-0.005051
-0.004150
-0.004002
-0.004445
-0.006528
-0.005405
-0.005405
-0.005700
-0.005732
-0.004683
-0.004683
-0.004978
-0.007577
-0.006307
-0.006454
-0.006602
-0.006707
-0.005511
-0.005658
-0.005805
-0.008921
-0.007503
-0.007798
-0.007798
-0.007977
-0.006633
-0.006928
-0.006928
-0.010560
-0.008995
-0.009437
-0.009290
-0.009543
-0.008051
-0.008494
-0.008346
-0.012494
-0.010781
-0.011371
-0.011076
-0.011403
-0.009764
-0.010354
-0.010059
-0.014723
-0.012863
-0.013600
-0.013158
-0.013558
-0.011772
-0.012509
-0.012067
-0.017247
-0.015239
-0.016124
-0.015534
-0.016008
-0.014074
-0.014959
-0.014369
-0.020066
-0.017911
-0.018943
-0.018206
-0.018754
-0.016672
-0.017704
-0.016967
-0.018583
-0.019083
-0.017313
-0.019525
-0.018598
-0.019172
-0.017402
-0.019614
-0.016093
-0.016445
-0.014823
-0.016887
-0.016034
-0.016460
-0.014838
-0.016902
-0.013898
-0.014102
-0.012627
-0.014545
-0.013765
-0.014044
-0.012569
-0.014486
-0.011997
-0.012054
-0.010727
-0.012497
-0.011791
-0.011922
-0.010595
-0.012364
-0.010392
-0.010301
-0.009122
-0.010744
-0.010112
-0.010095
-0.008915
-0.010538
-0.009082
-0.008843
-0.007811
-0.009286
-0.008728
-0.008564
-0.007531
-0.009006
-0.008066
-0.007680
-0.006796
-0.008123
-0.007639
-0.007327
-0.006442
-0.007769
-0.007345
-0.006812
-0.006075
-0.007255
-0.006844
-0.006385
-0.005648
-0.006827
-0.006920
-0.006239
-0.005649
-0.006682
-0.006345
-0.005738
-0.005148
-0.006181
-0.006789
-0.005961
-0.005519
-0.006404
-0.006141
-0.005386
-0.004944
-0.005829
-0.006953
-0.005978
-0.005683
-0.006420
-0.006231
-0.005329
-0.005034
-0.005772
-0.007413
-0.006290
-0.006142
-0.006732
-0.006617
-0.005567
-0.005420
-0.006010
-0.008167
-0.006896
-0.006896
-0.007339
-0.007297
-0.006100
-0.006100
-0.006543
-0.009216
-0.007798
-0.007946
-0.008241
-0.008272
-0.006928
-0.007076
-0.007371
-0.010560
-0.008995
-0.009290
-0.009437
-0.009543
-0.008051
-0.008346
-0.008494
-0.012199
-0.010486
-0.010929
-0.010929
-0.011108
-0.009469
-0.009911
-0.009911
-0.014133
-0.012273
-0.012863
-0.012715
-0.012968
-0.011182
-0.011772
-0.011624
-0.016362
-0.014354
-0.015092
-0.014797
-0.015124
-0.013190
-0.013927
-0.013632
-0.018886
-0.016731
-0.017616
-0.017173
-0.017574
-0.015492
-0.016377
-0.015935
-0.021705
-0.019402
-0.020434
-0.019845
-0.020319
-0.018090
-0.019122
-0.018532
-0.020517
-0.020869
-0.019100
-0.021459
-0.020459
-0.020884
-0.019115
-0.021474
-0.018027
-0.018232
-0.016609
-0.018821
-0.017895
-0.018173
-0.016551
-0.018763
-0.015832
-0.015889
-0.014414
-0.016479
-0.015626
-0.015756
-0.014282
-0.016346
-0.013931
-0.013841
-0.012514
-0.014431
-0.013652
-0.013635
-0.012307
-0.014225
-0.012326
-0.012088
-0.010908
-0.012678
-0.011972
-0.011808
-0.010628
-0.012398
-0.011016
-0.010630
-0.009598
-0.011220
-0.010588
-0.010276
-0.009244
-0.010866
-0.010000
-0.009467
-0.008582
-0.010057
-0.009499
-0.009040
-0.008155
-0.009630
-0.009279
-0.008599
-0.007862
-0.009189
-0.008705
-0.008098
-0.007360
-0.008688
-0.008854
-0.008026
-0.007436
-0.008616
-0.008205
-0.007451
-0.006861
-0.008041
-0.008723
-0.007748
-0.007305
-0.008338
-0.008001
-0.007099
-0.006657
-0.007689
-0.008887
-0.007765
-0.007470
-0.008354
-0.008091
-0.007042
-0.006747
-0.007632
-0.009347
-0.008076
-0.007929
-0.008666
-0.008477
-0.007280
-0.007133
-0.007870
-0.010101
-0.008683
-0.008683
-0.009273
-0.009157
-0.007813
-0.007813
-0.008403
-0.011150
-0.009585
-0.009732
-0.010175
-0.010133
-0.008641
-0.008789
-0.009231
-0.012494
-0.010781
-0.011076
-0.011371
-0.011403
-0.009764
-0.010059
-0.010354
-0.014133
-0.012273
-0.012715
-0.012863
-0.012968
-0.011182
-0.011624
-0.011772
-0.016067
-0.014059
-0.014649
-0.014649
-0.014829
-0.012895
-0.013485
-0.013485
-0.018296
-0.016141
-0.016878
-0.016731
-0.016984
-0.014902
-0.015640
-0.015492
-0.020820
-0.018517
-0.019402
-0.019107
-0.019434
-0.017205
-0.018090
-0.017795
-0.023639
-0.021189
-0.022221
-0.021779
-0.022179
-0.019803
-0.020835
-0.020393
-0.022746
-0.022951
-0.021181
-0.023688
-0.022614
-0.022892
-0.021122
-0.023629
-0.020256
-0.020313
-0.018691
-0.021050
-0.020050
-0.020181
-0.018558
-0.020918
-0.018061
-0.017970
-0.016495
-0.018708
-0.017781
-0.017764
-0.016289
-0.018501
-0.016160
-0.015922
-0.014595
-0.016660
-0.015807
-0.015642
-0.014315
-0.016380
-0.014555
-0.014169
-0.012990
-0.014907
-0.014128
-0.013816
-0.012636
-0.014553
-0.013244
-0.012711
-0.011679
-0.013449
-0.012743
-0.012284
-0.011252
-0.013021
-0.012229
-0.011548
-0.010664
-0.012286
-0.011654
-0.011047
-0.010163
-0.011785
-0.011508
-0.010680
-0.009943
-0.011418
-0.010860
-0.010106
-0.009368
-0.010843
-0.011083
-0.010107
-0.009517
-0.010845
-0.010360
-0.009459
-0.008869
-0.010196
-0.010952
-0.009829
-0.009387
-0.010567
-0.010156
-0.009107
-0.008664
-0.009844
-0.011116
-0.009846
-0.009551
-0.010583
-0.010247
-0.009050
-0.008755
-0.009787
-0.011576
-0.010158
-0.010010
-0.010895
-0.010632
-0.009288
-0.009140
-0.010025
-0.012330
-0.010764
-0.010764
-0.011502
-0.011313
-0.009821
-0.009821
-0.010558
-0.013379
-0.011666
-0.011814
-0.012404
-0.012288
-0.010649
-0.010796
-0.011386
-0.014723
-0.012863
-0.013158
-0.013600
-0.013558
-0.011772
-0.012067
-0.012509
-0.016362
-0.014354
-0.014797
-0.015092
-0.015124
-0.013190
-0.013632
-0.013927
-0.018296
-0.016141
-0.016731
-0.016878
-0.016984
-0.014902
-0.015492
-0.015640
-0.020525
-0.018222
-0.018960
-0.018960
-0.019139
-0.016910
-0.017647
-0.017647
-0.023049
-0.020599
-0.021484
-0.021336
-0.021589
-0.019213
-0.020098
-0.019950
-0.025868
-0.023270
-0.024302
-0.024008
-0.024334
-0.021810
-0.022843
-0.022548
-0.025270
-0.025327
-0.023557
-0.026212
-0.025064
-0.025195
-0.023425
-0.026080
-0.022780
-0.022689
-0.021067
-0.023574
-0.022500
-0.022483
-0.020861
-0.023368
-0.020585
-0.020347
-0.018872
-0.021231
-0.020231
-0.020067
-0.018592
-0.020952
-0.018684
-0.018299
-0.016971
-0.019184
-0.018257
-0.017945
-0.016618
-0.018830
-0.017079
-0.016546
-0.015366
-0.017431
-0.016578
-0.016118
-0.014939
-0.017003
-0.015768
-0.015088
-0.014056
-0.015973
-0.015194
-0.014587
-0.013554
-0.015472
-0.014753
-0.013925
-0.013040
-0.014810
-0.014104
-0.013350
-0.012465
-0.014235
-0.014032
-0.013057
-0.012319
-0.013942
-0.013310
-0.012408
-0.011671
-0.013293
-0.013607
-0.012484
-0.011894
-0.013369
-0.012811
-0.011761
-0.011172
-0.012646
-0.013476
-0.012206
-0.011763
-0.013090
-0.012606
-0.011410
-0.010967
-0.012294
-0.013640
-0.012222
-0.011927
-0.013107
-0.012697
-0.011353
-0.011058
-0.012237
-0.014100
-0.012534
-0.012387
-0.013419
-0.013082
-0.011591
-0.011443
-0.012476
-0.014854
-0.013141
-0.013141
-0.014026
-0.013763
-0.012124
-0.012124
-0.013008
-0.015903
-0.014043
-0.014190
-0.014927
-0.014738
-0.012952
-0.013099
-0.013836
-0.017247
-0.015239
-0.015534
-0.016124
-0.016008
-0.014074
-0.014369
-0.014959
-0.018886
-0.016731
-0.017173
-0.017616
-0.017574
-0.015492
-0.015935
-0.016377
-0.020820
-0.018517
-0.019107
-0.019402
-0.019434
-0.017205
-0.017795
-0.018090
-0.023049
-0.020599
-0.021336
-0.021484
-0.021589
-0.019213
-0.019950
-0.020098
-0.025573
-0.022975
-0.023860
-0.023860
-0.024039
-0.021515
-0.022400
-0.022400
-0.028392
-0.025647
-0.026679
-0.026531
-0.026784
-0.024113
-0.025145
-0.024998
-0.028089
-0.027999
-0.026229
-0.029031
-0.027809
-0.027792
-0.026023
-0.028825
-0.025599
-0.025361
-0.023739
-0.026393
-0.025245
-0.025081
-0.023459
-0.026113
-0.023404
-0.023018
-0.021543
-0.024050
-0.022976
-0.022664
-0.021190
-0.023697
-0.021503
-0.020970
-0.019643
-0.022002
-0.021002
-0.020543
-0.019215
-0.021575
-0.019898
-0.019217
-0.018037
-0.020250
-0.019323
-0.018716
-0.017536
-0.019748
-0.018587
-0.017759
-0.016727
-0.018792
-0.017939
-0.017184
-0.016152
-0.018217
-0.017572
-0.016596
-0.015711
-0.017629
-0.016849
-0.015948
-0.015063
-0.016980
-0.016851
-0.015728
-0.014991
-0.016761
-0.016055
-0.015006
-0.014269
-0.016038
-0.016426
-0.015155
-0.014565
-0.016187
-0.015556
-0.014359
-0.013769
-0.015391
-0.016295
-0.014877
-0.014435
-0.015909
-0.015351
-0.014007
-0.013565
-0.015040
-0.016459
-0.014894
-0.014599
-0.015926
-0.015442
-0.013950
-0.013655
-0.014983
-0.016918
-0.015206
-0.015058
-0.016238
-0.015827
-0.014188
-0.014041
-0.015221
-0.017673
-0.015812
-0.015812
-0.016845
-0.016508
-0.014721
-0.014721
-0.015754
-0.018722
-0.016714
-0.016861
-0.017746
-0.017483
-0.015549
-0.015697
-0.016582
-0.020066
-0.017911
-0.018206
-0.018943
-0.018754
-0.016672
-0.016967
-0.017704
-0.021705
-0.019402
-0.019845
-0.020434
-0.020319
-0.018090
-0.018532
-0.019122
-0.023639
-0.021189
-0.021779
-0.022221
-0.022179
-0.019803
-0.020393
-0.020835
-0.025868
-0.023270
-0.024008
-0.024302
-0.024334
-0.021810
-0.022548
-0.022843
-0.028392
-0.025647
-0.026531
-0.026679
-0.026784
-0.024113
-0.024998
-0.025145
-0.031211
-0.028318
-0.029350
-0.029350
-0.029530
-0.026711
-0.027743
-0.027743
-0.026017
-0.028728
-0.026811
-0.026811
-0.027064
-0.029849
-0.027932
-0.027932
-0.023527
-0.026091
-0.024321
-0.024173
-0.024500
-0.027138
-0.025368
-0.025221
-0.021331
-0.023748
-0.022126
-0.021831
-0.022231
-0.024721
-0.023099
-0.022804
-0.019431
-0.021700
-0.020225
-0.019783
-0.020257
-0.022600
-0.021125
-0.020683
-0.017825
-0.019947
-0.018620
-0.018030
-0.018578
-0.020773
-0.019446
-0.018856
-0.016515
-0.018489
-0.017309
-0.016572
-0.017194
-0.019241
-0.018062
-0.017324
-0.015499
-0.017326
-0.016294
-0.015409
-0.016104
-0.018005
-0.016972
-0.016088
-0.014779
-0.016458
-0.015573
-0.014541
-0.015310
-0.017063
-0.016178
-0.015146
-0.014353
-0.015885
-0.015148
-0.013968
-0.014811
-0.016416
-0.015679
-0.014499
-0.014223
-0.015607
-0.015017
-0.013690
-0.014606
-0.016064
-0.015474
-0.014147
-0.014387
-0.015624
-0.015181
-0.013706
-0.014697
-0.016007
-0.015565
-0.014090
-0.014846
-0.015935
-0.015640
-0.014018
-0.015082
-0.016245
-0.015950
-0.014328
-0.015600
-0.016542
-0.016395
-0.014625
-0.015763
-0.016778
-0.016631
-0.014861
-0.016649
-0.017444
-0.017444
-0.015527
-0.016738
-0.017606
-0.017606
-0.015689
-0.017994
-0.018640
-0.018788
-0.016723
-0.018009
-0.018729
-0.018877
-0.016812
-0.019633
-0.020132
-0.020427
-0.018215
-0.019574
-0.020147
-0.020442
-0.018230
-0.021567
-0.021918
-0.022361
-0.020001
-0.021434
-0.021860
-0.022302
-0.019943
-0.023796
-0.024000
-0.024590
-0.022083
-0.023589
-0.023867
-0.024457
-0.021950
-0.026319
-0.026376
-0.027114
-0.024459
-0.026040
-0.026170
-0.026908
-0.024253
-0.029138
-0.029048
-0.029933
-0.027131
-0.028785
-0.028768
-0.029653
-0.026851
-0.023527
-0.026091
-0.024173
-0.024321
-0.024500
-0.027138
-0.025221
-0.025368
-0.021036
-0.023453
-0.021683
-0.021683
-0.021936
-0.024426
-0.022657
-0.022657
-0.018841
-0.021110
-0.019488
-0.019340
-0.019667
-0.022010
-0.020388
-0.020240
-0.016941
-0.019062
-0.017587
-0.017292
-0.017693
-0.019888
-0.018414
-0.018119
-0.015335
-0.017309
-0.015982
-0.015540
-0.016014
-0.018062
-0.016734
-0.016292
-0.014025
-0.015851
-0.014672
-0.014082
-0.014630
-0.016530
-0.015350
-0.014760
-0.013009
-0.014688
-0.013656
-0.012919
-0.013540
-0.015293
-0.014261
-0.013524
-0.012289
-0.013820
-0.012935
-0.012051
-0.012746
-0.014351
-0.013467
-0.012582
-0.011863
-0.013247
-0.012510
-0.011477
-0.012247
-0.013705
-0.012967
-0.011935
-0.011732
-0.012969
-0.012379
-0.011199
-0.012042
-0.013353
-0.012763
-0.011583
-0.011897
-0.012986
-0.012543
-0.011216
-0.012133
-0.013296
-0.012853
-0.011526
-0.012356
-0.013298
-0.013003
-0.011528
-0.012518
-0.013534
-0.013239
-0.011764
-0.013110
-0.013904
-0.013757
-0.012135
-0.013199
-0.014067
-0.013919
-0.012297
-0.014159
-0.014806
-0.014806
-0.013036
-0.014174
-0.014895
-0.014895
-0.013125
-0.015503
-0.016003
-0.016150
-0.014233
-0.015445
-0.016018
-0.016165
-0.014248
-0.017142
-0.017494
-0.017789
-0.015724
-0.017010
-0.017435
-0.017730
-0.015666
-0.019076
-0.019281
-0.019723
-0.017511
-0.018870
-0.019148
-0.019591
-0.017379
-0.021305
-0.021362
-0.021952
-0.019592
-0.021025
-0.021156
-0.021746
-0.019386
-0.023829
-0.023739
-0.024476
-0.021969
-0.023475
-0.023459
-0.024196
-0.021689
-0.026648
-0.026410
-0.027295
-0.024640
-0.026221
-0.026056
-0.026941
-0.024287
-0.021331
-0.023748
-0.021831
-0.022126
-0.022231
-0.024721
-0.022804
-0.023099
-0.018841
-0.021110
-0.019340
-0.019488
-0.019667
-0.022010
-0.020240
-0.020388
-0.016646
-0.018767
-0.017145
-0.017145
-0.017398
-0.019593
-0.017971
-0.017971
-0.014745
-0.016719
-0.015245
-0.015097
-0.015424
-0.017472
-0.015997
-0.015850
-0.013140
-0.014966
-0.013639
-0.013344
-0.013745
-0.015645
-0.014318
-0.014023
-0.011829
-0.013509
-0.012329
-0.011886
-0.012361
-0.014113
-0.012934
-0.012491
-0.010814
-0.012346
-0.011313
-0.010723
-0.011271
-0.012877
-0.011844
-0.011254
-0.010093
-0.011477
-0.010593
-0.009855
-0.010477
-0.011935
-0.011050
-0.010313
-0.009668
-0.010904
-0.010167
-0.009282
-0.009978
-0.011288
-0.010551
-0.009666
-0.009537
-0.010626
-0.010036
-0.009004
-0.009773
-0.010936
-0.010346
-0.009314
-0.009701
-0.010643
-0.010201
-0.009021
-0.009864
-0.010879
-0.010437
-0.009257
-0.010160
-0.010955
-0.010660
-0.009333
-0.010249
-0.011117
-0.010822
-0.009495
-0.010915
-0.011562
-0.011414
-0.009939
-0.010930
-0.011650
-0.011503
-0.010028
-0.011964
-0.012463
-0.012463
-0.010841
-0.011905
-0.012478
-0.012478
-0.010856
-0.013308
-0.013660
-0.013807
-0.012038
-0.013175
-0.013601
-0.013749
-0.011979
-0.014947
-0.015151
-0.015446
-0.013529
-0.014741
-0.015019
-0.015314
-0.013397
-0.016881
-0.016938
-0.017380
-0.015316
-0.016601
-0.016732
-0.017174
-0.015109
-0.019110
-0.019019
-0.019609
-0.017397
-0.018756
-0.018739
-0.019329
-0.017117
-0.021634
-0.021396
-0.022133
-0.019774
-0.021206
-0.021042
-0.021780
-0.019420
-0.024453
-0.024067
-0.024952
-0.022445
-0.023952
-0.023640
-0.024525
-0.022018
-0.019431
-0.021700
-0.019783
-0.020225
-0.020257
-0.022600
-0.020683
-0.021125
-0.016941
-0.019062
-0.017292
-0.017587
-0.017693
-0.019888
-0.018119
-0.018414
-0.014745
-0.016719
-0.015097
-0.015245
-0.015424
-0.017472
-0.015850
-0.015997
-0.012845
-0.014672
-0.013197
-0.013197
-0.013450
-0.015350
-0.013875
-0.013875
-0.011239
-0.012919
-0.011591
-0.011444
-0.011771
-0.013524
-0.012196
-0.012049
-0.009929
-0.011461
-0.010281
-0.009986
-0.010386
-0.011992
-0.010812
-0.010517
-0.008913
-0.010298
-0.009265
-0.008823
-0.009297
-0.010755
-0.009723
-0.009280
-0.008193
-0.009430
-0.008545
-0.007955
-0.008503
-0.009813
-0.008928
-0.008339
-0.007767
-0.008857
-0.008119
-0.007382
-0.008004
-0.009167
-0.008429
-0.007692
-0.007637
-0.008578
-0.007988
-0.007104
-0.007799
-0.008815
-0.008225
-0.007340
-0.007801
-0.008595
-0.008153
-0.007120
-0.007890
-0.008758
-0.008315
-0.007283
-0.008260
-0.008907
-0.008612
-0.007432
-0.008275
-0.008996
-0.008701
-0.007521
-0.009014
-0.009514
-0.009366
-0.008039
-0.008956
-0.009529
-0.009381
-0.008054
-0.010063
-0.010415
-0.010415
-0.008941
-0.009931
-0.010357
-0.010357
-0.008882
-0.011408
-0.011612
-0.011759
-0.010137
-0.011201
-0.011479
-0.011627
-0.010005
-0.013047
-0.013103
-0.013398
-0.011629
-0.012767
-0.012897
-0.013192
-0.011423
-0.014981
-0.014890
-0.015332
-0.013415
-0.014627
-0.014610
-0.015053
-0.013135
-0.017210
-0.016971
-0.017561
-0.015497
-0.016782
-0.016618
-0.017208
-0.015143
-0.019733
-0.019348
-0.020085
-0.017873
-0.019232
-0.018921
-0.019658
-0.017446
-0.022552
-0.022019
-0.022904
-0.020545
-0.021977
-0.021518
-0.022403
-0.020043
-0.017825
-0.019947
-0.018030
-0.018620
-0.018578
-0.020773
-0.018856
-0.019446
-0.015335
-0.017309
-0.015540
-0.015982
-0.016014
-0.018062
-0.016292
-0.016734
-0.013140
-0.014966
-0.013344
-0.013639
-0.013745
-0.015645
-0.014023
-0.014318
-0.011239
-0.012919
-0.011444
-0.011591
-0.011771
-0.013524
-0.012049
-0.012196
-0.009634
-0.011166
-0.009838
-0.009838
-0.010091
-0.011697
-0.010370
-0.010370
-0.008324
-0.009708
-0.008528
-0.008380
-0.008707
-0.010165
-0.008985
-0.008838
-0.007308
-0.008545
-0.007512
-0.007217
-0.007618
-0.008928
-0.007896
-0.007601
-0.006587
-0.007677
-0.006792
-0.006349
-0.006824
-0.007987
-0.007102
-0.006659
-0.006162
-0.007104
-0.006366
-0.005776
-0.006324
-0.007340
-0.006602
-0.006013
-0.006031
-0.006825
-0.006236
-0.005498
-0.006120
-0.006988
-0.006398
-0.005661
-0.006195
-0.006842
-0.006400
-0.005515
-0.006210
-0.006931
-0.006489
-0.005604
-0.006655
-0.007154
-0.006859
-0.005827
-0.006596
-0.007169
-0.006874
-0.005842
-0.007409
-0.007761
-0.007613
-0.006433
-0.007276
-0.007702
-0.007555
-0.006375
-0.008458
-0.008662
-0.008662
-0.007335
-0.008252
-0.008530
-0.008530
-0.007203
-0.009802
-0.009859
-0.010006
-0.008532
-0.009522
-0.009653
-0.009800
-0.008326
-0.011441
-0.011351
-0.011646
-0.010023
-0.011087
-0.011071
-0.011366
-0.009743
-0.013375
-0.013137
-0.013580
-0.011810
-0.012948
-0.012783
-0.013226
-0.011456
-0.015604
-0.015219
-0.015808
-0.013891
-0.015103
-0.014791
-0.015381
-0.013464
-0.018128
-0.017595
-0.018332
-0.016268
-0.017553
-0.017094
-0.017831
-0.015767
-0.020947
-0.020266
-0.021151
-0.018939
-0.020298
-0.019692
-0.020576
-0.018364
-0.016515
-0.018489
-0.016572
-0.017309
-0.017194
-0.019241
-0.017324
-0.018062
-0.014025
-0.015851
-0.014082
-0.014672
-0.014630
-0.016530
-0.014760
-0.015350
-0.011829
-0.013509
-0.011886
-0.012329
-0.012361
-0.014113
-0.012491
-0.012934
-0.009929
-0.011461
-0.009986
-0.010281
-0.010386
-0.011992
-0.010517
-0.010812
-0.008324
-0.009708
-0.008380
-0.008528
-0.008707
-0.010165
-0.008838
-0.008985
-0.007013
-0.008250
-0.007070
-0.007070
-0.007323
-0.008634
-0.007454
-0.007454
-0.005998
-0.007087
-0.006054
-0.005907
-0.006234
-0.007397
-0.006364
-0.006217
-0.005277
-0.006219
-0.005334
-0.005039
-0.005439
-0.006455
-0.005570
-0.005275
-0.004851
-0.005646
-0.004908
-0.004466
-0.004940
-0.005808
-0.005071
-0.004628
-0.004721
-0.005368
-0.004778
-0.004188
-0.004736
-0.005456
-0.004866
-0.004276
-0.004885
-0.005384
-0.004942
-0.004205
-0.004826
-0.005399
-0.004957
-0.004220
-0.005344
-0.005696
-0.005401
-0.004516
-0.005212
-0.005637
-0.005342
-0.004458
-0.006098
-0.006303
-0.006155
-0.005123
-0.005892
-0.006170
-0.006023
-0.004991
-0.007148
-0.007204
-0.007204
-0.006025
-0.006868
-0.006998
-0.006998
-0.005818
-0.008492
-0.008401
-0.008549
-0.007221
-0.008138
-0.008121
-0.008269
-0.006941
-0.010131
-0.009893
-0.010188
-0.008713
-0.009703
-0.009539
-0.009834
-0.008359
-0.012065
-0.011679
-0.012122
-0.010499
-0.011564
-0.011252
-0.011694
-0.010072
-0.014294
-0.013761
-0.014351
-0.012581
-0.013719
-0.013260
-0.013849
-0.012080
-0.016818
-0.016137
-0.016874
-0.014957
-0.016169
-0.015562
-0.016300
-0.014382
-0.019636
-0.018808
-0.019693
-0.017629
-0.018914
-0.018160
-0.019045
-0.016980
-0.015499
-0.017326
-0.015409
-0.016294
-0.016104
-0.018005
-0.016088
-0.016972
-0.013009
-0.014688
-0.012919
-0.013656
-0.013540
-0.015293
-0.013524
-0.014261
-0.010814
-0.012346
-0.010723
-0.011313
-0.011271
-0.012877
-0.011254
-0.011844
-0.008913
-0.010298
-0.008823
-0.009265
-0.009297
-0.010755
-0.009280
-0.009723
-0.007308
-0.008545
-0.007217
-0.007512
-0.007618
-0.008928
-0.007601
-0.007896
-0.005998
-0.007087
-0.005907
-0.006054
-0.006234
-0.007397
-0.006217
-0.006364
-0.004982
-0.005924
-0.004891
-0.004891
-0.005145
-0.006160
-0.005128
-0.005128
-0.004261
-0.005056
-0.004171
-0.004023
-0.004350
-0.005218
-0.004333
-0.004186
-0.003836
-0.004483
-0.003745
-0.003450
-0.003851
-0.004571
-0.003834
-0.003539
-0.003705
-0.004205
-0.003615
-0.003172
-0.003646
-0.004220
-0.003630
-0.003187
-0.003869
-0.004221
-0.003779
-0.003189
-0.003737
-0.004163
-0.003720
-0.003130
-0.004329
-0.004533
-0.004238
-0.003501
-0.004123
-0.004401
-0.004106
-0.003368
-0.005083
-0.005140
-0.004992
-0.004107
-0.004803
-0.004934
-0.004786
-0.003901
-0.006132
-0.006041
-0.006041
-0.005009
-0.005778
-0.005762
-0.005762
-0.004729
-0.007476
-0.007238
-0.007386
-0.006206
-0.007049
-0.006884
-0.007032
-0.005852
-0.009115
-0.008730
-0.009025
-0.007697
-0.008614
-0.008302
-0.008597
-0.007270
-0.011049
-0.010516
-0.010959
-0.009484
-0.010474
-0.010015
-0.010457
-0.008983
-0.013278
-0.012598
-0.013188
-0.011565
-0.012629
-0.012023
-0.012613
-0.010990
-0.015802
-0.014974
-0.015711
-0.013942
-0.015080
-0.014325
-0.015063
-0.013293
-0.018621
-0.017645
-0.018530
-0.016613
-0.017825
-0.016923
-0.017808
-0.015891
-0.014779
-0.016458
-0.014541
-0.015573
-0.015310
-0.017063
-0.015146
-0.016178
-0.012289
-0.013820
-0.012051
-0.012935
-0.012746
-0.014351
-0.012582
-0.013467
-0.010093
-0.011477
-0.009855
-0.010593
-0.010477
-0.011935
-0.010313
-0.011050
-0.008193
-0.009430
-0.007955
-0.008545
-0.008503
-0.009813
-0.008339
-0.008928
-0.006587
-0.007677
-0.006349
-0.006792
-0.006824
-0.007987
-0.006659
-0.007102
-0.005277
-0.006219
-0.005039
-0.005334
-0.005439
-0.006455
-0.005275
-0.005570
-0.004261
-0.005056
-0.004023
-0.004171
-0.004350
-0.005218
-0.004186
-0.004333
-0.003541
-0.004188
-0.003303
-0.003303
-0.003556
-0.004276
-0.003392
-0.003392
-0.003115
-0.003615
-0.002877
-0.002730
-0.003057
-0.003630
-0.002892
-0.002745
-0.002985
-0.003336
-0.002747
-0.002452
-0.002852
-0.003278
-0.002688
-0.002393
-0.003149
-0.003353
-0.002911
-0.002468
-0.002943
-0.003221
-0.002778
-0.002336
-0.003608
-0.003665
-0.003370
-0.002780
-0.003328
-0.003459
-0.003164
-0.002574
-0.004362
-0.004272
-0.004124
-0.003387
-0.004009
-0.003992
-0.003844
-0.003107
-0.005411
-0.005173
-0.005173
-0.004289
-0.004984
-0.004820
-0.004820
-0.003935
-0.006756
-0.006370
-0.006517
-0.005485
-0.006254
-0.005943
-0.006090
-0.005058
-0.008395
-0.007862
-0.008157
-0.006977
-0.007820
-0.007360
-0.007655
-0.006476
-0.010329
-0.009648
-0.010091
-0.008763
-0.009680
-0.009073
-0.009516
-0.008188
-0.012558
-0.011730
-0.012319
-0.010845
-0.011835
-0.011081
-0.011671
-0.010196
-0.015081
-0.014106
-0.014843
-0.013221
-0.014285
-0.013384
-0.014121
-0.012499
-0.017900
-0.016777
-0.017662
-0.015893
-0.017030
-0.015981
-0.016866
-0.015096
-0.014353
-0.015885
-0.013968
-0.015148
-0.014811
-0.016416
-0.014499
-0.015679
-0.011863
-0.013247
-0.011477
-0.012510
-0.012247
-0.013705
-0.011935
-0.012967
-0.009668
-0.010904
-0.009282
-0.010167
-0.009978
-0.011288
-0.009666
-0.010551
-0.007767
-0.008857
-0.007382
-0.008119
-0.008004
-0.009167
-0.007692
-0.008429
-0.006162
-0.007104
-0.005776
-0.006366
-0.006324
-0.007340
-0.006013
-0.006602
-0.004851
-0.005646
-0.004466
-0.004908
-0.004940
-0.005808
-0.004628
-0.005071
-0.003836
-0.004483
-0.003450
-0.003745
-0.003851
-0.004571
-0.003539
-0.003834
-0.003115
-0.003615
-0.002730
-0.002877
-0.003057
-0.003630
-0.002745
-0.002892
-0.002690
-0.003042
-0.002304
-0.002304
-0.002557
-0.002983
-0.002245
-0.002245
-0.002559
-0.002763
-0.002173
-0.002026
-0.002353
-0.002631
-0.002041
-0.001894
-0.002723
-0.002780
-0.002338
-0.002043
-0.002443
-0.002574
-0.002132
-0.001837
-0.003182
-0.003092
-0.002797
-0.002355
-0.002829
-0.002812
-0.002517
-0.002075
-0.003937
-0.003699
-0.003551
-0.002961
-0.003509
-0.003345
-0.003198
-0.002608
-0.004986
-0.004600
-0.004600
-0.003863
-0.004485
-0.004173
-0.004173
-0.003436
-0.006330
-0.005797
-0.005944
-0.005060
-0.005755
-0.005296
-0.005443
-0.004558
-0.007969
-0.007288
-0.007583
-0.006551
-0.007320
-0.006714
-0.007009
-0.005976
-0.009903
-0.009075
-0.009517
-0.008338
-0.009181
-0.008426
-0.008869
-0.007689
-0.012132
-0.011156
-0.011746
-0.010419
-0.011336
-0.010434
-0.011024
-0.009697
-0.014656
-0.013533
-0.014270
-0.012796
-0.013786
-0.012737
-0.013474
-0.011999
-0.017475
-0.016204
-0.017089
-0.015467
-0.016531
-0.015334
-0.016219
-0.014597
-0.014223
-0.015607
-0.013690
-0.015017
-0.014606
-0.016064
-0.014147
-0.015474
-0.011732
-0.012969
-0.011199
-0.012379
-0.012042
-0.013353
-0.011583
-0.012763
-0.009537
-0.010626
-0.009004
-0.010036
-0.009773
-0.010936
-0.009314
-0.010346
-0.007637
-0.008578
-0.007104
-0.007988
-0.007799
-0.008815
-0.007340
-0.008225
-0.006031
-0.006825
-0.005498
-0.006236
-0.006120
-0.006988
-0.005661
-0.006398
-0.004721
-0.005368
-0.004188
-0.004778
-0.004736
-0.005456
-0.004276
-0.004866
-0.003705
-0.004205
-0.003172
-0.003615
-0.003646
-0.004220
-0.003187
-0.003630
-0.002985
-0.003336
-0.002452
-0.002747
-0.002852
-0.003278
-0.002393
-0.002688
-0.002559
-0.002763
-0.002026
-0.002173
-0.002353
-0.002631
-0.001894
-0.002041
-0.002428
-0.002485
-0.001895
-0.001895
-0.002148
-0.002279
-0.001689
-0.001689
-0.002593
-0.002502
-0.002060
-0.001912
-0.002239
-0.002222
-0.001780
-0.001632
-0.003052
-0.002814
-0.002519
-0.002224
-0.002624
-0.002460
-0.002165
-0.001870
-0.003806
-0.003421
-0.003273
-0.002831
-0.003305
-0.002993
-0.002846
-0.002403
-0.004855
-0.004322
-0.004322
-0.003732
-0.004280
-0.003821
-0.003821
-0.003231
-0.006199
-0.005519
-0.005666
-0.004929
-0.005551
-0.004944
-0.005091
-0.004354
-0.007838
-0.007010
-0.007305
-0.006420
-0.007116
-0.006362
-0.006657
-0.005772
-0.009772
-0.008797
-0.009239
-0.008207
-0.008976
-0.008075
-0.008517
-0.007485
-0.012001
-0.010878
-0.011468
-0.010288
-0.011131
-0.010082
-0.010672
-0.009492
-0.014525
-0.013255
-0.013992
-0.012665
-0.013582
-0.012385
-0.013122
-0.011795
-0.017344
-0.015926
-0.016811
-0.015336
-0.016327
-0.014983
-0.015867
-0.014393
-0.014387
-0.015624
-0.013706
-0.015181
-0.014697
-0.016007
-0.014090
-0.015565
-0.011897
-0.012986
-0.011216
-0.012543
-0.012133
-0.013296
-0.011526
-0.012853
-0.009701
-0.010643
-0.009021
-0.010201
-0.009864
-0.010879
-0.009257
-0.010437
-0.007801
-0.008595
-0.007120
-0.008153
-0.007890
-0.008758
-0.007283
-0.008315
-0.006195
-0.006842
-0.005515
-0.006400
-0.006210
-0.006931
-0.005604
-0.006489
-0.004885
-0.005384
-0.004205
-0.004942
-0.004826
-0.005399
-0.004220
-0.004957
-0.003869
-0.004221
-0.003189
-0.003779
-0.003737
-0.004163
-0.003130
-0.003720
-0.003149
-0.003353
-0.002468
-0.002911
-0.002943
-0.003221
-0.002336
-0.002778
-0.002723
-0.002780
-0.002043
-0.002338
-0.002443
-0.002574
-0.001837
-0.002132
-0.002593
-0.002502
-0.001912
-0.002060
-0.002239
-0.002222
-0.001632
-0.001780
-0.002757
-0.002519
-0.002076
-0.002076
-0.002329
-0.002165
-0.001723
-0.001723
-0.003216
-0.002831
-0.002536
-0.002388
-0.002715
-0.002403
-0.002108
-0.001961
-0.003970
-0.003437
-0.003290
-0.002995
-0.003395
-0.002936
-0.002789
-0.002494
-0.005019
-0.004339
-0.004339
-0.003897
-0.004371
-0.003764
-0.003764
-0.003322
-0.006364
-0.005536
-0.005683
-0.005093
-0.005641
-0.004887
-0.005034
-0.004445
-0.008003
-0.007027
-0.007322
-0.006585
-0.007206
-0.006305
-0.006600
-0.005862
-0.009937
-0.008814
-0.009256
-0.008371
-0.009067
-0.008018
-0.008460
-0.007575
-0.012166
-0.010895
-0.011485
-0.010453
-0.011222
-0.010025
-0.010615
-0.009583
-0.014689
-0.013272
-0.014009
-0.012829
-0.013672
-0.012328
-0.013065
-0.011886
-0.017508
-0.015943
-0.016828
-0.015501
-0.016417
-0.014926
-0.015811
-0.014483
-0.014846
-0.015935
-0.014018
-0.015640
-0.015082
-0.016245
-0.014328
-0.015950
-0.012356
-0.013298
-0.011528
-0.013003
-0.012518
-0.013534
-0.011764
-0.013239
-0.010160
-0.010955
-0.009333
-0.010660
-0.010249
-0.011117
-0.009495
-0.010822
-0.008260
-0.008907
-0.007432
-0.008612
-0.008275
-0.008996
-0.007521
-0.008701
-0.006655
-0.007154
-0.005827
-0.006859
-0.006596
-0.007169
-0.005842
-0.006874
-0.005344
-0.005696
-0.004516
-0.005401
-0.005212
-0.005637
-0.004458
-0.005342
-0.004329
-0.004533
-0.003501
-0.004238
-0.004123
-0.004401
-0.003368
-0.004106
-0.003608
-0.003665
-0.002780
-0.003370
-0.003328
-0.003459
-0.002574
-0.003164
-0.003182
-0.003092
-0.002355
-0.002797
-0.002829
-0.002812
-0.002075
-0.002517
-0.003052
-0.002814
-0.002224
-0.002519
-0.002624
-0.002460
-0.001870
-0.002165
-0.003216
-0.002831
-0.002388
-0.002536
-0.002715
-0.002403
-0.001961
-0.002108
-0.003675
-0.003142
-0.002847
-0.002847
-0.003100
-0.002641
-0.002346
-0.002346
-0.004430
-0.003749
-0.003602
-0.003454
-0.003781
-0.003174
-0.003027
-0.002879
-0.005479
-0.004651
-0.004651
-0.004356
-0.004756
-0.004002
-0.004002
-0.003707
-0.006823
-0.005847
-0.005995
-0.005552
-0.006027
-0.005125
-0.005272
-0.004830
-0.008462
-0.007339
-0.007634
-0.007044
-0.007592
-0.006543
-0.006838
-0.006248
-0.010396
-0.009125
-0.009568
-0.008830
-0.009452
-0.008256
-0.008698
-0.007961
-0.012625
-0.011207
-0.011797
-0.010912
-0.011607
-0.010263
-0.010853
-0.009968
-0.015149
-0.013583
-0.014321
-0.013288
-0.014058
-0.012566
-0.013303
-0.012271
-0.017968
-0.016255
-0.017140
-0.015960
-0.016803
-0.015164
-0.016049
-0.014869
-0.015600
-0.016542
-0.014625
-0.016395
-0.015763
-0.016778
-0.014861
-0.016631
-0.013110
-0.013904
-0.012135
-0.013757
-0.013199
-0.014067
-0.012297
-0.013919
-0.010915
-0.011562
-0.009939
-0.011414
-0.010930
-0.011650
-0.010028
-0.011503
-0.009014
-0.009514
-0.008039
-0.009366
-0.008956
-0.009529
-0.008054
-0.009381
-0.007409
-0.007761
-0.006433
-0.007613
-0.007276
-0.007702
-0.006375
-0.007555
-0.006098
-0.006303
-0.005123
-0.006155
-0.005892
-0.006170
-0.004991
-0.006023
-0.005083
-0.005140
-0.004107
-0.004992
-0.004803
-0.004934
-0.003901
-0.004786
-0.004362
-0.004272
-0.003387
-0.004124
-0.004009
-0.003992
-0.003107
-0.003844
-0.003937
-0.003699
-0.002961
-0.003551
-0.003509
-0.003345
-0.002608
-0.003198
-0.003806
-0.003421
-0.002831
-0.003273
-0.003305
-0.002993
-0.002403
-0.002846
-0.003970
-0.003437
-0.002995
-0.003290
-0.003395
-0.002936
-0.002494
-0.002789
-0.004430
-0.003749
-0.003454
-0.003602
-0.003781
-0.003174
-0.002879
-0.003027
-0.005184
-0.004356
-0.004208
-0.004208
-0.004461
-0.003707
-0.003560
-0.003560
-0.006233
-0.005257
-0.005257
-0.005110
-0.005437
-0.004535
-0.004535
-0.004388
-0.007577
-0.006454
-0.006602
-0.006307
-0.006707
-0.005658
-0.005805
-0.005511
-0.009216
-0.007946
-0.008241
-0.007798
-0.008272
-0.007076
-0.007371
-0.006928
-0.011150
-0.009732
-0.010175
-0.009585
-0.010133
-0.008789
-0.009231
-0.008641
-0.013379
-0.011814
-0.012404
-0.011666
-0.012288
-0.010796
-0.011386
-0.010649
-0.015903
-0.014190
-0.014927
-0.014043
-0.014738
-0.013099
-0.013836
-0.012952
-0.018722
-0.016861
-0.017746
-0.016714
-0.017483
-0.015697
-0.016582
-0.015549
-0.016649
-0.017444
-0.015527
-0.017444
-0.016738
-0.017606
-0.015689
-0.017606
-0.014159
-0.014806
-0.013036
-0.014806
-0.014174
-0.014895
-0.013125
-0.014895
-0.011964
-0.012463
-0.010841
-0.012463
-0.011905
-0.012478
-0.010856
-0.012478
-0.010063
-0.010415
-0.008941
-0.010415
-0.009931
-0.010357
-0.008882
-0.010357
-0.008458
-0.008662
-0.007335
-0.008662
-0.008252
-0.008530
-0.007203
-0.008530
-0.007148
-0.007204
-0.006025
-0.007204
-0.006868
-0.006998
-0.005818
-0.006998
-0.006132
-0.006041
-0.005009
-0.006041
-0.005778
-0.005762
-0.004729
-0.005762
-0.005411
-0.005173
-0.004289
-0.005173
-0.004984
-0.004820
-0.003935
-0.004820
-0.004986
-0.004600
-0.003863
-0.004600
-0.004485
-0.004173
-0.003436
-0.004173
-0.004855
-0.004322
-0.003732
-0.004322
-0.004280
-0.003821
-0.003231
-0.003821
-0.005019
-0.004339
-0.003897
-0.004339
-0.004371
-0.003764
-0.003322
-0.003764
-0.005479
-0.004651
-0.004356
-0.004651
-0.004756
-0.004002
-0.003707
-0.004002
-0.006233
-0.005257
-0.005110
-0.005257
-0.005437
-0.004535
-0.004388
-0.004535
-0.007282
-0.006159
-0.006159
-0.006159
-0.006412
-0.005363
-0.005363
-0.005363
-0.008626
-0.007356
-0.007503
-0.007356
-0.007683
-0.006486
-0.006633
-0.006486
-0.010265
-0.008847
-0.009142
-0.008847
-0.009248
-0.007904
-0.008199
-0.007904
-0.012199
-0.010634
-0.011076
-0.010634
-0.011108
-0.009617
-0.010059
-0.009617
-0.014428
-0.012715
-0.013305
-0.012715
-0.013263
-0.011624
-0.012214
-0.011624
-0.016952
-0.015092
-0.015829
-0.015092
-0.015713
-0.013927
-0.014664
-0.013927
-0.019771
-0.017763
-0.018648
-0.017763
-0.018459
-0.016525
-0.017409
-0.016525
-0.017994
-0.018640
-0.016723
-0.018788
-0.018009
-0.018729
-0.016812
-0.018877
-0.015503
-0.016003
-0.014233
-0.016150
-0.015445
-0.016018
-0.014248
-0.016165
-0.013308
-0.013660
-0.012038
-0.013807
-0.013175
-0.013601
-0.011979
-0.013749
-0.011408
-0.011612
-0.010137
-0.011759
-0.011201
-0.011479
-0.010005
-0.011627
-0.009802
-0.009859
-0.008532
-0.010006
-0.009522
-0.009653
-0.008326
-0.009800
-0.008492
-0.008401
-0.007221
-0.008549
-0.008138
-0.008121
-0.006941
-0.008269
-0.007476
-0.007238
-0.006206
-0.007386
-0.007049
-0.006884
-0.005852
-0.007032
-0.006756
-0.006370
-0.005485
-0.006517
-0.006254
-0.005943
-0.005058
-0.006090
-0.006330
-0.005797
-0.005060
-0.005944
-0.005755
-0.005296
-0.004558
-0.005443
-0.006199
-0.005519
-0.004929
-0.005666
-0.005551
-0.004944
-0.004354
-0.005091
-0.006364
-0.005536
-0.005093
-0.005683
-0.005641
-0.004887
-0.004445
-0.005034
-0.006823
-0.005847
-0.005552
-0.005995
-0.006027
-0.005125
-0.004830
-0.005272
-0.007577
-0.006454
-0.006307
-0.006602
-0.006707
-0.005658
-0.005511
-0.005805
-0.008626
-0.007356
-0.007356
-0.007503
-0.007683
-0.006486
-0.006486
-0.006633
-0.009970
-0.008552
-0.008700
-0.008700
-0.008953
-0.007609
-0.007756
-0.007756
-0.011609
-0.010044
-0.010339
-0.010191
-0.010518
-0.009027
-0.009322
-0.009174
-0.013543
-0.011830
-0.012273
-0.011978
-0.012378
-0.010739
-0.011182
-0.010887
-0.015772
-0.013912
-0.014502
-0.014059
-0.014534
-0.012747
-0.013337
-0.012895
-0.018296
-0.016288
-0.017026
-0.016436
-0.016984
-0.015050
-0.015787
-0.015197
-0.021115
-0.018960
-0.019845
-0.019107
-0.019729
-0.017647
-0.018532
-0.017795
-0.019633
-0.020132
-0.018215
-0.020427
-0.019574
-0.020147
-0.018230
-0.020442
-0.017142
-0.017494
-0.015724
-0.017789
-0.017010
-0.017435
-0.015666
-0.017730
-0.014947
-0.015151
-0.013529
-0.015446
-0.014741
-0.015019
-0.013397
-0.015314
-0.013047
-0.013103
-0.011629
-0.013398
-0.012767
-0.012897
-0.011423
-0.013192
-0.011441
-0.011351
-0.010023
-0.011646
-0.011087
-0.011071
-0.009743
-0.011366
-0.010131
-0.009893
-0.008713
-0.010188
-0.009703
-0.009539
-0.008359
-0.009834
-0.009115
-0.008730
-0.007697
-0.009025
-0.008614
-0.008302
-0.007270
-0.008597
-0.008395
-0.007862
-0.006977
-0.008157
-0.007820
-0.007360
-0.006476
-0.007655
-0.007969
-0.007288
-0.006551
-0.007583
-0.007320
-0.006714
-0.005976
-0.007009
-0.007838
-0.007010
-0.006420
-0.007305
-0.007116
-0.006362
-0.005772
-0.006657
-0.008003
-0.007027
-0.006585
-0.007322
-0.007206
-0.006305
-0.005862
-0.006600
-0.008462
-0.007339
-0.007044
-0.007634
-0.007592
-0.006543
-0.006248
-0.006838
-0.009216
-0.007946
-0.007798
-0.008241
-0.008272
-0.007076
-0.006928
-0.007371
-0.010265
-0.008847
-0.008847
-0.009142
-0.009248
-0.007904
-0.007904
-0.008199
-0.011609
-0.010044
-0.010191
-0.010339
-0.010518
-0.009027
-0.009174
-0.009322
-0.013248
-0.011535
-0.011830
-0.011830
-0.012084
-0.010444
-0.010739
-0.010739
-0.015182
-0.013322
-0.013764
-0.013617
-0.013944
-0.012157
-0.012600
-0.012452
-0.017411
-0.015403
-0.015993
-0.015698
-0.016099
-0.014165
-0.014755
-0.014460
-0.019935
-0.017780
-0.018517
-0.018075
-0.018549
-0.016468
-0.017205
-0.016763
-0.022754
-0.020451
-0.021336
-0.020746
-0.021294
-0.019065
-0.019950
-0.019360
-0.021567
-0.021918
-0.020001
-0.022361
-0.021434
-0.021860
-0.019943
-0.022302
-0.019076
-0.019281
-0.017511
-0.019723
-0.018870
-0.019148
-0.017379
-0.019591
-0.016881
-0.016938
-0.015316
-0.017380
-0.016601
-0.016732
-0.015109
-0.017174
-0.014981
-0.014890
-0.013415
-0.015332
-0.014627
-0.014610
-0.013135
-0.015053
-0.013375
-0.013137
-0.011810
-0.013580
-0.012948
-0.012783
-0.011456
-0.013226
-0.012065
-0.011679
-0.010499
-0.012122
-0.011564
-0.011252
-0.010072
-0.011694
-0.011049
-0.010516
-0.009484
-0.010959
-0.010474
-0.010015
-0.008983
-0.010457
-0.010329
-0.009648
-0.008763
-0.010091
-0.009680
-0.009073
-0.008188
-0.009516
-0.009903
-0.009075
-0.008338
-0.009517
-0.009181
-0.008426
-0.007689
-0.008869
-0.009772
-0.008797
-0.008207
-0.009239
-0.008976
-0.008075
-0.007485
-0.008517
-0.009937
-0.008814
-0.008371
-0.009256
-0.009067
-0.008018
-0.007575
-0.008460
-0.010396
-0.009125
-0.008830
-0.009568
-0.009452
-0.008256
-0.007961
-0.008698
-0.011150
-0.009732
-0.009585
-0.010175
-0.010133
-0.008789
-0.008641
-0.009231
-0.012199
-0.010634
-0.010634
-0.011076
-0.011108
-0.009617
-0.009617
-0.010059
-0.013543
-0.011830
-0.011978
-0.012273
-0.012378
-0.010739
-0.010887
-0.011182
-0.015182
-0.013322
-0.013617
-0.013764
-0.013944
-0.012157
-0.012452
-0.012600
-0.017116
-0.015109
-0.015551
-0.015551
-0.015804
-0.013870
-0.014312
-0.014312
-0.019345
-0.017190
-0.017780
-0.017632
-0.017959
-0.015878
-0.016468
-0.016320
-0.021869
-0.019566
-0.020304
-0.020009
-0.020409
-0.018180
-0.018918
-0.018623
-0.024688
-0.022238
-0.023123
-0.022680
-0.023155
-0.020778
-0.021663
-0.021221
-0.023796
-0.024000
-0.022083
-0.024590
-0.023589
-0.023867
-0.021950
-0.024457
-0.021305
-0.021362
-0.019592
-0.021952
-0.021025
-0.021156
-0.019386
-0.021746
-0.019110
-0.019019
-0.017397
-0.019609
-0.018756
-0.018739
-0.017117
-0.019329
-0.017210
-0.016971
-0.015497
-0.017561
-0.016782
-0.016618
-0.015143
-0.017208
-0.015604
-0.015219
-0.013891
-0.015808
-0.015103
-0.014791
-0.013464
-0.015381
-0.014294
-0.013761
-0.012581
-0.014351
-0.013719
-0.013260
-0.012080
-0.013849
-0.013278
-0.012598
-0.011565
-0.013188
-0.012629
-0.012023
-0.010990
-0.012613
-0.012558
-0.011730
-0.010845
-0.012319
-0.011835
-0.011081
-0.010196
-0.011671
-0.012132
-0.011156
-0.010419
-0.011746
-0.011336
-0.010434
-0.009697
-0.011024
-0.012001
-0.010878
-0.010288
-0.011468
-0.011131
-0.010082
-0.009492
-0.010672
-0.012166
-0.010895
-0.010453
-0.011485
-0.011222
-0.010025
-0.009583
-0.010615
-0.012625
-0.011207
-0.010912
-0.011797
-0.011607
-0.010263
-0.009968
-0.010853
-0.013379
-0.011814
-0.011666
-0.012404
-0.012288
-0.010796
-0.010649
-0.011386
-0.014428
-0.012715
-0.012715
-0.013305
-0.013263
-0.011624
-0.011624
-0.012214
-0.015772
-0.013912
-0.014059
-0.014502
-0.014534
-0.012747
-0.012895
-0.013337
-0.017411
-0.015403
-0.015698
-0.015993
-0.016099
-0.014165
-0.014460
-0.014755
-0.019345
-0.017190
-0.017632
-0.017780
-0.017959
-0.015878
-0.016320
-0.016468
-0.021574
-0.019271
-0.019861
-0.019861
-0.020114
-0.017886
-0.018475
-0.018475
-0.024098
-0.021648
-0.022385
-0.022238
-0.022565
-0.020188
-0.020926
-0.020778
-0.026917
-0.024319
-0.025204
-0.024909
-0.025310
-0.022786
-0.023671
-0.023376
-0.026319
-0.026376
-0.024459
-0.027114
-0.026040
-0.026170
-0.024253
-0.026908
-0.023829
-0.023739
-0.021969
-0.024476
-0.023475
-0.023459
-0.021689
-0.024196
-0.021634
-0.021396
-0.019774
-0.022133
-0.021206
-0.021042
-0.019420
-0.021780
-0.019733
-0.019348
-0.017873
-0.020085
-0.019232
-0.018921
-0.017446
-0.019658
-0.018128
-0.017595
-0.016268
-0.018332
-0.017553
-0.017094
-0.015767
-0.017831
-0.016818
-0.016137
-0.014957
-0.016874
-0.016169
-0.015562
-0.014382
-0.016300
-0.015802
-0.014974
-0.013942
-0.015711
-0.015080
-0.014325
-0.013293
-0.015063
-0.015081
-0.014106
-0.013221
-0.014843
-0.014285
-0.013384
-0.012499
-0.014121
-0.014656
-0.013533
-0.012796
-0.014270
-0.013786
-0.012737
-0.011999
-0.013474
-0.014525
-0.013255
-0.012665
-0.013992
-0.013582
-0.012385
-0.011795
-0.013122
-0.014689
-0.013272
-0.012829
-0.014009
-0.013672
-0.012328
-0.011886
-0.013065
-0.015149
-0.013583
-0.013288
-0.014321
-0.014058
-0.012566
-0.012271
-0.013303
-0.015903
-0.014190
-0.014043
-0.014927
-0.014738
-0.013099
-0.012952
-0.013836
-0.016952
-0.015092
-0.015092
-0.015829
-0.015713
-0.013927
-0.013927
-0.014664
-0.018296
-0.016288
-0.016436
-0.017026
-0.016984
-0.015050
-0.015197
-0.015787
-0.019935
-0.017780
-0.018075
-0.018517
-0.018549
-0.016468
-0.016763
-0.017205
-0.021869
-0.019566
-0.020009
-0.020304
-0.020409
-0.018180
-0.018623
-0.018918
-0.024098
-0.021648
-0.022238
-0.022385
-0.022565
-0.020188
-0.020778
-0.020926
-0.026622
-0.024024
-0.024762
-0.024762
-0.025015
-0.022491
-0.023228
-0.023228
-0.029441
-0.026696
-0.027581
-0.027433
-0.027760
-0.025089
-0.025973
-0.025826
-0.029138
-0.029048
-0.027131
-0.029933
-0.028785
-0.028768
-0.026851
-0.029653
-0.026648
-0.026410
-0.024640
-0.027295
-0.026221
-0.026056
-0.024287
-0.026941
-0.024453
-0.024067
-0.022445
-0.024952
-0.023952
-0.023640
-0.022018
-0.024525
-0.022552
-0.022019
-0.020545
-0.022904
-0.021977
-0.021518
-0.020043
-0.022403
-0.020947
-0.020266
-0.018939
-0.021151
-0.020298
-0.019692
-0.018364
-0.020576
-0.019636
-0.018808
-0.017629
-0.019693
-0.018914
-0.018160
-0.016980
-0.019045
-0.018621
-0.017645
-0.016613
-0.018530
-0.017825
-0.016923
-0.015891
-0.017808
-0.017900
-0.016777
-0.015893
-0.017662
-0.017030
-0.015981
-0.015096
-0.016866
-0.017475
-0.016204
-0.015467
-0.017089
-0.016531
-0.015334
-0.014597
-0.016219
-0.017344
-0.015926
-0.015336
-0.016811
-0.016327
-0.014983
-0.014393
-0.015867
-0.017508
-0.015943
-0.015501
-0.016828
-0.016417
-0.014926
-0.014483
-0.015811
-0.017968
-0.016255
-0.015960
-0.017140
-0.016803
-0.015164
-0.014869
-0.016049
-0.018722
-0.016861
-0.016714
-0.017746
-0.017483
-0.015697
-0.015549
-0.016582
-0.019771
-0.017763
-0.017763
-0.018648
-0.018459
-0.016525
-0.016525
-0.017409
-0.021115
-0.018960
-0.019107
-0.019845
-0.019729
-0.017647
-0.017795
-0.018532
-0.022754
-0.020451
-0.020746
-0.021336
-0.021294
-0.019065
-0.019360
-0.019950
-0.024688
-0.022238
-0.022680
-0.023123
-0.023155
-0.020778
-0.021221
-0.021663
-0.026917
-0.024319
-0.024909
-0.025204
-0.025310
-0.022786
-0.023376
-0.023671
-0.029441
-0.026696
-0.027433
-0.027581
-0.027760
-0.025089
-0.025826
-0.025973
-0.032260
-0.029367
-0.030252
-0.030252
-0.030505
-0.027686
-0.028571
-0.028571
-0.027361
-0.030072
-0.028008
-0.028008
-0.028335
-0.031120
-0.029055
-0.029055
-0.024871
-0.027435
-0.025518
-0.025370
-0.025771
-0.028408
-0.026491
-0.026344
-0.022675
-0.025092
-0.023322
-0.023027
-0.023501
-0.025992
-0.024222
-0.023927
-0.020775
-0.023044
-0.021422
-0.020979
-0.021527
-0.023870
-0.022248
-0.021806
-0.019170
-0.021291
-0.019816
-0.019226
-0.019848
-0.022044
-0.020569
-0.019979
-0.017859
-0.019833
-0.018506
-0.017769
-0.018464
-0.020512
-0.019185
-0.018447
-0.016844
-0.018670
-0.017490
-0.016606
-0.017375
-0.019275
-0.018095
-0.017210
-0.016123
-0.017802
-0.016770
-0.015737
-0.016580
-0.018333
-0.017301
-0.016269
-0.015697
-0.017229
-0.016344
-0.015164
-0.016081
-0.017686
-0.016802
-0.015622
-0.015567
-0.016951
-0.016214
-0.014886
-0.015877
-0.017335
-0.016597
-0.015270
-0.015731
-0.016968
-0.016378
-0.014903
-0.015967
-0.017278
-0.016688
-0.015213
-0.016190
-0.017279
-0.016837
-0.015215
-0.016353
-0.017516
-0.017073
-0.015451
-0.016944
-0.017886
-0.017591
-0.015821
-0.017033
-0.018049
-0.017754
-0.015984
-0.017994
-0.018788
-0.018640
-0.016723
-0.018009
-0.018877
-0.018729
-0.016812
-0.019338
-0.019984
-0.019984
-0.017920
-0.019279
-0.019999
-0.019999
-0.017935
-0.020977
-0.021476
-0.021623
-0.019411
-0.020844
-0.021417
-0.021565
-0.019353
-0.022911
-0.023263
-0.023557
-0.021198
-0.022704
-0.023130
-0.023425
-0.021065
-0.025140
-0.025344
-0.025786
-0.023279
-0.024860
-0.025138
-0.025580
-0.023073
-0.027664
-0.027720
-0.028310
-0.025656
-0.027310
-0.027441
-0.028030
-0.025376
-0.030482
-0.030392
-0.031129
-0.028327
-0.030055
-0.030038
-0.030776
-0.027974
-0.024871
-0.027435
-0.025370
-0.025518
-0.025771
-0.028408
-0.026344
-0.026491
-0.022380
-0.024797
-0.022880
-0.022880
-0.023207
-0.025697
-0.023780
-0.023780
-0.020185
-0.022454
-0.020684
-0.020537
-0.020937
-0.023280
-0.021511
-0.021363
-0.018285
-0.020406
-0.018784
-0.018489
-0.018963
-0.021159
-0.019536
-0.019241
-0.016679
-0.018653
-0.017179
-0.016736
-0.017284
-0.019332
-0.017857
-0.017415
-0.015369
-0.017195
-0.015868
-0.015278
-0.015900
-0.017800
-0.016473
-0.015883
-0.014353
-0.016032
-0.014853
-0.014115
-0.014811
-0.016564
-0.015384
-0.014646
-0.013633
-0.015164
-0.014132
-0.013247
-0.014016
-0.015622
-0.014590
-0.013705
-0.013207
-0.014591
-0.013706
-0.012674
-0.013517
-0.014975
-0.014090
-0.013058
-0.013076
-0.014313
-0.013576
-0.012396
-0.013313
-0.014623
-0.013886
-0.012706
-0.013241
-0.014330
-0.013740
-0.012413
-0.013403
-0.014566
-0.013976
-0.012649
-0.013700
-0.014642
-0.014199
-0.012725
-0.013789
-0.014804
-0.014362
-0.012887
-0.014454
-0.015248
-0.014953
-0.013331
-0.014469
-0.015337
-0.015042
-0.013420
-0.015503
-0.016150
-0.016003
-0.014233
-0.015445
-0.016165
-0.016018
-0.014248
-0.016847
-0.017347
-0.017347
-0.015429
-0.016715
-0.017288
-0.017288
-0.015371
-0.018486
-0.018838
-0.018986
-0.016921
-0.018280
-0.018706
-0.018853
-0.016789
-0.020420
-0.020625
-0.020920
-0.018708
-0.020140
-0.020419
-0.020714
-0.018501
-0.022649
-0.022706
-0.023149
-0.020789
-0.022296
-0.022426
-0.022869
-0.020509
-0.025173
-0.025083
-0.025673
-0.023165
-0.024746
-0.024729
-0.025319
-0.022812
-0.027992
-0.027754
-0.028491
-0.025837
-0.027491
-0.027327
-0.028064
-0.025409
-0.022675
-0.025092
-0.023027
-0.023322
-0.023501
-0.025992
-0.023927
-0.024222
-0.020185
-0.022454
-0.020537
-0.020684
-0.020937
-0.023280
-0.021363
-0.021511
-0.017990
-0.020111
-0.018342
-0.018342
-0.018668
-0.020864
-0.019094
-0.019094
-0.016089
-0.018063
-0.016441
-0.016294
-0.016694
-0.018742
-0.017120
-0.016972
-0.014484
-0.016311
-0.014836
-0.014541
-0.015015
-0.016916
-0.015441
-0.015146
-0.013173
-0.014853
-0.013525
-0.013083
-0.013631
-0.015384
-0.014057
-0.013614
-0.012158
-0.013690
-0.012510
-0.011920
-0.012542
-0.014147
-0.012967
-0.012377
-0.011437
-0.012822
-0.011789
-0.011052
-0.011747
-0.013205
-0.012173
-0.011436
-0.011012
-0.012248
-0.011364
-0.010479
-0.011248
-0.012558
-0.011674
-0.010789
-0.010881
-0.011970
-0.011233
-0.010201
-0.011044
-0.012207
-0.011469
-0.010437
-0.011045
-0.011987
-0.011397
-0.010217
-0.011134
-0.012150
-0.011560
-0.010380
-0.011505
-0.012299
-0.011856
-0.010529
-0.011520
-0.012388
-0.011945
-0.010618
-0.012259
-0.012906
-0.012611
-0.011136
-0.012200
-0.012921
-0.012626
-0.011151
-0.013308
-0.013807
-0.013660
-0.012038
-0.013175
-0.013749
-0.013601
-0.011979
-0.014652
-0.015004
-0.015004
-0.013234
-0.014446
-0.014871
-0.014871
-0.013102
-0.016291
-0.016495
-0.016643
-0.014726
-0.016011
-0.016289
-0.016437
-0.014520
-0.018225
-0.018282
-0.018577
-0.016512
-0.017871
-0.018002
-0.018297
-0.016232
-0.020454
-0.020363
-0.020806
-0.018594
-0.020027
-0.020010
-0.020452
-0.018240
-0.022978
-0.022740
-0.023330
-0.020970
-0.022477
-0.022312
-0.022902
-0.020543
-0.025797
-0.025411
-0.026149
-0.023642
-0.025222
-0.024910
-0.025648
-0.023140
-0.020775
-0.023044
-0.020979
-0.021422
-0.021527
-0.023870
-0.021806
-0.022248
-0.018285
-0.020406
-0.018489
-0.018784
-0.018963
-0.021159
-0.019241
-0.019536
-0.016089
-0.018063
-0.016294
-0.016441
-0.016694
-0.018742
-0.016972
-0.017120
-0.014189
-0.016016
-0.014393
-0.014393
-0.014720
-0.016621
-0.014998
-0.014998
-0.012584
-0.014263
-0.012788
-0.012640
-0.013041
-0.014794
-0.013319
-0.013172
-0.011273
-0.012805
-0.011477
-0.011183
-0.011657
-0.013262
-0.011935
-0.011640
-0.010258
-0.011642
-0.010462
-0.010020
-0.010568
-0.012025
-0.010846
-0.010403
-0.009537
-0.010774
-0.009741
-0.009151
-0.009773
-0.011084
-0.010051
-0.009461
-0.009111
-0.010201
-0.009316
-0.008578
-0.009274
-0.010437
-0.009552
-0.008815
-0.008981
-0.009922
-0.009185
-0.008300
-0.009069
-0.010085
-0.009348
-0.008463
-0.009145
-0.009939
-0.009349
-0.008317
-0.009160
-0.010028
-0.009438
-0.008406
-0.009604
-0.010251
-0.009809
-0.008629
-0.009545
-0.010266
-0.009824
-0.008644
-0.010358
-0.010858
-0.010563
-0.009236
-0.010226
-0.010799
-0.010504
-0.009177
-0.011408
-0.011759
-0.011612
-0.010137
-0.011201
-0.011627
-0.011479
-0.010005
-0.012752
-0.012956
-0.012956
-0.011334
-0.012472
-0.012750
-0.012750
-0.011128
-0.014391
-0.014448
-0.014595
-0.012825
-0.014037
-0.014168
-0.014315
-0.012545
-0.016325
-0.016234
-0.016529
-0.014612
-0.015897
-0.015880
-0.016175
-0.014258
-0.018554
-0.018316
-0.018758
-0.016693
-0.018052
-0.017888
-0.018331
-0.016266
-0.021078
-0.020692
-0.021282
-0.019070
-0.020503
-0.020191
-0.020781
-0.018569
-0.023896
-0.023363
-0.024101
-0.021741
-0.023248
-0.022789
-0.023526
-0.021166
-0.019170
-0.021291
-0.019226
-0.019816
-0.019848
-0.022044
-0.019979
-0.020569
-0.016679
-0.018653
-0.016736
-0.017179
-0.017284
-0.019332
-0.017415
-0.017857
-0.014484
-0.016311
-0.014541
-0.014836
-0.015015
-0.016916
-0.015146
-0.015441
-0.012584
-0.014263
-0.012640
-0.012788
-0.013041
-0.014794
-0.013172
-0.013319
-0.010978
-0.012510
-0.011035
-0.011035
-0.011362
-0.012967
-0.011493
-0.011493
-0.009668
-0.011052
-0.009725
-0.009577
-0.009978
-0.011436
-0.010108
-0.009961
-0.008652
-0.009889
-0.008709
-0.008414
-0.008888
-0.010199
-0.009019
-0.008724
-0.007932
-0.009021
-0.007988
-0.007546
-0.008094
-0.009257
-0.008225
-0.007782
-0.007506
-0.008448
-0.007563
-0.006973
-0.007595
-0.008610
-0.007725
-0.007135
-0.007375
-0.008170
-0.007432
-0.006695
-0.007390
-0.008258
-0.007521
-0.006784
-0.007540
-0.008186
-0.007596
-0.006712
-0.007481
-0.008201
-0.007612
-0.006727
-0.007999
-0.008498
-0.008056
-0.007023
-0.007866
-0.008439
-0.007997
-0.006965
-0.008753
-0.009105
-0.008810
-0.007630
-0.008547
-0.008972
-0.008677
-0.007498
-0.009802
-0.010006
-0.009859
-0.008532
-0.009522
-0.009800
-0.009653
-0.008326
-0.011146
-0.011203
-0.011203
-0.009728
-0.010793
-0.010923
-0.010923
-0.009448
-0.012785
-0.012695
-0.012842
-0.011220
-0.012358
-0.012341
-0.012489
-0.010866
-0.014719
-0.014481
-0.014776
-0.013006
-0.014218
-0.014054
-0.014349
-0.012579
-0.016948
-0.016563
-0.017005
-0.015088
-0.016373
-0.016062
-0.016504
-0.014587
-0.019472
-0.018939
-0.019529
-0.017464
-0.018823
-0.018364
-0.018954
-0.016889
-0.022291
-0.021610
-0.022348
-0.020136
-0.021569
-0.020962
-0.021699
-0.019487
-0.017859
-0.019833
-0.017769
-0.018506
-0.018464
-0.020512
-0.018447
-0.019185
-0.015369
-0.017195
-0.015278
-0.015868
-0.015900
-0.017800
-0.015883
-0.016473
-0.013173
-0.014853
-0.013083
-0.013525
-0.013631
-0.015384
-0.013614
-0.014057
-0.011273
-0.012805
-0.011183
-0.011477
-0.011657
-0.013262
-0.011640
-0.011935
-0.009668
-0.011052
-0.009577
-0.009725
-0.009978
-0.011436
-0.009961
-0.010108
-0.008357
-0.009594
-0.008267
-0.008267
-0.008593
-0.009904
-0.008577
-0.008577
-0.007342
-0.008431
-0.007251
-0.007104
-0.007504
-0.008667
-0.007487
-0.007340
-0.006621
-0.007563
-0.006531
-0.006236
-0.006710
-0.007725
-0.006693
-0.006398
-0.006195
-0.006990
-0.006105
-0.005662
-0.006210
-0.007079
-0.006194
-0.005751
-0.006065
-0.006712
-0.005974
-0.005384
-0.006006
-0.006727
-0.005989
-0.005399
-0.006229
-0.006728
-0.006139
-0.005401
-0.006097
-0.006670
-0.006080
-0.005342
-0.006688
-0.007040
-0.006598
-0.005713
-0.006482
-0.006908
-0.006465
-0.005580
-0.007442
-0.007647
-0.007352
-0.006320
-0.007163
-0.007441
-0.007146
-0.006113
-0.008492
-0.008549
-0.008401
-0.007221
-0.008138
-0.008269
-0.008121
-0.006941
-0.009836
-0.009745
-0.009745
-0.008418
-0.009408
-0.009392
-0.009392
-0.008064
-0.011475
-0.011237
-0.011384
-0.009909
-0.010974
-0.010809
-0.010957
-0.009482
-0.013409
-0.013023
-0.013318
-0.011696
-0.012834
-0.012522
-0.012817
-0.011195
-0.015638
-0.015105
-0.015547
-0.013777
-0.014989
-0.014530
-0.014972
-0.013203
-0.018162
-0.017481
-0.018071
-0.016154
-0.017439
-0.016833
-0.017422
-0.015505
-0.020980
-0.020153
-0.020890
-0.018825
-0.020184
-0.019430
-0.020168
-0.018103
-0.016844
-0.018670
-0.016606
-0.017490
-0.017375
-0.019275
-0.017210
-0.018095
-0.014353
-0.016032
-0.014115
-0.014853
-0.014811
-0.016564
-0.014646
-0.015384
-0.012158
-0.013690
-0.011920
-0.012510
-0.012542
-0.014147
-0.012377
-0.012967
-0.010258
-0.011642
-0.010020
-0.010462
-0.010568
-0.012025
-0.010403
-0.010846
-0.008652
-0.009889
-0.008414
-0.008709
-0.008888
-0.010199
-0.008724
-0.009019
-0.007342
-0.008431
-0.007104
-0.007251
-0.007504
-0.008667
-0.007340
-0.007487
-0.006326
-0.007268
-0.006088
-0.006088
-0.006415
-0.007430
-0.006251
-0.006251
-0.005606
-0.006400
-0.005368
-0.005220
-0.005621
-0.006489
-0.005456
-0.005309
-0.005180
-0.005827
-0.004942
-0.004647
-0.005121
-0.005842
-0.004957
-0.004662
-0.005049
-0.005549
-0.004811
-0.004369
-0.004917
-0.005490
-0.004753
-0.004310
-0.005214
-0.005565
-0.004976
-0.004386
-0.005007
-0.005433
-0.004843
-0.004253
-0.005673
-0.005877
-0.005435
-0.004697
-0.005393
-0.005671
-0.005229
-0.004491
-0.006427
-0.006484
-0.006189
-0.005304
-0.006073
-0.006204
-0.005909
-0.005024
-0.007476
-0.007386
-0.007238
-0.006206
-0.007049
-0.007032
-0.006884
-0.005852
-0.008820
-0.008582
-0.008582
-0.007402
-0.008319
-0.008155
-0.008155
-0.006975
-0.010459
-0.010074
-0.010221
-0.008894
-0.009884
-0.009573
-0.009720
-0.008393
-0.012393
-0.011860
-0.012155
-0.010680
-0.011745
-0.011285
-0.011580
-0.010106
-0.014622
-0.013942
-0.014384
-0.012762
-0.013900
-0.013293
-0.013736
-0.012113
-0.017146
-0.016318
-0.016908
-0.015138
-0.016350
-0.015596
-0.016186
-0.014416
-0.019965
-0.018990
-0.019727
-0.017810
-0.019095
-0.018193
-0.018931
-0.017014
-0.016123
-0.017802
-0.015737
-0.016770
-0.016580
-0.018333
-0.016269
-0.017301
-0.013633
-0.015164
-0.013247
-0.014132
-0.014016
-0.015622
-0.013705
-0.014590
-0.011437
-0.012822
-0.011052
-0.011789
-0.011747
-0.013205
-0.011436
-0.012173
-0.009537
-0.010774
-0.009151
-0.009741
-0.009773
-0.011084
-0.009461
-0.010051
-0.007932
-0.009021
-0.007546
-0.007988
-0.008094
-0.009257
-0.007782
-0.008225
-0.006621
-0.007563
-0.006236
-0.006531
-0.006710
-0.007725
-0.006398
-0.006693
-0.005606
-0.006400
-0.005220
-0.005368
-0.005621
-0.006489
-0.005309
-0.005456
-0.004885
-0.005532
-0.004499
-0.004499
-0.004826
-0.005547
-0.004515
-0.004515
-0.004459
-0.004959
-0.004074
-0.003926
-0.004327
-0.004900
-0.004015
-0.003868
-0.004329
-0.004681
-0.003943
-0.003648
-0.004123
-0.004548
-0.003811
-0.003516
-0.004493
-0.004697
-0.004107
-0.003665
-0.004213
-0.004491
-0.003901
-0.003459
-0.004952
-0.005009
-0.004567
-0.003977
-0.004599
-0.004729
-0.004287
-0.003697
-0.005706
-0.005616
-0.005321
-0.004584
-0.005279
-0.005262
-0.004967
-0.004230
-0.006756
-0.006517
-0.006370
-0.005485
-0.006254
-0.006090
-0.005943
-0.005058
-0.008100
-0.007714
-0.007714
-0.006682
-0.007525
-0.007213
-0.007213
-0.006181
-0.009739
-0.009206
-0.009353
-0.008173
-0.009090
-0.008631
-0.008778
-0.007598
-0.011673
-0.010992
-0.011287
-0.009960
-0.010950
-0.010344
-0.010639
-0.009311
-0.013902
-0.013074
-0.013516
-0.012041
-0.013106
-0.012351
-0.012794
-0.011319
-0.016426
-0.015450
-0.016040
-0.014418
-0.015556
-0.014654
-0.015244
-0.013622
-0.019244
-0.018121
-0.018859
-0.017089
-0.018301
-0.017252
-0.017989
-0.016219
-0.015697
-0.017229
-0.015164
-0.016344
-0.016081
-0.017686
-0.015622
-0.016802
-0.013207
-0.014591
-0.012674
-0.013706
-0.013517
-0.014975
-0.013058
-0.014090
-0.011012
-0.012248
-0.010479
-0.011364
-0.011248
-0.012558
-0.010789
-0.011674
-0.009111
-0.010201
-0.008578
-0.009316
-0.009274
-0.010437
-0.008815
-0.009552
-0.007506
-0.008448
-0.006973
-0.007563
-0.007595
-0.008610
-0.007135
-0.007725
-0.006195
-0.006990
-0.005662
-0.006105
-0.006210
-0.007079
-0.005751
-0.006194
-0.005180
-0.005827
-0.004647
-0.004942
-0.005121
-0.005842
-0.004662
-0.004957
-0.004459
-0.004959
-0.003926
-0.004074
-0.004327
-0.004900
-0.003868
-0.004015
-0.004034
-0.004386
-0.003501
-0.003501
-0.003828
-0.004253
-0.003368
-0.003368
-0.003903
-0.004107
-0.003370
-0.003223
-0.003623
-0.003901
-0.003164
-0.003016
-0.004067
-0.004124
-0.003534
-0.003239
-0.003714
-0.003844
-0.003254
-0.002960
-0.004527
-0.004436
-0.003994
-0.003551
-0.004099
-0.004082
-0.003640
-0.003198
-0.005281
-0.005043
-0.004748
-0.004158
-0.004780
-0.004615
-0.004320
-0.003730
-0.006330
-0.005944
-0.005797
-0.005060
-0.005755
-0.005443
-0.005296
-0.004558
-0.007674
-0.007141
-0.007141
-0.006256
-0.007025
-0.006566
-0.006566
-0.005681
-0.009313
-0.008633
-0.008780
-0.007748
-0.008591
-0.007984
-0.008131
-0.007099
-0.011247
-0.010419
-0.010714
-0.009534
-0.010451
-0.009697
-0.009992
-0.008812
-0.013476
-0.012501
-0.012943
-0.011616
-0.012606
-0.011705
-0.012147
-0.010820
-0.016000
-0.014877
-0.015467
-0.013992
-0.015056
-0.014007
-0.014597
-0.013122
-0.018819
-0.017548
-0.018286
-0.016664
-0.017801
-0.016605
-0.017342
-0.015720
-0.015567
-0.016951
-0.014886
-0.016214
-0.015877
-0.017335
-0.015270
-0.016597
-0.013076
-0.014313
-0.012396
-0.013576
-0.013313
-0.014623
-0.012706
-0.013886
-0.010881
-0.011970
-0.010201
-0.011233
-0.011044
-0.012207
-0.010437
-0.011469
-0.008981
-0.009922
-0.008300
-0.009185
-0.009069
-0.010085
-0.008463
-0.009348
-0.007375
-0.008170
-0.006695
-0.007432
-0.007390
-0.008258
-0.006784
-0.007521
-0.006065
-0.006712
-0.005384
-0.005974
-0.006006
-0.006727
-0.005399
-0.005989
-0.005049
-0.005549
-0.004369
-0.004811
-0.004917
-0.005490
-0.004310
-0.004753
-0.004329
-0.004681
-0.003648
-0.003943
-0.004123
-0.004548
-0.003516
-0.003811
-0.003903
-0.004107
-0.003223
-0.003370
-0.003623
-0.003901
-0.003016
-0.003164
-0.003772
-0.003829
-0.003092
-0.003092
-0.003419
-0.003549
-0.002812
-0.002812
-0.003937
-0.003846
-0.003256
-0.003109
-0.003509
-0.003492
-0.002903
-0.002755
-0.004396
-0.004158
-0.003715
-0.003421
-0.003895
-0.003730
-0.003288
-0.002993
-0.005150
-0.004765
-0.004470
-0.004027
-0.004575
-0.004263
-0.003969
-0.003526
-0.006199
-0.005666
-0.005519
-0.004929
-0.005551
-0.005091
-0.004944
-0.004354
-0.007543
-0.006863
-0.006863
-0.006125
-0.006821
-0.006214
-0.006214
-0.005477
-0.009182
-0.008354
-0.008502
-0.007617
-0.008386
-0.007632
-0.007780
-0.006895
-0.011116
-0.010141
-0.010436
-0.009404
-0.010247
-0.009345
-0.009640
-0.008608
-0.013345
-0.012222
-0.012665
-0.011485
-0.012402
-0.011353
-0.011795
-0.010615
-0.015869
-0.014599
-0.015189
-0.013861
-0.014852
-0.013655
-0.014245
-0.012918
-0.018688
-0.017270
-0.018008
-0.016533
-0.017597
-0.016253
-0.016990
-0.015516
-0.015731
-0.016968
-0.014903
-0.016378
-0.015967
-0.017278
-0.015213
-0.016688
-0.013241
-0.014330
-0.012413
-0.013740
-0.013403
-0.014566
-0.012649
-0.013976
-0.011045
-0.011987
-0.010217
-0.011397
-0.011134
-0.012150
-0.010380
-0.011560
-0.009145
-0.009939
-0.008317
-0.009349
-0.009160
-0.010028
-0.008406
-0.009438
-0.007540
-0.008186
-0.006712
-0.007596
-0.007481
-0.008201
-0.006727
-0.007612
-0.006229
-0.006728
-0.005401
-0.006139
-0.006097
-0.006670
-0.005342
-0.006080
-0.005214
-0.005565
-0.004386
-0.004976
-0.005007
-0.005433
-0.004253
-0.004843
-0.004493
-0.004697
-0.003665
-0.004107
-0.004213
-0.004491
-0.003459
-0.003901
-0.004067
-0.004124
-0.003239
-0.003534
-0.003714
-0.003844
-0.002960
-0.003254
-0.003937
-0.003846
-0.003109
-0.003256
-0.003509
-0.003492
-0.002755
-0.002903
-0.004101
-0.003863
-0.003273
-0.003273
-0.003600
-0.003436
-0.002846
-0.002846
-0.004560
-0.004175
-0.003732
-0.003585
-0.003985
-0.003674
-0.003231
-0.003084
-0.005314
-0.004781
-0.004486
-0.004191
-0.004666
-0.004207
-0.003912
-0.003617
-0.006364
-0.005683
-0.005536
-0.005093
-0.005641
-0.005034
-0.004887
-0.004445
-0.007708
-0.006880
-0.006880
-0.006290
-0.006912
-0.006157
-0.006157
-0.005567
-0.009347
-0.008371
-0.008519
-0.007781
-0.008477
-0.007575
-0.007723
-0.006985
-0.011281
-0.010158
-0.010453
-0.009568
-0.010337
-0.009288
-0.009583
-0.008698
-0.013510
-0.012239
-0.012682
-0.011649
-0.012492
-0.011296
-0.011738
-0.010706
-0.016034
-0.014616
-0.015206
-0.014026
-0.014942
-0.013598
-0.014188
-0.013008
-0.018852
-0.017287
-0.018024
-0.016697
-0.017688
-0.016196
-0.016933
-0.015606
-0.016190
-0.017279
-0.015215
-0.016837
-0.016353
-0.017516
-0.015451
-0.017073
-0.013700
-0.014642
-0.012725
-0.014199
-0.013789
-0.014804
-0.012887
-0.014362
-0.011505
-0.012299
-0.010529
-0.011856
-0.011520
-0.012388
-0.010618
-0.011945
-0.009604
-0.010251
-0.008629
-0.009809
-0.009545
-0.010266
-0.008644
-0.009824
-0.007999
-0.008498
-0.007023
-0.008056
-0.007866
-0.008439
-0.006965
-0.007997
-0.006688
-0.007040
-0.005713
-0.006598
-0.006482
-0.006908
-0.005580
-0.006465
-0.005673
-0.005877
-0.004697
-0.005435
-0.005393
-0.005671
-0.004491
-0.005229
-0.004952
-0.005009
-0.003977
-0.004567
-0.004599
-0.004729
-0.003697
-0.004287
-0.004527
-0.004436
-0.003551
-0.003994
-0.004099
-0.004082
-0.003198
-0.003640
-0.004396
-0.004158
-0.003421
-0.003715
-0.003895
-0.003730
-0.002993
-0.003288
-0.004560
-0.004175
-0.003585
-0.003732
-0.003985
-0.003674
-0.003084
-0.003231
-0.005019
-0.004486
-0.004044
-0.004044
-0.004371
-0.003912
-0.003469
-0.003469
-0.005774
-0.005093
-0.004798
-0.004651
-0.005051
-0.004445
-0.004150
-0.004002
-0.006823
-0.005995
-0.005847
-0.005552
-0.006027
-0.005272
-0.005125
-0.004830
-0.008167
-0.007191
-0.007191
-0.006749
-0.007297
-0.006395
-0.006395
-0.005953
-0.009806
-0.008683
-0.008830
-0.008241
-0.008862
-0.007813
-0.007961
-0.007371
-0.011740
-0.010470
-0.010764
-0.010027
-0.010723
-0.009526
-0.009821
-0.009084
-0.013969
-0.012551
-0.012993
-0.012109
-0.012878
-0.011534
-0.011976
-0.011091
-0.016493
-0.014927
-0.015517
-0.014485
-0.015328
-0.013836
-0.014426
-0.013394
-0.019312
-0.017599
-0.018336
-0.017156
-0.018073
-0.016434
-0.017171
-0.015992
-0.016944
-0.017886
-0.015821
-0.017591
-0.017033
-0.018049
-0.015984
-0.017754
-0.014454
-0.015248
-0.013331
-0.014953
-0.014469
-0.015337
-0.013420
-0.015042
-0.012259
-0.012906
-0.011136
-0.012611
-0.012200
-0.012921
-0.011151
-0.012626
-0.010358
-0.010858
-0.009236
-0.010563
-0.010226
-0.010799
-0.009177
-0.010504
-0.008753
-0.009105
-0.007630
-0.008810
-0.008547
-0.008972
-0.007498
-0.008677
-0.007442
-0.007647
-0.006320
-0.007352
-0.007163
-0.007441
-0.006113
-0.007146
-0.006427
-0.006484
-0.005304
-0.006189
-0.006073
-0.006204
-0.005024
-0.005909
-0.005706
-0.005616
-0.004584
-0.005321
-0.005279
-0.005262
-0.004230
-0.004967
-0.005281
-0.005043
-0.004158
-0.004748
-0.004780
-0.004615
-0.003730
-0.004320
-0.005150
-0.004765
-0.004027
-0.004470
-0.004575
-0.004263
-0.003526
-0.003969
-0.005314
-0.004781
-0.004191
-0.004486
-0.004666
-0.004207
-0.003617
-0.003912
-0.005774
-0.005093
-0.004651
-0.004798
-0.005051
-0.004445
-0.004002
-0.004150
-0.006528
-0.005700
-0.005405
-0.005405
-0.005732
-0.004978
-0.004683
-0.004683
-0.007577
-0.006602
-0.006454
-0.006307
-0.006707
-0.005805
-0.005658
-0.005511
-0.008921
-0.007798
-0.007798
-0.007503
-0.007977
-0.006928
-0.006928
-0.006633
-0.010560
-0.009290
-0.009437
-0.008995
-0.009543
-0.008346
-0.008494
-0.008051
-0.012494
-0.011076
-0.011371
-0.010781
-0.011403
-0.010059
-0.010354
-0.009764
-0.014723
-0.013158
-0.013600
-0.012863
-0.013558
-0.012067
-0.012509
-0.011772
-0.017247
-0.015534
-0.016124
-0.015239
-0.016008
-0.014369
-0.014959
-0.014074
-0.020066
-0.018206
-0.018943
-0.017911
-0.018754
-0.016967
-0.017704
-0.016672
-0.017994
-0.018788
-0.016723
-0.018640
-0.018009
-0.018877
-0.016812
-0.018729
-0.015503
-0.016150
-0.014233
-0.016003
-0.015445
-0.016165
-0.014248
-0.016018
-0.013308
-0.013807
-0.012038
-0.013660
-0.013175
-0.013749
-0.011979
-0.013601
-0.011408
-0.011759
-0.010137
-0.011612
-0.011201
-0.011627
-0.010005
-0.011479
-0.009802
-0.010006
-0.008532
-0.009859
-0.009522
-0.009800
-0.008326
-0.009653
-0.008492
-0.008549
-0.007221
-0.008401
-0.008138
-0.008269
-0.006941
-0.008121
-0.007476
-0.007386
-0.006206
-0.007238
-0.007049
-0.007032
-0.005852
-0.006884
-0.006756
-0.006517
-0.005485
-0.006370
-0.006254
-0.006090
-0.005058
-0.005943
-0.006330
-0.005944
-0.005060
-0.005797
-0.005755
-0.005443
-0.004558
-0.005296
-0.006199
-0.005666
-0.004929
-0.005519
-0.005551
-0.005091
-0.004354
-0.004944
-0.006364
-0.005683
-0.005093
-0.005536
-0.005641
-0.005034
-0.004445
-0.004887
-0.006823
-0.005995
-0.005552
-0.005847
-0.006027
-0.005272
-0.004830
-0.005125
-0.007577
-0.006602
-0.006307
-0.006454
-0.006707
-0.005805
-0.005511
-0.005658
-0.008626
-0.007503
-0.007356
-0.007356
-0.007683
-0.006633
-0.006486
-0.006486
-0.009970
-0.008700
-0.008700
-0.008552
-0.008953
-0.007756
-0.007756
-0.007609
-0.011609
-0.010191
-0.010339
-0.010044
-0.010518
-0.009174
-0.009322
-0.009027
-0.013543
-0.011978
-0.012273
-0.011830
-0.012378
-0.010887
-0.011182
-0.010739
-0.015772
-0.014059
-0.014502
-0.013912
-0.014534
-0.012895
-0.013337
-0.012747
-0.018296
-0.016436
-0.017026
-0.016288
-0.016984
-0.015197
-0.015787
-0.015050
-0.021115
-0.019107
-0.019845
-0.018960
-0.019729
-0.017795
-0.018532
-0.017647
-0.019338
-0.019984
-0.017920
-0.019984
-0.019279
-0.019999
-0.017935
-0.019999
-0.016847
-0.017347
-0.015429
-0.017347
-0.016715
-0.017288
-0.015371
-0.017288
-0.014652
-0.015004
-0.013234
-0.015004
-0.014446
-0.014871
-0.013102
-0.014871
-0.012752
-0.012956
-0.011334
-0.012956
-0.012472
-0.012750
-0.011128
-0.012750
-0.011146
-0.011203
-0.009728
-0.011203
-0.010793
-0.010923
-0.009448
-0.010923
-0.009836
-0.009745
-0.008418
-0.009745
-0.009408
-0.009392
-0.008064
-0.009392
-0.008820
-0.008582
-0.007402
-0.008582
-0.008319
-0.008155
-0.006975
-0.008155
-0.008100
-0.007714
-0.006682
-0.007714
-0.007525
-0.007213
-0.006181
-0.007213
-0.007674
-0.007141
-0.006256
-0.007141
-0.007025
-0.006566
-0.005681
-0.006566
-0.007543
-0.006863
-0.006125
-0.006863
-0.006821
-0.006214
-0.005477
-0.006214
-0.007708
-0.006880
-0.006290
-0.006880
-0.006912
-0.006157
-0.005567
-0.006157
-0.008167
-0.007191
-0.006749
-0.007191
-0.007297
-0.006395
-0.005953
-0.006395
-0.008921
-0.007798
-0.007503
-0.007798
-0.007977
-0.006928
-0.006633
-0.006928
-0.009970
-0.008700
-0.008552
-0.008700
-0.008953
-0.007756
-0.007609
-0.007756
-0.011314
-0.009896
-0.009896
-0.009896
-0.010223
-0.008879
-0.008879
-0.008879
-0.012953
-0.011388
-0.011535
-0.011388
-0.011789
-0.010297
-0.010444
-0.010297
-0.014887
-0.013175
-0.013469
-0.013175
-0.013649
-0.012010
-0.012305
-0.012010
-0.017116
-0.015256
-0.015698
-0.015256
-0.015804
-0.014018
-0.014460
-0.014018
-0.019640
-0.017632
-0.018222
-0.017632
-0.018254
-0.016320
-0.016910
-0.016320
-0.022459
-0.020304
-0.021041
-0.020304
-0.020999
-0.018918
-0.019655
-0.018918
-0.020977
-0.021476
-0.019411
-0.021623
-0.020844
-0.021417
-0.019353
-0.021565
-0.018486
-0.018838
-0.016921
-0.018986
-0.018280
-0.018706
-0.016789
-0.018853
-0.016291
-0.016495
-0.014726
-0.016643
-0.016011
-0.016289
-0.014520
-0.016437
-0.014391
-0.014448
-0.012825
-0.014595
-0.014037
-0.014168
-0.012545
-0.014315
-0.012785
-0.012695
-0.011220
-0.012842
-0.012358
-0.012341
-0.010866
-0.012489
-0.011475
-0.011237
-0.009909
-0.011384
-0.010974
-0.010809
-0.009482
-0.010957
-0.010459
-0.010074
-0.008894
-0.010221
-0.009884
-0.009573
-0.008393
-0.009720
-0.009739
-0.009206
-0.008173
-0.009353
-0.009090
-0.008631
-0.007598
-0.008778
-0.009313
-0.008633
-0.007748
-0.008780
-0.008591
-0.007984
-0.007099
-0.008131
-0.009182
-0.008354
-0.007617
-0.008502
-0.008386
-0.007632
-0.006895
-0.007780
-0.009347
-0.008371
-0.007781
-0.008519
-0.008477
-0.007575
-0.006985
-0.007723
-0.009806
-0.008683
-0.008241
-0.008830
-0.008862
-0.007813
-0.007371
-0.007961
-0.010560
-0.009290
-0.008995
-0.009437
-0.009543
-0.008346
-0.008051
-0.008494
-0.011609
-0.010191
-0.010044
-0.010339
-0.010518
-0.009174
-0.009027
-0.009322
-0.012953
-0.011388
-0.011388
-0.011535
-0.011789
-0.010297
-0.010297
-0.010444
-0.014592
-0.012880
-0.013027
-0.013027
-0.013354
-0.011715
-0.011862
-0.011862
-0.016526
-0.014666
-0.014961
-0.014814
-0.015214
-0.013428
-0.013723
-0.013575
-0.018755
-0.016748
-0.017190
-0.016895
-0.017369
-0.015435
-0.015878
-0.015583
-0.021279
-0.019124
-0.019714
-0.019271
-0.019820
-0.017738
-0.018328
-0.017886
-0.024098
-0.021795
-0.022533
-0.021943
-0.022565
-0.020336
-0.021073
-0.020483
-0.022911
-0.023263
-0.021198
-0.023557
-0.022704
-0.023130
-0.021065
-0.023425
-0.020420
-0.020625
-0.018708
-0.020920
-0.020140
-0.020419
-0.018501
-0.020714
-0.018225
-0.018282
-0.016512
-0.018577
-0.017871
-0.018002
-0.016232
-0.018297
-0.016325
-0.016234
-0.014612
-0.016529
-0.015897
-0.015880
-0.014258
-0.016175
-0.014719
-0.014481
-0.013006
-0.014776
-0.014218
-0.014054
-0.012579
-0.014349
-0.013409
-0.013023
-0.011696
-0.013318
-0.012834
-0.012522
-0.011195
-0.012817
-0.012393
-0.011860
-0.010680
-0.012155
-0.011745
-0.011285
-0.010106
-0.011580
-0.011673
-0.010992
-0.009960
-0.011287
-0.010950
-0.010344
-0.009311
-0.010639
-0.011247
-0.010419
-0.009534
-0.010714
-0.010451
-0.009697
-0.008812
-0.009992
-0.011116
-0.010141
-0.009404
-0.010436
-0.010247
-0.009345
-0.008608
-0.009640
-0.011281
-0.010158
-0.009568
-0.010453
-0.010337
-0.009288
-0.008698
-0.009583
-0.011740
-0.010470
-0.010027
-0.010764
-0.010723
-0.009526
-0.009084
-0.009821
-0.012494
-0.011076
-0.010781
-0.011371
-0.011403
-0.010059
-0.009764
-0.010354
-0.013543
-0.011978
-0.011830
-0.012273
-0.012378
-0.010887
-0.010739
-0.011182
-0.014887
-0.013175
-0.013175
-0.013469
-0.013649
-0.012010
-0.012010
-0.012305
-0.016526
-0.014666
-0.014814
-0.014961
-0.015214
-0.013428
-0.013575
-0.013723
-0.018460
-0.016453
-0.016748
-0.016748
-0.017074
-0.015140
-0.015435
-0.015435
-0.020689
-0.018534
-0.018977
-0.018829
-0.019230
-0.017148
-0.017591
-0.017443
-0.023213
-0.020911
-0.021500
-0.021205
-0.021680
-0.019451
-0.020041
-0.019746
-0.026032
-0.023582
-0.024319
-0.023877
-0.024425
-0.022048
-0.022786
-0.022343
-0.025140
-0.025344
-0.023279
-0.025786
-0.024860
-0.025138
-0.023073
-0.025580
-0.022649
-0.022706
-0.020789
-0.023149
-0.022296
-0.022426
-0.020509
-0.022869
-0.020454
-0.020363
-0.018594
-0.020806
-0.020027
-0.020010
-0.018240
-0.020452
-0.018554
-0.018316
-0.016693
-0.018758
-0.018052
-0.017888
-0.016266
-0.018331
-0.016948
-0.016563
-0.015088
-0.017005
-0.016373
-0.016062
-0.014587
-0.016504
-0.015638
-0.015105
-0.013777
-0.015547
-0.014989
-0.014530
-0.013203
-0.014972
-0.014622
-0.013942
-0.012762
-0.014384
-0.013900
-0.013293
-0.012113
-0.013736
-0.013902
-0.013074
-0.012041
-0.013516
-0.013106
-0.012351
-0.011319
-0.012794
-0.013476
-0.012501
-0.011616
-0.012943
-0.012606
-0.011705
-0.010820
-0.012147
-0.013345
-0.012222
-0.011485
-0.012665
-0.012402
-0.011353
-0.010615
-0.011795
-0.013510
-0.012239
-0.011649
-0.012682
-0.012492
-0.011296
-0.010706
-0.011738
-0.013969
-0.012551
-0.012109
-0.012993
-0.012878
-0.011534
-0.011091
-0.011976
-0.014723
-0.013158
-0.012863
-0.013600
-0.013558
-0.012067
-0.011772
-0.012509
-0.015772
-0.014059
-0.013912
-0.014502
-0.014534
-0.012895
-0.012747
-0.013337
-0.017116
-0.015256
-0.015256
-0.015698
-0.015804
-0.014018
-0.014018
-0.014460
-0.018755
-0.016748
-0.016895
-0.017190
-0.017369
-0.015435
-0.015583
-0.015878
-0.020689
-0.018534
-0.018829
-0.018977
-0.019230
-0.017148
-0.017443
-0.017591
-0.022918
-0.020616
-0.021058
-0.021058
-0.021385
-0.019156
-0.019598
-0.019598
-0.025442
-0.022992
-0.023582
-0.023434
-0.023835
-0.021459
-0.022048
-0.021901
-0.028261
-0.025663
-0.026401
-0.026106
-0.026580
-0.024056
-0.024794
-0.024499
-0.027664
-0.027720
-0.025656
-0.028310
-0.027310
-0.027441
-0.025376
-0.028030
-0.025173
-0.025083
-0.023165
-0.025673
-0.024746
-0.024729
-0.022812
-0.025319
-0.022978
-0.022740
-0.020970
-0.023330
-0.022477
-0.022312
-0.020543
-0.022902
-0.021078
-0.020692
-0.019070
-0.021282
-0.020503
-0.020191
-0.018569
-0.020781
-0.019472
-0.018939
-0.017464
-0.019529
-0.018823
-0.018364
-0.016889
-0.018954
-0.018162
-0.017481
-0.016154
-0.018071
-0.017439
-0.016833
-0.015505
-0.017422
-0.017146
-0.016318
-0.015138
-0.016908
-0.016350
-0.015596
-0.014416
-0.016186
-0.016426
-0.015450
-0.014418
-0.016040
-0.015556
-0.014654
-0.013622
-0.015244
-0.016000
-0.014877
-0.013992
-0.015467
-0.015056
-0.014007
-0.013122
-0.014597
-0.015869
-0.014599
-0.013861
-0.015189
-0.014852
-0.013655
-0.012918
-0.014245
-0.016034
-0.014616
-0.014026
-0.015206
-0.014942
-0.013598
-0.013008
-0.014188
-0.016493
-0.014927
-0.014485
-0.015517
-0.015328
-0.013836
-0.013394
-0.014426
-0.017247
-0.015534
-0.015239
-0.016124
-0.016008
-0.014369
-0.014074
-0.014959
-0.018296
-0.016436
-0.016288
-0.017026
-0.016984
-0.015197
-0.015050
-0.015787
-0.019640
-0.017632
-0.017632
-0.018222
-0.018254
-0.016320
-0.016320
-0.016910
-0.021279
-0.019124
-0.019271
-0.019714
-0.019820
-0.017738
-0.017886
-0.018328
-0.023213
-0.020911
-0.021205
-0.021500
-0.021680
-0.019451
-0.019746
-0.020041
-0.025442
-0.022992
-0.023434
-0.023582
-0.023835
-0.021459
-0.021901
-0.022048
-0.027966
-0.025368
-0.025958
-0.025958
-0.026285
-0.023761
-0.024351
-0.024351
-0.030785
-0.028040
-0.028777
-0.028630
-0.029030
-0.026359
-0.027096
-0.026949
-0.030482
-0.030392
-0.028327
-0.031129
-0.030055
-0.030038
-0.027974
-0.030776
-0.027992
-0.027754
-0.025837
-0.028491
-0.027491
-0.027327
-0.025409
-0.028064
-0.025797
-0.025411
-0.023642
-0.026149
-0.025222
-0.024910
-0.023140
-0.025648
-0.023896
-0.023363
-0.021741
-0.024101
-0.023248
-0.022789
-0.021166
-0.023526
-0.022291
-0.021610
-0.020136
-0.022348
-0.021569
-0.020962
-0.019487
-0.021699
-0.020980
-0.020153
-0.018825
-0.020890
-0.020184
-0.019430
-0.018103
-0.020168
-0.019965
-0.018990
-0.017810
-0.019727
-0.019095
-0.018193
-0.017014
-0.018931
-0.019244
-0.018121
-0.017089
-0.018859
-0.018301
-0.017252
-0.016219
-0.017989
-0.018819
-0.017548
-0.016664
-0.018286
-0.017801
-0.016605
-0.015720
-0.017342
-0.018688
-0.017270
-0.016533
-0.018008
-0.017597
-0.016253
-0.015516
-0.016990
-0.018852
-0.017287
-0.016697
-0.018024
-0.017688
-0.016196
-0.015606
-0.016933
-0.019312
-0.017599
-0.017156
-0.018336
-0.018073
-0.016434
-0.015992
-0.017171
-0.020066
-0.018206
-0.017911
-0.018943
-0.018754
-0.016967
-0.016672
-0.017704
-0.021115
-0.019107
-0.018960
-0.019845
-0.019729
-0.017795
-0.017647
-0.018532
-0.022459
-0.020304
-0.020304
-0.021041
-0.020999
-0.018918
-0.018918
-0.019655
-0.024098
-0.021795
-0.021943
-0.022533
-0.022565
-0.020336
-0.020483
-0.021073
-0.026032
-0.023582
-0.023877
-0.024319
-0.024425
-0.022048
-0.022343
-0.022786
-0.028261
-0.025663
-0.026106
-0.026401
-0.026580
-0.024056
-0.024499
-0.024794
-0.030785
-0.028040
-0.028630
-0.028777
-0.029030
-0.026359
-0.026949
-0.027096
-0.033604
-0.030711
-0.031449
-0.031449
-0.031775
-0.028957
-0.029694
-0.029694
-0.029000
-0.031711
-0.029499
-0.029499
-0.029900
-0.032685
-0.030473
-0.030473
-0.026510
-0.029074
-0.027009
-0.026862
-0.027336
-0.029974
-0.027909
-0.027761
-0.024314
-0.026731
-0.024814
-0.024519
-0.025067
-0.027557
-0.025640
-0.025345
-0.022414
-0.024683
-0.022913
-0.022471
-0.023093
-0.025435
-0.023666
-0.023223
-0.020809
-0.022930
-0.021308
-0.020718
-0.021414
-0.023609
-0.021987
-0.021397
-0.019498
-0.021472
-0.019997
-0.019260
-0.020029
-0.022077
-0.020602
-0.019865
-0.018483
-0.020309
-0.018982
-0.018097
-0.018940
-0.020840
-0.019513
-0.018628
-0.017762
-0.019441
-0.018261
-0.017229
-0.018146
-0.019899
-0.018719
-0.017686
-0.017336
-0.018868
-0.017836
-0.016656
-0.017646
-0.019252
-0.018219
-0.017040
-0.017206
-0.018590
-0.017705
-0.016378
-0.017442
-0.018900
-0.018015
-0.016688
-0.017370
-0.018607
-0.017869
-0.016395
-0.017533
-0.018843
-0.018106
-0.016631
-0.017829
-0.018918
-0.018329
-0.016706
-0.017918
-0.019081
-0.018491
-0.016869
-0.018583
-0.019525
-0.019083
-0.017313
-0.018598
-0.019614
-0.019172
-0.017402
-0.019633
-0.020427
-0.020132
-0.018215
-0.019574
-0.020442
-0.020147
-0.018230
-0.020977
-0.021623
-0.021476
-0.019411
-0.020844
-0.021565
-0.021417
-0.019353
-0.022616
-0.023115
-0.023115
-0.020903
-0.022410
-0.022983
-0.022983
-0.020770
-0.024550
-0.024902
-0.025049
-0.022689
-0.024270
-0.024695
-0.024843
-0.022483
-0.026779
-0.026983
-0.027278
-0.024771
-0.026425
-0.026703
-0.026998
-0.024491
-0.029303
-0.029359
-0.029802
-0.027147
-0.028875
-0.029006
-0.029448
-0.026794
-0.032121
-0.032031
-0.032621
-0.029819
-0.031620
-0.031603
-0.032193
-0.029391
-0.026510
-0.029074
-0.026862
-0.027009
-0.027336
-0.029974
-0.027761
-0.027909
-0.024019
-0.026436
-0.024371
-0.024371
-0.024772
-0.027262
-0.025197
-0.025197
-0.021824
-0.024093
-0.022176
-0.022029
-0.022503
-0.024846
-0.022928
-0.022781
-0.019924
-0.022045
-0.020276
-0.019981
-0.020529
-0.022724
-0.020954
-0.020659
-0.018318
-0.020292
-0.018670
-0.018228
-0.018849
-0.020897
-0.019275
-0.018833
-0.017008
-0.018834
-0.017360
-0.016770
-0.017465
-0.019366
-0.017891
-0.017301
-0.015992
-0.017671
-0.016344
-0.015607
-0.016376
-0.018129
-0.016802
-0.016064
-0.015272
-0.016803
-0.015624
-0.014739
-0.015582
-0.017187
-0.016007
-0.015122
-0.014846
-0.016230
-0.015198
-0.014166
-0.015082
-0.016540
-0.015508
-0.014476
-0.014715
-0.015952
-0.015067
-0.013888
-0.014878
-0.016188
-0.015304
-0.014124
-0.014880
-0.015969
-0.015232
-0.013904
-0.014968
-0.016131
-0.015394
-0.014067
-0.015339
-0.016281
-0.015691
-0.014216
-0.015354
-0.016370
-0.015780
-0.014305
-0.016093
-0.016887
-0.016445
-0.014823
-0.016034
-0.016902
-0.016460
-0.014838
-0.017142
-0.017789
-0.017494
-0.015724
-0.017010
-0.017730
-0.017435
-0.015666
-0.018486
-0.018986
-0.018838
-0.016921
-0.018280
-0.018853
-0.018706
-0.016789
-0.020125
-0.020477
-0.020477
-0.018413
-0.019846
-0.020271
-0.020271
-0.018206
-0.022059
-0.022264
-0.022411
-0.020199
-0.021706
-0.021984
-0.022131
-0.019919
-0.024288
-0.024345
-0.024640
-0.022281
-0.023861
-0.023992
-0.024287
-0.021927
-0.026812
-0.026722
-0.027164
-0.024657
-0.026311
-0.026294
-0.026737
-0.024230
-0.029631
-0.029393
-0.029983
-0.027328
-0.029056
-0.028892
-0.029482
-0.026827
-0.024314
-0.026731
-0.024519
-0.024814
-0.025067
-0.027557
-0.025345
-0.025640
-0.021824
-0.024093
-0.022029
-0.022176
-0.022503
-0.024846
-0.022781
-0.022928
-0.019629
-0.021750
-0.019833
-0.019833
-0.020234
-0.022429
-0.020512
-0.020512
-0.017728
-0.019703
-0.017933
-0.017785
-0.018260
-0.020307
-0.018538
-0.018390
-0.016123
-0.017950
-0.016327
-0.016032
-0.016580
-0.018481
-0.016859
-0.016564
-0.014812
-0.016492
-0.015017
-0.014574
-0.015196
-0.016949
-0.015474
-0.015032
-0.013797
-0.015329
-0.014001
-0.013411
-0.014107
-0.015712
-0.014385
-0.013795
-0.013076
-0.014461
-0.013281
-0.012543
-0.013313
-0.014771
-0.013591
-0.012853
-0.012651
-0.013888
-0.012855
-0.011970
-0.012813
-0.014124
-0.013091
-0.012207
-0.012520
-0.013609
-0.012725
-0.011692
-0.012609
-0.013772
-0.012887
-0.011855
-0.012684
-0.013626
-0.012889
-0.011709
-0.012699
-0.013715
-0.012978
-0.011798
-0.013144
-0.013938
-0.013348
-0.012021
-0.013085
-0.013953
-0.013363
-0.012036
-0.013898
-0.014545
-0.014102
-0.012627
-0.013765
-0.014486
-0.014044
-0.012569
-0.014947
-0.015446
-0.015151
-0.013529
-0.014741
-0.015314
-0.015019
-0.013397
-0.016291
-0.016643
-0.016495
-0.014726
-0.016011
-0.016437
-0.016289
-0.014520
-0.017930
-0.018134
-0.018134
-0.016217
-0.017576
-0.017855
-0.017855
-0.015937
-0.019864
-0.019921
-0.020068
-0.018004
-0.019437
-0.019567
-0.019715
-0.017650
-0.022093
-0.022002
-0.022297
-0.020085
-0.021592
-0.021575
-0.021870
-0.019658
-0.024617
-0.024379
-0.024821
-0.022462
-0.024042
-0.023878
-0.024320
-0.021961
-0.027436
-0.027050
-0.027640
-0.025133
-0.026787
-0.026475
-0.027065
-0.024558
-0.022414
-0.024683
-0.022471
-0.022913
-0.023093
-0.025435
-0.023223
-0.023666
-0.019924
-0.022045
-0.019981
-0.020276
-0.020529
-0.022724
-0.020659
-0.020954
-0.017728
-0.019703
-0.017785
-0.017933
-0.018260
-0.020307
-0.018390
-0.018538
-0.015828
-0.017655
-0.015885
-0.015885
-0.016285
-0.018186
-0.016416
-0.016416
-0.014223
-0.015902
-0.014280
-0.014132
-0.014606
-0.016359
-0.014737
-0.014590
-0.012912
-0.014444
-0.012969
-0.012674
-0.013222
-0.014828
-0.013353
-0.013058
-0.011897
-0.013281
-0.011954
-0.011511
-0.012133
-0.013591
-0.012264
-0.011821
-0.011176
-0.012413
-0.011233
-0.010643
-0.011339
-0.012649
-0.011469
-0.010879
-0.010750
-0.011840
-0.010807
-0.010070
-0.010839
-0.012002
-0.010970
-0.010232
-0.010620
-0.011562
-0.010677
-0.009792
-0.010635
-0.011650
-0.010765
-0.009881
-0.010784
-0.011578
-0.010841
-0.009809
-0.010725
-0.011593
-0.010856
-0.009824
-0.011243
-0.011890
-0.011300
-0.010120
-0.011111
-0.011831
-0.011241
-0.010062
-0.011997
-0.012497
-0.012054
-0.010727
-0.011791
-0.012364
-0.011922
-0.010595
-0.013047
-0.013398
-0.013103
-0.011629
-0.012767
-0.013192
-0.012897
-0.011423
-0.014391
-0.014595
-0.014448
-0.012825
-0.014037
-0.014315
-0.014168
-0.012545
-0.016030
-0.016087
-0.016087
-0.014317
-0.015602
-0.015733
-0.015733
-0.013963
-0.017964
-0.017873
-0.018021
-0.016103
-0.017463
-0.017446
-0.017593
-0.015676
-0.020193
-0.019955
-0.020250
-0.018185
-0.019618
-0.019454
-0.019748
-0.017684
-0.022717
-0.022331
-0.022773
-0.020561
-0.022068
-0.021756
-0.022199
-0.019986
-0.025535
-0.025002
-0.025592
-0.023233
-0.024813
-0.024354
-0.024944
-0.022584
-0.020809
-0.022930
-0.020718
-0.021308
-0.021414
-0.023609
-0.021397
-0.021987
-0.018318
-0.020292
-0.018228
-0.018670
-0.018849
-0.020897
-0.018833
-0.019275
-0.016123
-0.017950
-0.016032
-0.016327
-0.016580
-0.018481
-0.016564
-0.016859
-0.014223
-0.015902
-0.014132
-0.014280
-0.014606
-0.016359
-0.014590
-0.014737
-0.012617
-0.014149
-0.012527
-0.012527
-0.012927
-0.014533
-0.012910
-0.012910
-0.011307
-0.012691
-0.011216
-0.011069
-0.011543
-0.013001
-0.011526
-0.011379
-0.010291
-0.011528
-0.010201
-0.009906
-0.010454
-0.011764
-0.010437
-0.010142
-0.009571
-0.010660
-0.009480
-0.009038
-0.009659
-0.010822
-0.009643
-0.009200
-0.009145
-0.010087
-0.009054
-0.008465
-0.009160
-0.010176
-0.009143
-0.008553
-0.009014
-0.009809
-0.008924
-0.008186
-0.008956
-0.009824
-0.008939
-0.008201
-0.009179
-0.009825
-0.009088
-0.008203
-0.009046
-0.009767
-0.009029
-0.008144
-0.009638
-0.010137
-0.009547
-0.008515
-0.009432
-0.010005
-0.009415
-0.008382
-0.010392
-0.010744
-0.010301
-0.009122
-0.010112
-0.010538
-0.010095
-0.008915
-0.011441
-0.011646
-0.011351
-0.010023
-0.011087
-0.011366
-0.011071
-0.009743
-0.012785
-0.012842
-0.012695
-0.011220
-0.012358
-0.012489
-0.012341
-0.010866
-0.014424
-0.014334
-0.014334
-0.012711
-0.013923
-0.013906
-0.013906
-0.012284
-0.016358
-0.016120
-0.016268
-0.014498
-0.015783
-0.015619
-0.015767
-0.013997
-0.018587
-0.018202
-0.018497
-0.016579
-0.017939
-0.017627
-0.017922
-0.016005
-0.021111
-0.020578
-0.021021
-0.018956
-0.020389
-0.019930
-0.020372
-0.018307
-0.023930
-0.023250
-0.023839
-0.021627
-0.023134
-0.022527
-0.023117
-0.020905
-0.019498
-0.021472
-0.019260
-0.019997
-0.020029
-0.022077
-0.019865
-0.020602
-0.017008
-0.018834
-0.016770
-0.017360
-0.017465
-0.019366
-0.017301
-0.017891
-0.014812
-0.016492
-0.014574
-0.015017
-0.015196
-0.016949
-0.015032
-0.015474
-0.012912
-0.014444
-0.012674
-0.012969
-0.013222
-0.014828
-0.013058
-0.013353
-0.011307
-0.012691
-0.011069
-0.011216
-0.011543
-0.013001
-0.011379
-0.011526
-0.009996
-0.011233
-0.009758
-0.009758
-0.010159
-0.011469
-0.009994
-0.009994
-0.008981
-0.010070
-0.008743
-0.008595
-0.009069
-0.010232
-0.008905
-0.008758
-0.008260
-0.009202
-0.008022
-0.007727
-0.008275
-0.009291
-0.008111
-0.007816
-0.007834
-0.008629
-0.007596
-0.007154
-0.007776
-0.008644
-0.007612
-0.007169
-0.007704
-0.008351
-0.007466
-0.006876
-0.007571
-0.008292
-0.007407
-0.006817
-0.007868
-0.008367
-0.007630
-0.006893
-0.007662
-0.008235
-0.007498
-0.006760
-0.008327
-0.008679
-0.008089
-0.007204
-0.008047
-0.008473
-0.007883
-0.006998
-0.009082
-0.009286
-0.008843
-0.007811
-0.008728
-0.009006
-0.008564
-0.007531
-0.010131
-0.010188
-0.009893
-0.008713
-0.009703
-0.009834
-0.009539
-0.008359
-0.011475
-0.011384
-0.011237
-0.009909
-0.010974
-0.010957
-0.010809
-0.009482
-0.013114
-0.012876
-0.012876
-0.011401
-0.012539
-0.012375
-0.012375
-0.010900
-0.015048
-0.014662
-0.014810
-0.013188
-0.014399
-0.014087
-0.014235
-0.012613
-0.017277
-0.016744
-0.017039
-0.015269
-0.016554
-0.016095
-0.016390
-0.014620
-0.019801
-0.019120
-0.019563
-0.017645
-0.019005
-0.018398
-0.018840
-0.016923
-0.022620
-0.021792
-0.022381
-0.020317
-0.021750
-0.020996
-0.021585
-0.019521
-0.018483
-0.020309
-0.018097
-0.018982
-0.018940
-0.020840
-0.018628
-0.019513
-0.015992
-0.017671
-0.015607
-0.016344
-0.016376
-0.018129
-0.016064
-0.016802
-0.013797
-0.015329
-0.013411
-0.014001
-0.014107
-0.015712
-0.013795
-0.014385
-0.011897
-0.013281
-0.011511
-0.011954
-0.012133
-0.013591
-0.011821
-0.012264
-0.010291
-0.011528
-0.009906
-0.010201
-0.010454
-0.011764
-0.010142
-0.010437
-0.008981
-0.010070
-0.008595
-0.008743
-0.009069
-0.010232
-0.008758
-0.008905
-0.007965
-0.008907
-0.007580
-0.007580
-0.007980
-0.008996
-0.007668
-0.007668
-0.007245
-0.008039
-0.006859
-0.006712
-0.007186
-0.008054
-0.006874
-0.006727
-0.006819
-0.007466
-0.006433
-0.006139
-0.006687
-0.007407
-0.006375
-0.006080
-0.006688
-0.007188
-0.006303
-0.005860
-0.006482
-0.007055
-0.006170
-0.005728
-0.006853
-0.007204
-0.006467
-0.005877
-0.006573
-0.006998
-0.006261
-0.005671
-0.007312
-0.007516
-0.006926
-0.006189
-0.006958
-0.007236
-0.006646
-0.005909
-0.008066
-0.008123
-0.007680
-0.006796
-0.007639
-0.007769
-0.007327
-0.006442
-0.009115
-0.009025
-0.008730
-0.007697
-0.008614
-0.008597
-0.008302
-0.007270
-0.010459
-0.010221
-0.010074
-0.008894
-0.009884
-0.009720
-0.009573
-0.008393
-0.012098
-0.011713
-0.011713
-0.010385
-0.011450
-0.011138
-0.011138
-0.009811
-0.014032
-0.013499
-0.013647
-0.012172
-0.013310
-0.012851
-0.012998
-0.011523
-0.016261
-0.015581
-0.015876
-0.014253
-0.015465
-0.014858
-0.015153
-0.013531
-0.018785
-0.017957
-0.018400
-0.016630
-0.017915
-0.017161
-0.017604
-0.015834
-0.021604
-0.020629
-0.021218
-0.019301
-0.020660
-0.019759
-0.020349
-0.018431
-0.017762
-0.019441
-0.017229
-0.018261
-0.018146
-0.019899
-0.017686
-0.018719
-0.015272
-0.016803
-0.014739
-0.015624
-0.015582
-0.017187
-0.015122
-0.016007
-0.013076
-0.014461
-0.012543
-0.013281
-0.013313
-0.014771
-0.012853
-0.013591
-0.011176
-0.012413
-0.010643
-0.011233
-0.011339
-0.012649
-0.010879
-0.011469
-0.009571
-0.010660
-0.009038
-0.009480
-0.009659
-0.010822
-0.009200
-0.009643
-0.008260
-0.009202
-0.007727
-0.008022
-0.008275
-0.009291
-0.007816
-0.008111
-0.007245
-0.008039
-0.006712
-0.006859
-0.007186
-0.008054
-0.006727
-0.006874
-0.006524
-0.007171
-0.005991
-0.005991
-0.006392
-0.007112
-0.005932
-0.005932
-0.006098
-0.006598
-0.005565
-0.005418
-0.005892
-0.006465
-0.005433
-0.005286
-0.005968
-0.006320
-0.005435
-0.005140
-0.005688
-0.006113
-0.005229
-0.004934
-0.006132
-0.006336
-0.005599
-0.005157
-0.005778
-0.006056
-0.005319
-0.004877
-0.006591
-0.006648
-0.006058
-0.005468
-0.006164
-0.006295
-0.005705
-0.005115
-0.007345
-0.007255
-0.006812
-0.006075
-0.006844
-0.006827
-0.006385
-0.005648
-0.008395
-0.008157
-0.007862
-0.006977
-0.007820
-0.007655
-0.007360
-0.006476
-0.009739
-0.009353
-0.009206
-0.008173
-0.009090
-0.008778
-0.008631
-0.007598
-0.011378
-0.010845
-0.010845
-0.009665
-0.010655
-0.010196
-0.010196
-0.009016
-0.013312
-0.012631
-0.012779
-0.011451
-0.012516
-0.011909
-0.012056
-0.010729
-0.015541
-0.014713
-0.015008
-0.013533
-0.014671
-0.013917
-0.014212
-0.012737
-0.018065
-0.017089
-0.017532
-0.015909
-0.017121
-0.016219
-0.016662
-0.015040
-0.020883
-0.019761
-0.020350
-0.018581
-0.019866
-0.018817
-0.019407
-0.017637
-0.017336
-0.018868
-0.016656
-0.017836
-0.017646
-0.019252
-0.017040
-0.018219
-0.014846
-0.016230
-0.014166
-0.015198
-0.015082
-0.016540
-0.014476
-0.015508
-0.012651
-0.013888
-0.011970
-0.012855
-0.012813
-0.014124
-0.012207
-0.013091
-0.010750
-0.011840
-0.010070
-0.010807
-0.010839
-0.012002
-0.010232
-0.010970
-0.009145
-0.010087
-0.008465
-0.009054
-0.009160
-0.010176
-0.008553
-0.009143
-0.007834
-0.008629
-0.007154
-0.007596
-0.007776
-0.008644
-0.007169
-0.007612
-0.006819
-0.007466
-0.006139
-0.006433
-0.006687
-0.007407
-0.006080
-0.006375
-0.006098
-0.006598
-0.005418
-0.005565
-0.005892
-0.006465
-0.005286
-0.005433
-0.005673
-0.006025
-0.004992
-0.004992
-0.005393
-0.005818
-0.004786
-0.004786
-0.005542
-0.005747
-0.004862
-0.004714
-0.005188
-0.005467
-0.004582
-0.004434
-0.005706
-0.005763
-0.005026
-0.004731
-0.005279
-0.005410
-0.004672
-0.004377
-0.006166
-0.006075
-0.005485
-0.005043
-0.005664
-0.005648
-0.005058
-0.004615
-0.006920
-0.006682
-0.006239
-0.005649
-0.006345
-0.006181
-0.005738
-0.005148
-0.007969
-0.007583
-0.007288
-0.006551
-0.007320
-0.007009
-0.006714
-0.005976
-0.009313
-0.008780
-0.008633
-0.007748
-0.008591
-0.008131
-0.007984
-0.007099
-0.010952
-0.010272
-0.010272
-0.009239
-0.010156
-0.009549
-0.009549
-0.008517
-0.012886
-0.012058
-0.012206
-0.011026
-0.012016
-0.011262
-0.011410
-0.010230
-0.015115
-0.014140
-0.014435
-0.013107
-0.014171
-0.013270
-0.013565
-0.012237
-0.017639
-0.016516
-0.016958
-0.015484
-0.016622
-0.015573
-0.016015
-0.014540
-0.020458
-0.019187
-0.019777
-0.018155
-0.019367
-0.018170
-0.018760
-0.017138
-0.017206
-0.018590
-0.016378
-0.017705
-0.017442
-0.018900
-0.016688
-0.018015
-0.014715
-0.015952
-0.013888
-0.015067
-0.014878
-0.016188
-0.014124
-0.015304
-0.012520
-0.013609
-0.011692
-0.012725
-0.012609
-0.013772
-0.011855
-0.012887
-0.010620
-0.011562
-0.009792
-0.010677
-0.010635
-0.011650
-0.009881
-0.010765
-0.009014
-0.009809
-0.008186
-0.008924
-0.008956
-0.009824
-0.008201
-0.008939
-0.007704
-0.008351
-0.006876
-0.007466
-0.007571
-0.008292
-0.006817
-0.007407
-0.006688
-0.007188
-0.005860
-0.006303
-0.006482
-0.007055
-0.005728
-0.006170
-0.005968
-0.006320
-0.005140
-0.005435
-0.005688
-0.006113
-0.004934
-0.005229
-0.005542
-0.005747
-0.004714
-0.004862
-0.005188
-0.005467
-0.004434
-0.004582
-0.005411
-0.005468
-0.004584
-0.004584
-0.004984
-0.005115
-0.004230
-0.004230
-0.005576
-0.005485
-0.004748
-0.004600
-0.005075
-0.005058
-0.004320
-0.004173
-0.006035
-0.005797
-0.005207
-0.004912
-0.005460
-0.005296
-0.004706
-0.004411
-0.006789
-0.006404
-0.005961
-0.005519
-0.006141
-0.005829
-0.005386
-0.004944
-0.007838
-0.007305
-0.007010
-0.006420
-0.007116
-0.006657
-0.006362
-0.005772
-0.009182
-0.008502
-0.008354
-0.007617
-0.008386
-0.007780
-0.007632
-0.006895
-0.010821
-0.009993
-0.009993
-0.009109
-0.009952
-0.009197
-0.009197
-0.008313
-0.012755
-0.011780
-0.011927
-0.010895
-0.011812
-0.010910
-0.011058
-0.010025
-0.014984
-0.013861
-0.014156
-0.012977
-0.013967
-0.012918
-0.013213
-0.012033
-0.017508
-0.016238
-0.016680
-0.015353
-0.016417
-0.015221
-0.015663
-0.014336
-0.020327
-0.018909
-0.019499
-0.018024
-0.019162
-0.017818
-0.018408
-0.016933
-0.017370
-0.018607
-0.016395
-0.017869
-0.017533
-0.018843
-0.016631
-0.018106
-0.014880
-0.015969
-0.013904
-0.015232
-0.014968
-0.016131
-0.014067
-0.015394
-0.012684
-0.013626
-0.011709
-0.012889
-0.012699
-0.013715
-0.011798
-0.012978
-0.010784
-0.011578
-0.009809
-0.010841
-0.010725
-0.011593
-0.009824
-0.010856
-0.009179
-0.009825
-0.008203
-0.009088
-0.009046
-0.009767
-0.008144
-0.009029
-0.007868
-0.008367
-0.006893
-0.007630
-0.007662
-0.008235
-0.006760
-0.007498
-0.006853
-0.007204
-0.005877
-0.006467
-0.006573
-0.006998
-0.005671
-0.006261
-0.006132
-0.006336
-0.005157
-0.005599
-0.005778
-0.006056
-0.004877
-0.005319
-0.005706
-0.005763
-0.004731
-0.005026
-0.005279
-0.005410
-0.004377
-0.004672
-0.005576
-0.005485
-0.004600
-0.004748
-0.005075
-0.005058
-0.004173
-0.004320
-0.005740
-0.005502
-0.004765
-0.004765
-0.005165
-0.005001
-0.004263
-0.004263
-0.006199
-0.005814
-0.005224
-0.005076
-0.005551
-0.005239
-0.004649
-0.004501
-0.006953
-0.006420
-0.005978
-0.005683
-0.006231
-0.005772
-0.005329
-0.005034
-0.008003
-0.007322
-0.007027
-0.006585
-0.007206
-0.006600
-0.006305
-0.005862
-0.009347
-0.008519
-0.008371
-0.007781
-0.008477
-0.007723
-0.007575
-0.006985
-0.010986
-0.010010
-0.010010
-0.009273
-0.010042
-0.009140
-0.009140
-0.008403
-0.012920
-0.011797
-0.011944
-0.011059
-0.011902
-0.010853
-0.011001
-0.010116
-0.015149
-0.013878
-0.014173
-0.013141
-0.014058
-0.012861
-0.013156
-0.012124
-0.017673
-0.016255
-0.016697
-0.015517
-0.016508
-0.015164
-0.015606
-0.014426
-0.020491
-0.018926
-0.019516
-0.018189
-0.019253
-0.017761
-0.018351
-0.017024
-0.017829
-0.018918
-0.016706
-0.018329
-0.017918
-0.019081
-0.016869
-0.018491
-0.015339
-0.016281
-0.014216
-0.015691
-0.015354
-0.016370
-0.014305
-0.015780
-0.013144
-0.013938
-0.012021
-0.013348
-0.013085
-0.013953
-0.012036
-0.013363
-0.011243
-0.011890
-0.010120
-0.011300
-0.011111
-0.011831
-0.010062
-0.011241
-0.009638
-0.010137
-0.008515
-0.009547
-0.009432
-0.010005
-0.008382
-0.009415
-0.008327
-0.008679
-0.007204
-0.008089
-0.008047
-0.008473
-0.006998
-0.007883
-0.007312
-0.007516
-0.006189
-0.006926
-0.006958
-0.007236
-0.005909
-0.006646
-0.006591
-0.006648
-0.005468
-0.006058
-0.006164
-0.006295
-0.005115
-0.005705
-0.006166
-0.006075
-0.005043
-0.005485
-0.005664
-0.005648
-0.004615
-0.005058
-0.006035
-0.005797
-0.004912
-0.005207
-0.005460
-0.005296
-0.004411
-0.004706
-0.006199
-0.005814
-0.005076
-0.005224
-0.005551
-0.005239
-0.004501
-0.004649
-0.006658
-0.006125
-0.005536
-0.005536
-0.005936
-0.005477
-0.004887
-0.004887
-0.007413
-0.006732
-0.006290
-0.006142
-0.006617
-0.006010
-0.005567
-0.005420
-0.008462
-0.007634
-0.007339
-0.007044
-0.007592
-0.006838
-0.006543
-0.006248
-0.009806
-0.008830
-0.008683
-0.008241
-0.008862
-0.007961
-0.007813
-0.007371
-0.011445
-0.010322
-0.010322
-0.009732
-0.010428
-0.009379
-0.009379
-0.008789
-0.013379
-0.012109
-0.012256
-0.011519
-0.012288
-0.011091
-0.011239
-0.010501
-0.015608
-0.014190
-0.014485
-0.013600
-0.014443
-0.013099
-0.013394
-0.012509
-0.018132
-0.016566
-0.017009
-0.015977
-0.016893
-0.015402
-0.015844
-0.014812
-0.020951
-0.019238
-0.019828
-0.018648
-0.019638
-0.017999
-0.018589
-0.017409
-0.018583
-0.019525
-0.017313
-0.019083
-0.018598
-0.019614
-0.017402
-0.019172
-0.016093
-0.016887
-0.014823
-0.016445
-0.016034
-0.016902
-0.014838
-0.016460
-0.013898
-0.014545
-0.012627
-0.014102
-0.013765
-0.014486
-0.012569
-0.014044
-0.011997
-0.012497
-0.010727
-0.012054
-0.011791
-0.012364
-0.010595
-0.011922
-0.010392
-0.010744
-0.009122
-0.010301
-0.010112
-0.010538
-0.008915
-0.010095
-0.009082
-0.009286
-0.007811
-0.008843
-0.008728
-0.009006
-0.007531
-0.008564
-0.008066
-0.008123
-0.006796
-0.007680
-0.007639
-0.007769
-0.006442
-0.007327
-0.007345
-0.007255
-0.006075
-0.006812
-0.006844
-0.006827
-0.005648
-0.006385
-0.006920
-0.006682
-0.005649
-0.006239
-0.006345
-0.006181
-0.005148
-0.005738
-0.006789
-0.006404
-0.005519
-0.005961
-0.006141
-0.005829
-0.004944
-0.005386
-0.006953
-0.006420
-0.005683
-0.005978
-0.006231
-0.005772
-0.005034
-0.005329
-0.007413
-0.006732
-0.006142
-0.006290
-0.006617
-0.006010
-0.005420
-0.005567
-0.008167
-0.007339
-0.006896
-0.006896
-0.007297
-0.006543
-0.006100
-0.006100
-0.009216
-0.008241
-0.007946
-0.007798
-0.008272
-0.007371
-0.007076
-0.006928
-0.010560
-0.009437
-0.009290
-0.008995
-0.009543
-0.008494
-0.008346
-0.008051
-0.012199
-0.010929
-0.010929
-0.010486
-0.011108
-0.009911
-0.009911
-0.009469
-0.014133
-0.012715
-0.012863
-0.012273
-0.012968
-0.011624
-0.011772
-0.011182
-0.016362
-0.014797
-0.015092
-0.014354
-0.015124
-0.013632
-0.013927
-0.013190
-0.018886
-0.017173
-0.017616
-0.016731
-0.017574
-0.015935
-0.016377
-0.015492
-0.021705
-0.019845
-0.020434
-0.019402
-0.020319
-0.018532
-0.019122
-0.018090
-0.019633
-0.020427
-0.018215
-0.020132
-0.019574
-0.020442
-0.018230
-0.020147
-0.017142
-0.017789
-0.015724
-0.017494
-0.017010
-0.017730
-0.015666
-0.017435
-0.014947
-0.015446
-0.013529
-0.015151
-0.014741
-0.015314
-0.013397
-0.015019
-0.013047
-0.013398
-0.011629
-0.013103
-0.012767
-0.013192
-0.011423
-0.012897
-0.011441
-0.011646
-0.010023
-0.011351
-0.011087
-0.011366
-0.009743
-0.011071
-0.010131
-0.010188
-0.008713
-0.009893
-0.009703
-0.009834
-0.008359
-0.009539
-0.009115
-0.009025
-0.007697
-0.008730
-0.008614
-0.008597
-0.007270
-0.008302
-0.008395
-0.008157
-0.006977
-0.007862
-0.007820
-0.007655
-0.006476
-0.007360
-0.007969
-0.007583
-0.006551
-0.007288
-0.007320
-0.007009
-0.005976
-0.006714
-0.007838
-0.007305
-0.006420
-0.007010
-0.007116
-0.006657
-0.005772
-0.006362
-0.008003
-0.007322
-0.006585
-0.007027
-0.007206
-0.006600
-0.005862
-0.006305
-0.008462
-0.007634
-0.007044
-0.007339
-0.007592
-0.006838
-0.006248
-0.006543
-0.009216
-0.008241
-0.007798
-0.007946
-0.008272
-0.007371
-0.006928
-0.007076
-0.010265
-0.009142
-0.008847
-0.008847
-0.009248
-0.008199
-0.007904
-0.007904
-0.011609
-0.010339
-0.010191
-0.010044
-0.010518
-0.009322
-0.009174
-0.009027
-0.013248
-0.011830
-0.011830
-0.011535
-0.012084
-0.010739
-0.010739
-0.010444
-0.015182
-0.013617
-0.013764
-0.013322
-0.013944
-0.012452
-0.012600
-0.012157
-0.017411
-0.015698
-0.015993
-0.015403
-0.016099
-0.014460
-0.014755
-0.014165
-0.019935
-0.018075
-0.018517
-0.017780
-0.018549
-0.016763
-0.017205
-0.016468
-0.022754
-0.020746
-0.021336
-0.020451
-0.021294
-0.019360
-0.019950
-0.019065
-0.020977
-0.021623
-0.019411
-0.021476
-0.020844
-0.021565
-0.019353
-0.021417
-0.018486
-0.018986
-0.016921
-0.018838
-0.018280
-0.018853
-0.016789
-0.018706
-0.016291
-0.016643
-0.014726
-0.016495
-0.016011
-0.016437
-0.014520
-0.016289
-0.014391
-0.014595
-0.012825
-0.014448
-0.014037
-0.014315
-0.012545
-0.014168
-0.012785
-0.012842
-0.011220
-0.012695
-0.012358
-0.012489
-0.010866
-0.012341
-0.011475
-0.011384
-0.009909
-0.011237
-0.010974
-0.010957
-0.009482
-0.010809
-0.010459
-0.010221
-0.008894
-0.010074
-0.009884
-0.009720
-0.008393
-0.009573
-0.009739
-0.009353
-0.008173
-0.009206
-0.009090
-0.008778
-0.007598
-0.008631
-0.009313
-0.008780
-0.007748
-0.008633
-0.008591
-0.008131
-0.007099
-0.007984
-0.009182
-0.008502
-0.007617
-0.008354
-0.008386
-0.007780
-0.006895
-0.007632
-0.009347
-0.008519
-0.007781
-0.008371
-0.008477
-0.007723
-0.006985
-0.007575
-0.009806
-0.008830
-0.008241
-0.008683
-0.008862
-0.007961
-0.007371
-0.007813
-0.010560
-0.009437
-0.008995
-0.009290
-0.009543
-0.008494
-0.008051
-0.008346
-0.011609
-0.010339
-0.010044
-0.010191
-0.010518
-0.009322
-0.009027
-0.009174
-0.012953
-0.011535
-0.011388
-0.011388
-0.011789
-0.010444
-0.010297
-0.010297
-0.014592
-0.013027
-0.013027
-0.012880
-0.013354
-0.011862
-0.011862
-0.011715
-0.016526
-0.014814
-0.014961
-0.014666
-0.015214
-0.013575
-0.013723
-0.013428
-0.018755
-0.016895
-0.017190
-0.016748
-0.017369
-0.015583
-0.015878
-0.015435
-0.021279
-0.019271
-0.019714
-0.019124
-0.019820
-0.017886
-0.018328
-0.017738
-0.024098
-0.021943
-0.022533
-0.021795
-0.022565
-0.020483
-0.021073
-0.020336
-0.022616
-0.023115
-0.020903
-0.023115
-0.022410
-0.022983
-0.020770
-0.022983
-0.020125
-0.020477
-0.018413
-0.020477
-0.019846
-0.020271
-0.018206
-0.020271
-0.017930
-0.018134
-0.016217
-0.018134
-0.017576
-0.017855
-0.015937
-0.017855
-0.016030
-0.016087
-0.014317
-0.016087
-0.015602
-0.015733
-0.013963
-0.015733
-0.014424
-0.014334
-0.012711
-0.014334
-0.013923
-0.013906
-0.012284
-0.013906
-0.013114
-0.012876
-0.011401
-0.012876
-0.012539
-0.012375
-0.010900
-0.012375
-0.012098
-0.011713
-0.010385
-0.011713
-0.011450
-0.011138
-0.009811
-0.011138
-0.011378
-0.010845
-0.009665
-0.010845
-0.010655
-0.010196
-0.009016
-0.010196
-0.010952
-0.010272
-0.009239
-0.010272
-0.010156
-0.009549
-0.008517
-0.009549
-0.010821
-0.009993
-0.009109
-0.009993
-0.009952
-0.009197
-0.008313
-0.009197
-0.010986
-0.010010
-0.009273
-0.010010
-0.010042
-0.009140
-0.008403
-0.009140
-0.011445
-0.010322
-0.009732
-0.010322
-0.010428
-0.009379
-0.008789
-0.009379
-0.012199
-0.010929
-0.010486
-0.010929
-0.011108
-0.009911
-0.009469
-0.009911
-0.013248
-0.011830
-0.011535
-0.011830
-0.012084
-0.010739
-0.010444
-0.010739
-0.014592
-0.013027
-0.012880
-0.013027
-0.013354
-0.011862
-0.011715
-0.011862
-0.016231
-0.014519
-0.014519
-0.014519
-0.014919
-0.013280
-0.013280
-0.013280
-0.018165
-0.016305
-0.016453
-0.016305
-0.016779
-0.014993
-0.015140
-0.014993
-0.020394
-0.018387
-0.018682
-0.018387
-0.018935
-0.017001
-0.017296
-0.017001
-0.022918
-0.020763
-0.021205
-0.020763
-0.021385
-0.019303
-0.019746
-0.019303
-0.025737
-0.023434
-0.024024
-0.023434
-0.024130
-0.021901
-0.022491
-0.021901
-0.024550
-0.024902
-0.022689
-0.025049
-0.024270
-0.024695
-0.022483
-0.024843
-0.022059
-0.022264
-0.020199
-0.022411
-0.021706
-0.021984
-0.019919
-0.022131
-0.019864
-0.019921
-0.018004
-0.020068
-0.019437
-0.019567
-0.017650
-0.019715
-0.017964
-0.017873
-0.016103
-0.018021
-0.017463
-0.017446
-0.015676
-0.017593
-0.016358
-0.016120
-0.014498
-0.016268
-0.015783
-0.015619
-0.013997
-0.015767
-0.015048
-0.014662
-0.013188
-0.014810
-0.014399
-0.014087
-0.012613
-0.014235
-0.014032
-0.013499
-0.012172
-0.013647
-0.013310
-0.012851
-0.011523
-0.012998
-0.013312
-0.012631
-0.011451
-0.012779
-0.012516
-0.011909
-0.010729
-0.012056
-0.012886
-0.012058
-0.011026
-0.012206
-0.012016
-0.011262
-0.010230
-0.011410
-0.012755
-0.011780
-0.010895
-0.011927
-0.011812
-0.010910
-0.010025
-0.011058
-0.012920
-0.011797
-0.011059
-0.011944
-0.011902
-0.010853
-0.010116
-0.011001
-0.013379
-0.012109
-0.011519
-0.012256
-0.012288
-0.011091
-0.010501
-0.011239
-0.014133
-0.012715
-0.012273
-0.012863
-0.012968
-0.011624
-0.011182
-0.011772
-0.015182
-0.013617
-0.013322
-0.013764
-0.013944
-0.012452
-0.012157
-0.012600
-0.016526
-0.014814
-0.014666
-0.014961
-0.015214
-0.013575
-0.013428
-0.013723
-0.018165
-0.016305
-0.016305
-0.016453
-0.016779
-0.014993
-0.014993
-0.015140
-0.020099
-0.018092
-0.018239
-0.018239
-0.018640
-0.016706
-0.016853
-0.016853
-0.022328
-0.020173
-0.020468
-0.020321
-0.020795
-0.018713
-0.019008
-0.018861
-0.024852
-0.022550
-0.022992
-0.022697
-0.023245
-0.021016
-0.021459
-0.021164
-0.027671
-0.025221
-0.025811
-0.025368
-0.025990
-0.023614
-0.024204
-0.023761
-0.026779
-0.026983
-0.024771
-0.027278
-0.026425
-0.026703
-0.024491
-0.026998
-0.024288
-0.024345
-0.022281
-0.024640
-0.023861
-0.023992
-0.021927
-0.024287
-0.022093
-0.022002
-0.020085
-0.022297
-0.021592
-0.021575
-0.019658
-0.021870
-0.020193
-0.019955
-0.018185
-0.020250
-0.019618
-0.019454
-0.017684
-0.019748
-0.018587
-0.018202
-0.016579
-0.018497
-0.017939
-0.017627
-0.016005
-0.017922
-0.017277
-0.016744
-0.015269
-0.017039
-0.016554
-0.016095
-0.014620
-0.016390
-0.016261
-0.015581
-0.014253
-0.015876
-0.015465
-0.014858
-0.013531
-0.015153
-0.015541
-0.014713
-0.013533
-0.015008
-0.014671
-0.013917
-0.012737
-0.014212
-0.015115
-0.014140
-0.013107
-0.014435
-0.014171
-0.013270
-0.012237
-0.013565
-0.014984
-0.013861
-0.012977
-0.014156
-0.013967
-0.012918
-0.012033
-0.013213
-0.015149
-0.013878
-0.013141
-0.014173
-0.014058
-0.012861
-0.012124
-0.013156
-0.015608
-0.014190
-0.013600
-0.014485
-0.014443
-0.013099
-0.012509
-0.013394
-0.016362
-0.014797
-0.014354
-0.015092
-0.015124
-0.013632
-0.013190
-0.013927
-0.017411
-0.015698
-0.015403
-0.015993
-0.016099
-0.014460
-0.014165
-0.014755
-0.018755
-0.016895
-0.016748
-0.017190
-0.017369
-0.015583
-0.015435
-0.015878
-0.020394
-0.018387
-0.018387
-0.018682
-0.018935
-0.017001
-0.017001
-0.017296
-0.022328
-0.020173
-0.020321
-0.020468
-0.020795
-0.018713
-0.018861
-0.019008
-0.024557
-0.022255
-0.022550
-0.022550
-0.022950
-0.020721
-0.021016
-0.021016
-0.027081
-0.024631
-0.025073
-0.024926
-0.025400
-0.023024
-0.023466
-0.023319
-0.029900
-0.027302
-0.027892
-0.027597
-0.028145
-0.025621
-0.026211
-0.025916
-0.029303
-0.029359
-0.027147
-0.029802
-0.028875
-0.029006
-0.026794
-0.029448
-0.026812
-0.026722
-0.024657
-0.027164
-0.026311
-0.026294
-0.024230
-0.026737
-0.024617
-0.024379
-0.022462
-0.024821
-0.024042
-0.023878
-0.021961
-0.024320
-0.022717
-0.022331
-0.020561
-0.022773
-0.022068
-0.021756
-0.019986
-0.022199
-0.021111
-0.020578
-0.018956
-0.021021
-0.020389
-0.019930
-0.018307
-0.020372
-0.019801
-0.019120
-0.017645
-0.019563
-0.019005
-0.018398
-0.016923
-0.018840
-0.018785
-0.017957
-0.016630
-0.018400
-0.017915
-0.017161
-0.015834
-0.017604
-0.018065
-0.017089
-0.015909
-0.017532
-0.017121
-0.016219
-0.015040
-0.016662
-0.017639
-0.016516
-0.015484
-0.016958
-0.016622
-0.015573
-0.014540
-0.016015
-0.017508
-0.016238
-0.015353
-0.016680
-0.016417
-0.015221
-0.014336
-0.015663
-0.017673
-0.016255
-0.015517
-0.016697
-0.016508
-0.015164
-0.014426
-0.015606
-0.018132
-0.016566
-0.015977
-0.017009
-0.016893
-0.015402
-0.014812
-0.015844
-0.018886
-0.017173
-0.016731
-0.017616
-0.017574
-0.015935
-0.015492
-0.016377
-0.019935
-0.018075
-0.017780
-0.018517
-0.018549
-0.016763
-0.016468
-0.017205
-0.021279
-0.019271
-0.019124
-0.019714
-0.019820
-0.017886
-0.017738
-0.018328
-0.022918
-0.020763
-0.020763
-0.021205
-0.021385
-0.019303
-0.019303
-0.019746
-0.024852
-0.022550
-0.022697
-0.022992
-0.023245
-0.021016
-0.021164
-0.021459
-0.027081
-0.024631
-0.024926
-0.025073
-0.025400
-0.023024
-0.023319
-0.023466
-0.029605
-0.027007
-0.027450
-0.027450
-0.027850
-0.025327
-0.025769
-0.025769
-0.032424
-0.029679
-0.030269
-0.030121
-0.030596
-0.027924
-0.028514
-0.028367
-0.032121
-0.032031
-0.029819
-0.032621
-0.031620
-0.031603
-0.029391
-0.032193
-0.029631
-0.029393
-0.027328
-0.029983
-0.029056
-0.028892
-0.026827
-0.029482
-0.027436
-0.027050
-0.025133
-0.027640
-0.026787
-0.026475
-0.024558
-0.027065
-0.025535
-0.025002
-0.023233
-0.025592
-0.024813
-0.024354
-0.022584
-0.024944
-0.023930
-0.023250
-0.021627
-0.023839
-0.023134
-0.022527
-0.020905
-0.023117
-0.022620
-0.021792
-0.020317
-0.022381
-0.021750
-0.020996
-0.019521
-0.021585
-0.021604
-0.020629
-0.019301
-0.021218
-0.020660
-0.019759
-0.018431
-0.020349
-0.020883
-0.019761
-0.018581
-0.020350
-0.019866
-0.018817
-0.017637
-0.019407
-0.020458
-0.019187
-0.018155
-0.019777
-0.019367
-0.018170
-0.017138
-0.018760
-0.020327
-0.018909
-0.018024
-0.019499
-0.019162
-0.017818
-0.016933
-0.018408
-0.020491
-0.018926
-0.018189
-0.019516
-0.019253
-0.017761
-0.017024
-0.018351
-0.020951
-0.019238
-0.018648
-0.019828
-0.019638
-0.017999
-0.017409
-0.018589
-0.021705
-0.019845
-0.019402
-0.020434
-0.020319
-0.018532
-0.018090
-0.019122
-0.022754
-0.020746
-0.020451
-0.021336
-0.021294
-0.019360
-0.019065
-0.019950
-0.024098
-0.021943
-0.021795
-0.022533
-0.022565
-0.020483
-0.020336
-0.021073
-0.025737
-0.023434
-0.023434
-0.024024
-0.024130
-0.021901
-0.021901
-0.022491
-0.027671
-0.025221
-0.025368
-0.025811
-0.025990
-0.023614
-0.023761
-0.024204
-0.029900
-0.027302
-0.027597
-0.027892
-0.028145
-0.025621
-0.025916
-0.026211
-0.032424
-0.029679
-0.030121
-0.030269
-0.030596
-0.027924
-0.028367
-0.028514
-0.035243
-0.032350
-0.032940
-0.032940
-0.033341
-0.030522
-0.031112
-0.031112
-0.030934
-0.033645
-0.031286
-0.031286
-0.031760
-0.034545
-0.032186
-0.032186
-0.028444
-0.031008
-0.028796
-0.028648
-0.029196
-0.031834
-0.029622
-0.029474
-0.026248
-0.028665
-0.026600
-0.026305
-0.026927
-0.029417
-0.027353
-0.027058
-0.024348
-0.026617
-0.024700
-0.024257
-0.024953
-0.027296
-0.025379
-0.024936
-0.022743
-0.024864
-0.023094
-0.022505
-0.023274
-0.025469
-0.023699
-0.023109
-0.021432
-0.023406
-0.021784
-0.021047
-0.021890
-0.023937
-0.022315
-0.021578
-0.020417
-0.022243
-0.020768
-0.019884
-0.020800
-0.022701
-0.021226
-0.020341
-0.019696
-0.021375
-0.020048
-0.019016
-0.020006
-0.021759
-0.020432
-0.019399
-0.019270
-0.020802
-0.019622
-0.018442
-0.019507
-0.021112
-0.019932
-0.018752
-0.019140
-0.020524
-0.019492
-0.018164
-0.019302
-0.020760
-0.019728
-0.018401
-0.019304
-0.020541
-0.019656
-0.018181
-0.019393
-0.020703
-0.019818
-0.018344
-0.019763
-0.020852
-0.020115
-0.018493
-0.019778
-0.020941
-0.020204
-0.018582
-0.020517
-0.021459
-0.020869
-0.019100
-0.020459
-0.021474
-0.020884
-0.019115
-0.021567
-0.022361
-0.021918
-0.020001
-0.021434
-0.022302
-0.021860
-0.019943
-0.022911
-0.023557
-0.023263
-0.021198
-0.022704
-0.023425
-0.023130
-0.021065
-0.024550
-0.025049
-0.024902
-0.022689
-0.024270
-0.024843
-0.024695
-0.022483
-0.026484
-0.026836
-0.026836
-0.024476
-0.026130
-0.026556
-0.026556
-0.024196
-0.028713
-0.028917
-0.029065
-0.026557
-0.028285
-0.028563
-0.028711
-0.026204
-0.031237
-0.031293
-0.031588
-0.028934
-0.030735
-0.030866
-0.031161
-0.028506
-0.034055
-0.033965
-0.034407
-0.031605
-0.033481
-0.033464
-0.033906
-0.031104
-0.028444
-0.031008
-0.028648
-0.028796
-0.029196
-0.031834
-0.029474
-0.029622
-0.025953
-0.028370
-0.026158
-0.026158
-0.026632
-0.029122
-0.026910
-0.026910
-0.023758
-0.026027
-0.023962
-0.023815
-0.024363
-0.026706
-0.024641
-0.024494
-0.021858
-0.023979
-0.022062
-0.021767
-0.022389
-0.024584
-0.022667
-0.022372
-0.020252
-0.022226
-0.020457
-0.020014
-0.020710
-0.022758
-0.020988
-0.020545
-0.018942
-0.020768
-0.019146
-0.018556
-0.019326
-0.021226
-0.019604
-0.019014
-0.017926
-0.019605
-0.018131
-0.017393
-0.018236
-0.019989
-0.018514
-0.017777
-0.017206
-0.018737
-0.017410
-0.016525
-0.017442
-0.019047
-0.017720
-0.016835
-0.016780
-0.018164
-0.016984
-0.015952
-0.016943
-0.018401
-0.017221
-0.016188
-0.016649
-0.017886
-0.016854
-0.015674
-0.016738
-0.018049
-0.017016
-0.015837
-0.016814
-0.017903
-0.017018
-0.015691
-0.016829
-0.017992
-0.017107
-0.015780
-0.017273
-0.018215
-0.017477
-0.016003
-0.017214
-0.018230
-0.017492
-0.016018
-0.018027
-0.018821
-0.018232
-0.016609
-0.017895
-0.018763
-0.018173
-0.016551
-0.019076
-0.019723
-0.019281
-0.017511
-0.018870
-0.019591
-0.019148
-0.017379
-0.020420
-0.020920
-0.020625
-0.018708
-0.020140
-0.020714
-0.020419
-0.018501
-0.022059
-0.022411
-0.022264
-0.020199
-0.021706
-0.022131
-0.021984
-0.019919
-0.023993
-0.024198
-0.024198
-0.021986
-0.023566
-0.023844
-0.023844
-0.021632
-0.026222
-0.026279
-0.026427
-0.024067
-0.025721
-0.025852
-0.025999
-0.023640
-0.028746
-0.028656
-0.028951
-0.026444
-0.028171
-0.028155
-0.028450
-0.025942
-0.031565
-0.031327
-0.031770
-0.029115
-0.030917
-0.030752
-0.031195
-0.028540
-0.026248
-0.028665
-0.026305
-0.026600
-0.026927
-0.029417
-0.027058
-0.027353
-0.023758
-0.026027
-0.023815
-0.023962
-0.024363
-0.026706
-0.024494
-0.024641
-0.021563
-0.023684
-0.021620
-0.021620
-0.022094
-0.024289
-0.022225
-0.022225
-0.019662
-0.021636
-0.019719
-0.019572
-0.020120
-0.022168
-0.020251
-0.020103
-0.018057
-0.019884
-0.018114
-0.017819
-0.018441
-0.020341
-0.018571
-0.018276
-0.016746
-0.018426
-0.016803
-0.016361
-0.017056
-0.018809
-0.017187
-0.016745
-0.015731
-0.017263
-0.015788
-0.015198
-0.015967
-0.017573
-0.016098
-0.015508
-0.015010
-0.016395
-0.015067
-0.014330
-0.015173
-0.016631
-0.015304
-0.014566
-0.014585
-0.015821
-0.014642
-0.013757
-0.014674
-0.015984
-0.014804
-0.013919
-0.014454
-0.015543
-0.014511
-0.013479
-0.014469
-0.015632
-0.014600
-0.013567
-0.014618
-0.015560
-0.014675
-0.013495
-0.014560
-0.015575
-0.014690
-0.013511
-0.015078
-0.015872
-0.015135
-0.013807
-0.014945
-0.015813
-0.015076
-0.013749
-0.015832
-0.016479
-0.015889
-0.014414
-0.015626
-0.016346
-0.015756
-0.014282
-0.016881
-0.017380
-0.016938
-0.015316
-0.016601
-0.017174
-0.016732
-0.015109
-0.018225
-0.018577
-0.018282
-0.016512
-0.017871
-0.018297
-0.018002
-0.016232
-0.019864
-0.020068
-0.019921
-0.018004
-0.019437
-0.019715
-0.019567
-0.017650
-0.021798
-0.021855
-0.021855
-0.019790
-0.021297
-0.021428
-0.021428
-0.019363
-0.024027
-0.023936
-0.024084
-0.021872
-0.023452
-0.023435
-0.023583
-0.021371
-0.026551
-0.026313
-0.026608
-0.024248
-0.025902
-0.025738
-0.026033
-0.023673
-0.029370
-0.028984
-0.029427
-0.026920
-0.028647
-0.028336
-0.028778
-0.026271
-0.024348
-0.026617
-0.024257
-0.024700
-0.024953
-0.027296
-0.024936
-0.025379
-0.021858
-0.023979
-0.021767
-0.022062
-0.022389
-0.024584
-0.022372
-0.022667
-0.019662
-0.021636
-0.019572
-0.019719
-0.020120
-0.022168
-0.020103
-0.020251
-0.017762
-0.019589
-0.017671
-0.017671
-0.018146
-0.020046
-0.018129
-0.018129
-0.016157
-0.017836
-0.016066
-0.015919
-0.016467
-0.018219
-0.016450
-0.016302
-0.014846
-0.016378
-0.014756
-0.014461
-0.015082
-0.016688
-0.015066
-0.014771
-0.013831
-0.015215
-0.013740
-0.013298
-0.013993
-0.015451
-0.013976
-0.013534
-0.013110
-0.014347
-0.013019
-0.012430
-0.013199
-0.014509
-0.013182
-0.012592
-0.012684
-0.013774
-0.012594
-0.011856
-0.012699
-0.013862
-0.012683
-0.011945
-0.012554
-0.013495
-0.012463
-0.011578
-0.012495
-0.013511
-0.012478
-0.011593
-0.012718
-0.013512
-0.012627
-0.011595
-0.012586
-0.013454
-0.012569
-0.011536
-0.013177
-0.013824
-0.013087
-0.011907
-0.012971
-0.013692
-0.012954
-0.011774
-0.013931
-0.014431
-0.013841
-0.012514
-0.013652
-0.014225
-0.013635
-0.012307
-0.014981
-0.015332
-0.014890
-0.013415
-0.014627
-0.015053
-0.014610
-0.013135
-0.016325
-0.016529
-0.016234
-0.014612
-0.015897
-0.016175
-0.015880
-0.014258
-0.017964
-0.018021
-0.017873
-0.016103
-0.017463
-0.017593
-0.017446
-0.015676
-0.019898
-0.019807
-0.019807
-0.017890
-0.019323
-0.019306
-0.019306
-0.017389
-0.022127
-0.021889
-0.022036
-0.019971
-0.021478
-0.021314
-0.021461
-0.019397
-0.024651
-0.024265
-0.024560
-0.022348
-0.023928
-0.023616
-0.023911
-0.021699
-0.027469
-0.026936
-0.027379
-0.025019
-0.026673
-0.026214
-0.026657
-0.024297
-0.022743
-0.024864
-0.022505
-0.023094
-0.023274
-0.025469
-0.023109
-0.023699
-0.020252
-0.022226
-0.020014
-0.020457
-0.020710
-0.022758
-0.020545
-0.020988
-0.018057
-0.019884
-0.017819
-0.018114
-0.018441
-0.020341
-0.018276
-0.018571
-0.016157
-0.017836
-0.015919
-0.016066
-0.016467
-0.018219
-0.016302
-0.016450
-0.014551
-0.016083
-0.014313
-0.014313
-0.014787
-0.016393
-0.014623
-0.014623
-0.013241
-0.014625
-0.013003
-0.012855
-0.013403
-0.014861
-0.013239
-0.013091
-0.012225
-0.013462
-0.011987
-0.011692
-0.012314
-0.013624
-0.012150
-0.011855
-0.011505
-0.012594
-0.011267
-0.010824
-0.011520
-0.012683
-0.011355
-0.010913
-0.011079
-0.012021
-0.010841
-0.010251
-0.011020
-0.012036
-0.010856
-0.010266
-0.010948
-0.011743
-0.010710
-0.009973
-0.010816
-0.011684
-0.010652
-0.009914
-0.011113
-0.011759
-0.010875
-0.009990
-0.010906
-0.011627
-0.010742
-0.009857
-0.011572
-0.012071
-0.011334
-0.010301
-0.011292
-0.011865
-0.011128
-0.010095
-0.012326
-0.012678
-0.012088
-0.010908
-0.011972
-0.012398
-0.011808
-0.010628
-0.013375
-0.013580
-0.013137
-0.011810
-0.012948
-0.013226
-0.012783
-0.011456
-0.014719
-0.014776
-0.014481
-0.013006
-0.014218
-0.014349
-0.014054
-0.012579
-0.016358
-0.016268
-0.016120
-0.014498
-0.015783
-0.015767
-0.015619
-0.013997
-0.018292
-0.018054
-0.018054
-0.016285
-0.017644
-0.017479
-0.017479
-0.015710
-0.020521
-0.020136
-0.020283
-0.018366
-0.019799
-0.019487
-0.019635
-0.017717
-0.023045
-0.022512
-0.022807
-0.020742
-0.022249
-0.021790
-0.022085
-0.020020
-0.025864
-0.025184
-0.025626
-0.023414
-0.024994
-0.024387
-0.024830
-0.022618
-0.021432
-0.023406
-0.021047
-0.021784
-0.021890
-0.023937
-0.021578
-0.022315
-0.018942
-0.020768
-0.018556
-0.019146
-0.019326
-0.021226
-0.019014
-0.019604
-0.016746
-0.018426
-0.016361
-0.016803
-0.017056
-0.018809
-0.016745
-0.017187
-0.014846
-0.016378
-0.014461
-0.014756
-0.015082
-0.016688
-0.014771
-0.015066
-0.013241
-0.014625
-0.012855
-0.013003
-0.013403
-0.014861
-0.013091
-0.013239
-0.011930
-0.013167
-0.011545
-0.011545
-0.012019
-0.013329
-0.011707
-0.011707
-0.010915
-0.012004
-0.010529
-0.010382
-0.010930
-0.012093
-0.010618
-0.010470
-0.010194
-0.011136
-0.009809
-0.009514
-0.010135
-0.011151
-0.009824
-0.009529
-0.009768
-0.010563
-0.009383
-0.008941
-0.009636
-0.010504
-0.009324
-0.008882
-0.009638
-0.010285
-0.009252
-0.008662
-0.009432
-0.010152
-0.009120
-0.008530
-0.009802
-0.010301
-0.009417
-0.008679
-0.009522
-0.010095
-0.009210
-0.008473
-0.010261
-0.010613
-0.009876
-0.008991
-0.009908
-0.010333
-0.009596
-0.008711
-0.011016
-0.011220
-0.010630
-0.009598
-0.010588
-0.010866
-0.010276
-0.009244
-0.012065
-0.012122
-0.011679
-0.010499
-0.011564
-0.011694
-0.011252
-0.010072
-0.013409
-0.013318
-0.013023
-0.011696
-0.012834
-0.012817
-0.012522
-0.011195
-0.015048
-0.014810
-0.014662
-0.013188
-0.014399
-0.014235
-0.014087
-0.012613
-0.016982
-0.016596
-0.016596
-0.014974
-0.016259
-0.015948
-0.015948
-0.014325
-0.019211
-0.018678
-0.018825
-0.017056
-0.018415
-0.017955
-0.018103
-0.016333
-0.021735
-0.021054
-0.021349
-0.019432
-0.020865
-0.020258
-0.020553
-0.018636
-0.024554
-0.023726
-0.024168
-0.022103
-0.023610
-0.022856
-0.023298
-0.021234
-0.020417
-0.022243
-0.019884
-0.020768
-0.020800
-0.022701
-0.020341
-0.021226
-0.017926
-0.019605
-0.017393
-0.018131
-0.018236
-0.019989
-0.017777
-0.018514
-0.015731
-0.017263
-0.015198
-0.015788
-0.015967
-0.017573
-0.015508
-0.016098
-0.013831
-0.015215
-0.013298
-0.013740
-0.013993
-0.015451
-0.013534
-0.013976
-0.012225
-0.013462
-0.011692
-0.011987
-0.012314
-0.013624
-0.011855
-0.012150
-0.010915
-0.012004
-0.010382
-0.010529
-0.010930
-0.012093
-0.010470
-0.010618
-0.009899
-0.010841
-0.009366
-0.009366
-0.009840
-0.010856
-0.009381
-0.009381
-0.009179
-0.009973
-0.008646
-0.008498
-0.009046
-0.009914
-0.008587
-0.008439
-0.008753
-0.009400
-0.008220
-0.007925
-0.008547
-0.009267
-0.008088
-0.007793
-0.008622
-0.009122
-0.008089
-0.007647
-0.008342
-0.008915
-0.007883
-0.007441
-0.008787
-0.009138
-0.008254
-0.007664
-0.008433
-0.008859
-0.007974
-0.007384
-0.009246
-0.009450
-0.008713
-0.007975
-0.008818
-0.009097
-0.008359
-0.007622
-0.010000
-0.010057
-0.009467
-0.008582
-0.009499
-0.009630
-0.009040
-0.008155
-0.011049
-0.010959
-0.010516
-0.009484
-0.010474
-0.010457
-0.010015
-0.008983
-0.012393
-0.012155
-0.011860
-0.010680
-0.011745
-0.011580
-0.011285
-0.010106
-0.014032
-0.013647
-0.013499
-0.012172
-0.013310
-0.012998
-0.012851
-0.011523
-0.015966
-0.015433
-0.015433
-0.013959
-0.015170
-0.014711
-0.014711
-0.013236
-0.018195
-0.017515
-0.017662
-0.016040
-0.017325
-0.016719
-0.016866
-0.015244
-0.020719
-0.019891
-0.020186
-0.018416
-0.019776
-0.019021
-0.019316
-0.017547
-0.023538
-0.022563
-0.023005
-0.021088
-0.022521
-0.021619
-0.022061
-0.020144
-0.019696
-0.021375
-0.019016
-0.020048
-0.020006
-0.021759
-0.019399
-0.020432
-0.017206
-0.018737
-0.016525
-0.017410
-0.017442
-0.019047
-0.016835
-0.017720
-0.015010
-0.016395
-0.014330
-0.015067
-0.015173
-0.016631
-0.014566
-0.015304
-0.013110
-0.014347
-0.012430
-0.013019
-0.013199
-0.014509
-0.012592
-0.013182
-0.011505
-0.012594
-0.010824
-0.011267
-0.011520
-0.012683
-0.010913
-0.011355
-0.010194
-0.011136
-0.009514
-0.009809
-0.010135
-0.011151
-0.009529
-0.009824
-0.009179
-0.009973
-0.008498
-0.008646
-0.009046
-0.009914
-0.008439
-0.008587
-0.008458
-0.009105
-0.007778
-0.007778
-0.008252
-0.008972
-0.007645
-0.007645
-0.008032
-0.008532
-0.007352
-0.007204
-0.007752
-0.008326
-0.007146
-0.006998
-0.007902
-0.008254
-0.007221
-0.006926
-0.007548
-0.007974
-0.006941
-0.006646
-0.008066
-0.008270
-0.007386
-0.006943
-0.007639
-0.007917
-0.007032
-0.006589
-0.008525
-0.008582
-0.007845
-0.007255
-0.008024
-0.008155
-0.007417
-0.006827
-0.009279
-0.009189
-0.008599
-0.007862
-0.008705
-0.008688
-0.008098
-0.007360
-0.010329
-0.010091
-0.009648
-0.008763
-0.009680
-0.009516
-0.009073
-0.008188
-0.011673
-0.011287
-0.010992
-0.009960
-0.010950
-0.010639
-0.010344
-0.009311
-0.013312
-0.012779
-0.012631
-0.011451
-0.012516
-0.012056
-0.011909
-0.010729
-0.015246
-0.014565
-0.014565
-0.013238
-0.014376
-0.013769
-0.013769
-0.012442
-0.017475
-0.016647
-0.016794
-0.015319
-0.016531
-0.015777
-0.015924
-0.014450
-0.019999
-0.019023
-0.019318
-0.017696
-0.018981
-0.018080
-0.018375
-0.016752
-0.022817
-0.021695
-0.022137
-0.020367
-0.021726
-0.020677
-0.021120
-0.019350
-0.019270
-0.020802
-0.018442
-0.019622
-0.019507
-0.021112
-0.018752
-0.019932
-0.016780
-0.018164
-0.015952
-0.016984
-0.016943
-0.018401
-0.016188
-0.017221
-0.014585
-0.015821
-0.013757
-0.014642
-0.014674
-0.015984
-0.013919
-0.014804
-0.012684
-0.013774
-0.011856
-0.012594
-0.012699
-0.013862
-0.011945
-0.012683
-0.011079
-0.012021
-0.010251
-0.010841
-0.011020
-0.012036
-0.010266
-0.010856
-0.009768
-0.010563
-0.008941
-0.009383
-0.009636
-0.010504
-0.008882
-0.009324
-0.008753
-0.009400
-0.007925
-0.008220
-0.008547
-0.009267
-0.007793
-0.008088
-0.008032
-0.008532
-0.007204
-0.007352
-0.007752
-0.008326
-0.006998
-0.007146
-0.007607
-0.007959
-0.006779
-0.006779
-0.007253
-0.007679
-0.006499
-0.006499
-0.007476
-0.007680
-0.006648
-0.006501
-0.007049
-0.007327
-0.006295
-0.006147
-0.007640
-0.007697
-0.006812
-0.006517
-0.007139
-0.007270
-0.006385
-0.006090
-0.008100
-0.008009
-0.007272
-0.006829
-0.007525
-0.007508
-0.006771
-0.006328
-0.008854
-0.008616
-0.008026
-0.007436
-0.008205
-0.008041
-0.007451
-0.006861
-0.009903
-0.009517
-0.009075
-0.008338
-0.009181
-0.008869
-0.008426
-0.007689
-0.011247
-0.010714
-0.010419
-0.009534
-0.010451
-0.009992
-0.009697
-0.008812
-0.012886
-0.012206
-0.012058
-0.011026
-0.012016
-0.011410
-0.011262
-0.010230
-0.014820
-0.013992
-0.013992
-0.012812
-0.013877
-0.013122
-0.013122
-0.011943
-0.017049
-0.016074
-0.016221
-0.014894
-0.016032
-0.015130
-0.015278
-0.013950
-0.019573
-0.018450
-0.018745
-0.017270
-0.018482
-0.017433
-0.017728
-0.016253
-0.022392
-0.021121
-0.021564
-0.019942
-0.021227
-0.020030
-0.020473
-0.018851
-0.019140
-0.020524
-0.018164
-0.019492
-0.019302
-0.020760
-0.018401
-0.019728
-0.016649
-0.017886
-0.015674
-0.016854
-0.016738
-0.018049
-0.015837
-0.017016
-0.014454
-0.015543
-0.013479
-0.014511
-0.014469
-0.015632
-0.013567
-0.014600
-0.012554
-0.013495
-0.011578
-0.012463
-0.012495
-0.013511
-0.011593
-0.012478
-0.010948
-0.011743
-0.009973
-0.010710
-0.010816
-0.011684
-0.009914
-0.010652
-0.009638
-0.010285
-0.008662
-0.009252
-0.009432
-0.010152
-0.008530
-0.009120
-0.008622
-0.009122
-0.007647
-0.008089
-0.008342
-0.008915
-0.007441
-0.007883
-0.007902
-0.008254
-0.006926
-0.007221
-0.007548
-0.007974
-0.006646
-0.006941
-0.007476
-0.007680
-0.006501
-0.006648
-0.007049
-0.007327
-0.006147
-0.006295
-0.007345
-0.007402
-0.006370
-0.006370
-0.006844
-0.006975
-0.005943
-0.005943
-0.007510
-0.007419
-0.006534
-0.006387
-0.006935
-0.006918
-0.006033
-0.005886
-0.007969
-0.007731
-0.006994
-0.006699
-0.007320
-0.007156
-0.006419
-0.006124
-0.008723
-0.008338
-0.007748
-0.007305
-0.008001
-0.007689
-0.007099
-0.006657
-0.009772
-0.009239
-0.008797
-0.008207
-0.008976
-0.008517
-0.008075
-0.007485
-0.011116
-0.010436
-0.010141
-0.009404
-0.010247
-0.009640
-0.009345
-0.008608
-0.012755
-0.011927
-0.011780
-0.010895
-0.011812
-0.011058
-0.010910
-0.010025
-0.014689
-0.013714
-0.013714
-0.012682
-0.013672
-0.012770
-0.012770
-0.011738
-0.016918
-0.015795
-0.015943
-0.014763
-0.015827
-0.014778
-0.014926
-0.013746
-0.019442
-0.018172
-0.018467
-0.017140
-0.018278
-0.017081
-0.017376
-0.016049
-0.022261
-0.020843
-0.021286
-0.019811
-0.021023
-0.019679
-0.020121
-0.018646
-0.019304
-0.020541
-0.018181
-0.019656
-0.019393
-0.020703
-0.018344
-0.019818
-0.016814
-0.017903
-0.015691
-0.017018
-0.016829
-0.017992
-0.015780
-0.017107
-0.014618
-0.015560
-0.013495
-0.014675
-0.014560
-0.015575
-0.013511
-0.014690
-0.012718
-0.013512
-0.011595
-0.012627
-0.012586
-0.013454
-0.011536
-0.012569
-0.011113
-0.011759
-0.009990
-0.010875
-0.010906
-0.011627
-0.009857
-0.010742
-0.009802
-0.010301
-0.008679
-0.009417
-0.009522
-0.010095
-0.008473
-0.009210
-0.008787
-0.009138
-0.007664
-0.008254
-0.008433
-0.008859
-0.007384
-0.007974
-0.008066
-0.008270
-0.006943
-0.007386
-0.007639
-0.007917
-0.006589
-0.007032
-0.007640
-0.007697
-0.006517
-0.006812
-0.007139
-0.007270
-0.006090
-0.006385
-0.007510
-0.007419
-0.006387
-0.006534
-0.006935
-0.006918
-0.005886
-0.006033
-0.007674
-0.007436
-0.006551
-0.006551
-0.007025
-0.006861
-0.005976
-0.005976
-0.008133
-0.007748
-0.007010
-0.006863
-0.007411
-0.007099
-0.006362
-0.006214
-0.008887
-0.008354
-0.007765
-0.007470
-0.008091
-0.007632
-0.007042
-0.006747
-0.009937
-0.009256
-0.008814
-0.008371
-0.009067
-0.008460
-0.008018
-0.007575
-0.011281
-0.010453
-0.010158
-0.009568
-0.010337
-0.009583
-0.009288
-0.008698
-0.012920
-0.011944
-0.011797
-0.011059
-0.011902
-0.011001
-0.010853
-0.010116
-0.014854
-0.013731
-0.013731
-0.012846
-0.013763
-0.012714
-0.012714
-0.011829
-0.017083
-0.015812
-0.015960
-0.014927
-0.015918
-0.014721
-0.014869
-0.013836
-0.019607
-0.018189
-0.018484
-0.017304
-0.018368
-0.017024
-0.017319
-0.016139
-0.022425
-0.020860
-0.021303
-0.019975
-0.021113
-0.019622
-0.020064
-0.018737
-0.019763
-0.020852
-0.018493
-0.020115
-0.019778
-0.020941
-0.018582
-0.020204
-0.017273
-0.018215
-0.016003
-0.017477
-0.017214
-0.018230
-0.016018
-0.017492
-0.015078
-0.015872
-0.013807
-0.015135
-0.014945
-0.015813
-0.013749
-0.015076
-0.013177
-0.013824
-0.011907
-0.013087
-0.012971
-0.013692
-0.011774
-0.012954
-0.011572
-0.012071
-0.010301
-0.011334
-0.011292
-0.011865
-0.010095
-0.011128
-0.010261
-0.010613
-0.008991
-0.009876
-0.009908
-0.010333
-0.008711
-0.009596
-0.009246
-0.009450
-0.007975
-0.008713
-0.008818
-0.009097
-0.007622
-0.008359
-0.008525
-0.008582
-0.007255
-0.007845
-0.008024
-0.008155
-0.006827
-0.007417
-0.008100
-0.008009
-0.006829
-0.007272
-0.007525
-0.007508
-0.006328
-0.006771
-0.007969
-0.007731
-0.006699
-0.006994
-0.007320
-0.007156
-0.006124
-0.006419
-0.008133
-0.007748
-0.006863
-0.007010
-0.007411
-0.007099
-0.006214
-0.006362
-0.008592
-0.008059
-0.007322
-0.007322
-0.007796
-0.007337
-0.006600
-0.006600
-0.009347
-0.008666
-0.008076
-0.007929
-0.008477
-0.007870
-0.007280
-0.007133
-0.010396
-0.009568
-0.009125
-0.008830
-0.009452
-0.008698
-0.008256
-0.007961
-0.011740
-0.010764
-0.010470
-0.010027
-0.010723
-0.009821
-0.009526
-0.009084
-0.013379
-0.012256
-0.012109
-0.011519
-0.012288
-0.011239
-0.011091
-0.010501
-0.015313
-0.014043
-0.014043
-0.013305
-0.014148
-0.012952
-0.012952
-0.012214
-0.017542
-0.016124
-0.016272
-0.015387
-0.016303
-0.014959
-0.015107
-0.014222
-0.020066
-0.018500
-0.018795
-0.017763
-0.018754
-0.017262
-0.017557
-0.016525
-0.022885
-0.021172
-0.021614
-0.020434
-0.021499
-0.019860
-0.020302
-0.019122
-0.020517
-0.021459
-0.019100
-0.020869
-0.020459
-0.021474
-0.019115
-0.020884
-0.018027
-0.018821
-0.016609
-0.018232
-0.017895
-0.018763
-0.016551
-0.018173
-0.015832
-0.016479
-0.014414
-0.015889
-0.015626
-0.016346
-0.014282
-0.015756
-0.013931
-0.014431
-0.012514
-0.013841
-0.013652
-0.014225
-0.012307
-0.013635
-0.012326
-0.012678
-0.010908
-0.012088
-0.011972
-0.012398
-0.010628
-0.011808
-0.011016
-0.011220
-0.009598
-0.010630
-0.010588
-0.010866
-0.009244
-0.010276
-0.010000
-0.010057
-0.008582
-0.009467
-0.009499
-0.009630
-0.008155
-0.009040
-0.009279
-0.009189
-0.007862
-0.008599
-0.008705
-0.008688
-0.007360
-0.008098
-0.008854
-0.008616
-0.007436
-0.008026
-0.008205
-0.008041
-0.006861
-0.007451
-0.008723
-0.008338
-0.007305
-0.007748
-0.008001
-0.007689
-0.006657
-0.007099
-0.008887
-0.008354
-0.007470
-0.007765
-0.008091
-0.007632
-0.006747
-0.007042
-0.009347
-0.008666
-0.007929
-0.008076
-0.008477
-0.007870
-0.007133
-0.007280
-0.010101
-0.009273
-0.008683
-0.008683
-0.009157
-0.008403
-0.007813
-0.007813
-0.011150
-0.010175
-0.009732
-0.009585
-0.010133
-0.009231
-0.008789
-0.008641
-0.012494
-0.011371
-0.011076
-0.010781
-0.011403
-0.010354
-0.010059
-0.009764
-0.014133
-0.012863
-0.012715
-0.012273
-0.012968
-0.011772
-0.011624
-0.011182
-0.016067
-0.014649
-0.014649
-0.014059
-0.014829
-0.013485
-0.013485
-0.012895
-0.018296
-0.016731
-0.016878
-0.016141
-0.016984
-0.015492
-0.015640
-0.014902
-0.020820
-0.019107
-0.019402
-0.018517
-0.019434
-0.017795
-0.018090
-0.017205
-0.023639
-0.021779
-0.022221
-0.021189
-0.022179
-0.020393
-0.020835
-0.019803
-0.021567
-0.022361
-0.020001
-0.021918
-0.021434
-0.022302
-0.019943
-0.021860
-0.019076
-0.019723
-0.017511
-0.019281
-0.018870
-0.019591
-0.017379
-0.019148
-0.016881
-0.017380
-0.015316
-0.016938
-0.016601
-0.017174
-0.015109
-0.016732
-0.014981
-0.015332
-0.013415
-0.014890
-0.014627
-0.015053
-0.013135
-0.014610
-0.013375
-0.013580
-0.011810
-0.013137
-0.012948
-0.013226
-0.011456
-0.012783
-0.012065
-0.012122
-0.010499
-0.011679
-0.011564
-0.011694
-0.010072
-0.011252
-0.011049
-0.010959
-0.009484
-0.010516
-0.010474
-0.010457
-0.008983
-0.010015
-0.010329
-0.010091
-0.008763
-0.009648
-0.009680
-0.009516
-0.008188
-0.009073
-0.009903
-0.009517
-0.008338
-0.009075
-0.009181
-0.008869
-0.007689
-0.008426
-0.009772
-0.009239
-0.008207
-0.008797
-0.008976
-0.008517
-0.007485
-0.008075
-0.009937
-0.009256
-0.008371
-0.008814
-0.009067
-0.008460
-0.007575
-0.008018
-0.010396
-0.009568
-0.008830
-0.009125
-0.009452
-0.008698
-0.007961
-0.008256
-0.011150
-0.010175
-0.009585
-0.009732
-0.010133
-0.009231
-0.008641
-0.008789
-0.012199
-0.011076
-0.010634
-0.010634
-0.011108
-0.010059
-0.009617
-0.009617
-0.013543
-0.012273
-0.011978
-0.011830
-0.012378
-0.011182
-0.010887
-0.010739
-0.015182
-0.013764
-0.013617
-0.013322
-0.013944
-0.012600
-0.012452
-0.012157
-0.017116
-0.015551
-0.015551
-0.015109
-0.015804
-0.014312
-0.014312
-0.013870
-0.019345
-0.017632
-0.017780
-0.017190
-0.017959
-0.016320
-0.016468
-0.015878
-0.021869
-0.020009
-0.020304
-0.019566
-0.020409
-0.018623
-0.018918
-0.018180
-0.024688
-0.022680
-0.023123
-0.022238
-0.023155
-0.021221
-0.021663
-0.020778
-0.022911
-0.023557
-0.021198
-0.023263
-0.022704
-0.023425
-0.021065
-0.023130
-0.020420
-0.020920
-0.018708
-0.020625
-0.020140
-0.020714
-0.018501
-0.020419
-0.018225
-0.018577
-0.016512
-0.018282
-0.017871
-0.018297
-0.016232
-0.018002
-0.016325
-0.016529
-0.014612
-0.016234
-0.015897
-0.016175
-0.014258
-0.015880
-0.014719
-0.014776
-0.013006
-0.014481
-0.014218
-0.014349
-0.012579
-0.014054
-0.013409
-0.013318
-0.011696
-0.013023
-0.012834
-0.012817
-0.011195
-0.012522
-0.012393
-0.012155
-0.010680
-0.011860
-0.011745
-0.011580
-0.010106
-0.011285
-0.011673
-0.011287
-0.009960
-0.010992
-0.010950
-0.010639
-0.009311
-0.010344
-0.011247
-0.010714
-0.009534
-0.010419
-0.010451
-0.009992
-0.008812
-0.009697
-0.011116
-0.010436
-0.009404
-0.010141
-0.010247
-0.009640
-0.008608
-0.009345
-0.011281
-0.010453
-0.009568
-0.010158
-0.010337
-0.009583
-0.008698
-0.009288
-0.011740
-0.010764
-0.010027
-0.010470
-0.010723
-0.009821
-0.009084
-0.009526
-0.012494
-0.011371
-0.010781
-0.011076
-0.011403
-0.010354
-0.009764
-0.010059
-0.013543
-0.012273
-0.011830
-0.011978
-0.012378
-0.011182
-0.010739
-0.010887
-0.014887
-0.013469
-0.013175
-0.013175
-0.013649
-0.012305
-0.012010
-0.012010
-0.016526
-0.014961
-0.014814
-0.014666
-0.015214
-0.013723
-0.013575
-0.013428
-0.018460
-0.016748
-0.016748
-0.016453
-0.017074
-0.015435
-0.015435
-0.015140
-0.020689
-0.018829
-0.018977
-0.018534
-0.019230
-0.017443
-0.017591
-0.017148
-0.023213
-0.021205
-0.021500
-0.020911
-0.021680
-0.019746
-0.020041
-0.019451
-0.026032
-0.023877
-0.024319
-0.023582
-0.024425
-0.022343
-0.022786
-0.022048
-0.024550
-0.025049
-0.022689
-0.024902
-0.024270
-0.024843
-0.022483
-0.024695
-0.022059
-0.022411
-0.020199
-0.022264
-0.021706
-0.022131
-0.019919
-0.021984
-0.019864
-0.020068
-0.018004
-0.019921
-0.019437
-0.019715
-0.017650
-0.019567
-0.017964
-0.018021
-0.016103
-0.017873
-0.017463
-0.017593
-0.015676
-0.017446
-0.016358
-0.016268
-0.014498
-0.016120
-0.015783
-0.015767
-0.013997
-0.015619
-0.015048
-0.014810
-0.013188
-0.014662
-0.014399
-0.014235
-0.012613
-0.014087
-0.014032
-0.013647
-0.012172
-0.013499
-0.013310
-0.012998
-0.011523
-0.012851
-0.013312
-0.012779
-0.011451
-0.012631
-0.012516
-0.012056
-0.010729
-0.011909
-0.012886
-0.012206
-0.011026
-0.012058
-0.012016
-0.011410
-0.010230
-0.011262
-0.012755
-0.011927
-0.010895
-0.011780
-0.011812
-0.011058
-0.010025
-0.010910
-0.012920
-0.011944
-0.011059
-0.011797
-0.011902
-0.011001
-0.010116
-0.010853
-0.013379
-0.012256
-0.011519
-0.012109
-0.012288
-0.011239
-0.010501
-0.011091
-0.014133
-0.012863
-0.012273
-0.012715
-0.012968
-0.011772
-0.011182
-0.011624
-0.015182
-0.013764
-0.013322
-0.013617
-0.013944
-0.012600
-0.012157
-0.012452
-0.016526
-0.014961
-0.014666
-0.014814
-0.015214
-0.013723
-0.013428
-0.013575
-0.018165
-0.016453
-0.016305
-0.016305
-0.016779
-0.015140
-0.014993
-0.014993
-0.020099
-0.018239
-0.018239
-0.018092
-0.018640
-0.016853
-0.016853
-0.016706
-0.022328
-0.020321
-0.020468
-0.020173
-0.020795
-0.018861
-0.019008
-0.018713
-0.024852
-0.022697
-0.022992
-0.022550
-0.023245
-0.021164
-0.021459
-0.021016
-0.027671
-0.025368
-0.025811
-0.025221
-0.025990
-0.023761
-0.024204
-0.023614
-0.026484
-0.026836
-0.024476
-0.026836
-0.026130
-0.026556
-0.024196
-0.026556
-0.023993
-0.024198
-0.021986
-0.024198
-0.023566
-0.023844
-0.021632
-0.023844
-0.021798
-0.021855
-0.019790
-0.021855
-0.021297
-0.021428
-0.019363
-0.021428
-0.019898
-0.019807
-0.017890
-0.019807
-0.019323
-0.019306
-0.017389
-0.019306
-0.018292
-0.018054
-0.016285
-0.018054
-0.017644
-0.017479
-0.015710
-0.017479
-0.016982
-0.016596
-0.014974
-0.016596
-0.016259
-0.015948
-0.014325
-0.015948
-0.015966
-0.015433
-0.013959
-0.015433
-0.015170
-0.014711
-0.013236
-0.014711
-0.015246
-0.014565
-0.013238
-0.014565
-0.014376
-0.013769
-0.012442
-0.013769
-0.014820
-0.013992
-0.012812
-0.013992
-0.013877
-0.013122
-0.011943
-0.013122
-0.014689
-0.013714
-0.012682
-0.013714
-0.013672
-0.012770
-0.011738
-0.012770
-0.014854
-0.013731
-0.012846
-0.013731
-0.013763
-0.012714
-0.011829
-0.012714
-0.015313
-0.014043
-0.013305
-0.014043
-0.014148
-0.012952
-0.012214
-0.012952
-0.016067
-0.014649
-0.014059
-0.014649
-0.014829
-0.013485
-0.012895
-0.013485
-0.017116
-0.015551
-0.015109
-0.015551
-0.015804
-0.014312
-0.013870
-0.014312
-0.018460
-0.016748
-0.016453
-0.016748
-0.017074
-0.015435
-0.015140
-0.015435
-0.020099
-0.018239
-0.018092
-0.018239
-0.018640
-0.016853
-0.016706
-0.016853
-0.022033
-0.020026
-0.020026
-0.020026
-0.020500
-0.018566
-0.018566
-0.018566
-0.024262
-0.022107
-0.022255
-0.022107
-0.022655
-0.020574
-0.020721
-0.020574
-0.026786
-0.024484
-0.024779
-0.024484
-0.025105
-0.022876
-0.023171
-0.022876
-0.029605
-0.027155
-0.027597
-0.027155
-0.027850
-0.025474
-0.025916
-0.025474
-0.028713
-0.028917
-0.026557
-0.029065
-0.028285
-0.028563
-0.026204
-0.028711
-0.026222
-0.026279
-0.024067
-0.026427
-0.025721
-0.025852
-0.023640
-0.025999
-0.024027
-0.023936
-0.021872
-0.024084
-0.023452
-0.023435
-0.021371
-0.023583
-0.022127
-0.021889
-0.019971
-0.022036
-0.021478
-0.021314
-0.019397
-0.021461
-0.020521
-0.020136
-0.018366
-0.020283
-0.019799
-0.019487
-0.017717
-0.019635
-0.019211
-0.018678
-0.017056
-0.018825
-0.018415
-0.017955
-0.016333
-0.018103
-0.018195
-0.017515
-0.016040
-0.017662
-0.017325
-0.016719
-0.015244
-0.016866
-0.017475
-0.016647
-0.015319
-0.016794
-0.016531
-0.015777
-0.014450
-0.015924
-0.017049
-0.016074
-0.014894
-0.016221
-0.016032
-0.015130
-0.013950
-0.015278
-0.016918
-0.015795
-0.014763
-0.015943
-0.015827
-0.014778
-0.013746
-0.014926
-0.017083
-0.015812
-0.014927
-0.015960
-0.015918
-0.014721
-0.013836
-0.014869
-0.017542
-0.016124
-0.015387
-0.016272
-0.016303
-0.014959
-0.014222
-0.015107
-0.018296
-0.016731
-0.016141
-0.016878
-0.016984
-0.015492
-0.014902
-0.015640
-0.019345
-0.017632
-0.017190
-0.017780
-0.017959
-0.016320
-0.015878
-0.016468
-0.020689
-0.018829
-0.018534
-0.018977
-0.019230
-0.017443
-0.017148
-0.017591
-0.022328
-0.020321
-0.020173
-0.020468
-0.020795
-0.018861
-0.018713
-0.019008
-0.024262
-0.022107
-0.022107
-0.022255
-0.022655
-0.020574
-0.020574
-0.020721
-0.026491
-0.024189
-0.024336
-0.024336
-0.024810
-0.022581
-0.022729
-0.022729
-0.029015
-0.026565
-0.026860
-0.026713
-0.027261
-0.024884
-0.025179
-0.025032
-0.031834
-0.029236
-0.029679
-0.029384
-0.030006
-0.027482
-0.027924
-0.027629
-0.031237
-0.031293
-0.028934
-0.031588
-0.030735
-0.030866
-0.028506
-0.031161
-0.028746
-0.028656
-0.026444
-0.028951
-0.028171
-0.028155
-0.025942
-0.028450
-0.026551
-0.026313
-0.024248
-0.026608
-0.025902
-0.025738
-0.023673
-0.026033
-0.024651
-0.024265
-0.022348
-0.024560
-0.023928
-0.023616
-0.021699
-0.023911
-0.023045
-0.022512
-0.020742
-0.022807
-0.022249
-0.021790
-0.020020
-0.022085
-0.021735
-0.021054
-0.019432
-0.021349
-0.020865
-0.020258
-0.018636
-0.020553
-0.020719
-0.019891
-0.018416
-0.020186
-0.019776
-0.019021
-0.017547
-0.019316
-0.019999
-0.019023
-0.017696
-0.019318
-0.018981
-0.018080
-0.016752
-0.018375
-0.019573
-0.018450
-0.017270
-0.018745
-0.018482
-0.017433
-0.016253
-0.017728
-0.019442
-0.018172
-0.017140
-0.018467
-0.018278
-0.017081
-0.016049
-0.017376
-0.019607
-0.018189
-0.017304
-0.018484
-0.018368
-0.017024
-0.016139
-0.017319
-0.020066
-0.018500
-0.017763
-0.018795
-0.018754
-0.017262
-0.016525
-0.017557
-0.020820
-0.019107
-0.018517
-0.019402
-0.019434
-0.017795
-0.017205
-0.018090
-0.021869
-0.020009
-0.019566
-0.020304
-0.020409
-0.018623
-0.018180
-0.018918
-0.023213
-0.021205
-0.020911
-0.021500
-0.021680
-0.019746
-0.019451
-0.020041
-0.024852
-0.022697
-0.022550
-0.022992
-0.023245
-0.021164
-0.021016
-0.021459
-0.026786
-0.024484
-0.024484
-0.024779
-0.025105
-0.022876
-0.022876
-0.023171
-0.029015
-0.026565
-0.026713
-0.026860
-0.027261
-0.024884
-0.025032
-0.025179
-0.031539
-0.028941
-0.029236
-0.029236
-0.029711
-0.027187
-0.027482
-0.027482
-0.034358
-0.031613
-0.032055
-0.031908
-0.032456
-0.029784
-0.030227
-0.030079
-0.034055
-0.033965
-0.031605
-0.034407
-0.033481
-0.033464
-0.031104
-0.033906
-0.031565
-0.031327
-0.029115
-0.031770
-0.030917
-0.030752
-0.028540
-0.031195
-0.029370
-0.028984
-0.026920
-0.029427
-0.028647
-0.028336
-0.026271
-0.028778
-0.027469
-0.026936
-0.025019
-0.027379
-0.026673
-0.026214
-0.024297
-0.026657
-0.025864
-0.025184
-0.023414
-0.025626
-0.024994
-0.024387
-0.022618
-0.024830
-0.024554
-0.023726
-0.022103
-0.024168
-0.023610
-0.022856
-0.021234
-0.023298
-0.023538
-0.022563
-0.021088
-0.023005
-0.022521
-0.021619
-0.020144
-0.022061
-0.022817
-0.021695
-0.020367
-0.022137
-0.021726
-0.020677
-0.019350
-0.021120
-0.022392
-0.021121
-0.019942
-0.021564
-0.021227
-0.020030
-0.018851
-0.020473
-0.022261
-0.020843
-0.019811
-0.021286
-0.021023
-0.019679
-0.018646
-0.020121
-0.022425
-0.020860
-0.019975
-0.021303
-0.021113
-0.019622
-0.018737
-0.020064
-0.022885
-0.021172
-0.020434
-0.021614
-0.021499
-0.019860
-0.019122
-0.020302
-0.023639
-0.021779
-0.021189
-0.022221
-0.022179
-0.020393
-0.019803
-0.020835
-0.024688
-0.022680
-0.022238
-0.023123
-0.023155
-0.021221
-0.020778
-0.021663
-0.026032
-0.023877
-0.023582
-0.024319
-0.024425
-0.022343
-0.022048
-0.022786
-0.027671
-0.025368
-0.025221
-0.025811
-0.025990
-0.023761
-0.023614
-0.024204
-0.029605
-0.027155
-0.027155
-0.027597
-0.027850
-0.025474
-0.025474
-0.025916
-0.031834
-0.029236
-0.029384
-0.029679
-0.030006
-0.027482
-0.027629
-0.027924
-0.034358
-0.031613
-0.031908
-0.032055
-0.032456
-0.029784
-0.030079
-0.030227
-0.037177
-0.034284
-0.034727
-0.034727
-0.035201
-0.032382
-0.032825
-0.032825
-0.033163
-0.035874
-0.033367
-0.033367
-0.033915
-0.036701
-0.034194
-0.034194
-0.030673
-0.033237
-0.030877
-0.030730
-0.031351
-0.033989
-0.031629
-0.031482
-0.028477
-0.030894
-0.028682
-0.028387
-0.029082
-0.031573
-0.029360
-0.029065
-0.026577
-0.028846
-0.026781
-0.026339
-0.027108
-0.029451
-0.027386
-0.026944
-0.024972
-0.027093
-0.025176
-0.024586
-0.025429
-0.027624
-0.025707
-0.025117
-0.023661
-0.025635
-0.023865
-0.023128
-0.024045
-0.026093
-0.024323
-0.023586
-0.022646
-0.024472
-0.022850
-0.021965
-0.022956
-0.024856
-0.023234
-0.022349
-0.021925
-0.023604
-0.022129
-0.021097
-0.022161
-0.023914
-0.022439
-0.021407
-0.021499
-0.023031
-0.021704
-0.020524
-0.021662
-0.023267
-0.021940
-0.020760
-0.021369
-0.022753
-0.021573
-0.020246
-0.021457
-0.022915
-0.021736
-0.020408
-0.021533
-0.022770
-0.021737
-0.020263
-0.021548
-0.022858
-0.021826
-0.020351
-0.021992
-0.023081
-0.022197
-0.020574
-0.021933
-0.023096
-0.022212
-0.020589
-0.022746
-0.023688
-0.022951
-0.021181
-0.022614
-0.023629
-0.022892
-0.021122
-0.023796
-0.024590
-0.024000
-0.022083
-0.023589
-0.024457
-0.023867
-0.021950
-0.025140
-0.025786
-0.025344
-0.023279
-0.024860
-0.025580
-0.025138
-0.023073
-0.026779
-0.027278
-0.026983
-0.024771
-0.026425
-0.026998
-0.026703
-0.024491
-0.028713
-0.029065
-0.028917
-0.026557
-0.028285
-0.028711
-0.028563
-0.026204
-0.030942
-0.031146
-0.031146
-0.028639
-0.030440
-0.030719
-0.030719
-0.028212
-0.033466
-0.033522
-0.033670
-0.031015
-0.032891
-0.033021
-0.033169
-0.030514
-0.036284
-0.036194
-0.036489
-0.033687
-0.035636
-0.035619
-0.035914
-0.033112
-0.030673
-0.033237
-0.030730
-0.030877
-0.031351
-0.033989
-0.031482
-0.031629
-0.028182
-0.030599
-0.028239
-0.028239
-0.028787
-0.031278
-0.028918
-0.028918
-0.025987
-0.028256
-0.026044
-0.025896
-0.026518
-0.028861
-0.026649
-0.026501
-0.024087
-0.026208
-0.024144
-0.023849
-0.024544
-0.026739
-0.024675
-0.024380
-0.022481
-0.024455
-0.022538
-0.022096
-0.022865
-0.024913
-0.022996
-0.022553
-0.021171
-0.022997
-0.021228
-0.020638
-0.021481
-0.023381
-0.021611
-0.021022
-0.020155
-0.021834
-0.020212
-0.019475
-0.020391
-0.022144
-0.020522
-0.019785
-0.019435
-0.020966
-0.019492
-0.018607
-0.019597
-0.021203
-0.019728
-0.018843
-0.019009
-0.020393
-0.019066
-0.018034
-0.019098
-0.020556
-0.019228
-0.018196
-0.018878
-0.020115
-0.018935
-0.017755
-0.018893
-0.020204
-0.019024
-0.017844
-0.019043
-0.020132
-0.019100
-0.017772
-0.018984
-0.020147
-0.019115
-0.017787
-0.019502
-0.020444
-0.019559
-0.018084
-0.019369
-0.020385
-0.019500
-0.018025
-0.020256
-0.021050
-0.020313
-0.018691
-0.020050
-0.020918
-0.020181
-0.018558
-0.021305
-0.021952
-0.021362
-0.019592
-0.021025
-0.021746
-0.021156
-0.019386
-0.022649
-0.023149
-0.022706
-0.020789
-0.022296
-0.022869
-0.022426
-0.020509
-0.024288
-0.024640
-0.024345
-0.022281
-0.023861
-0.024287
-0.023992
-0.021927
-0.026222
-0.026427
-0.026279
-0.024067
-0.025721
-0.025999
-0.025852
-0.023640
-0.028451
-0.028508
-0.028508
-0.026149
-0.027876
-0.028007
-0.028007
-0.025648
-0.030975
-0.030885
-0.031032
-0.028525
-0.030327
-0.030310
-0.030457
-0.027950
-0.033794
-0.033556
-0.033851
-0.031196
-0.033072
-0.032907
-0.033202
-0.030548
-0.028477
-0.030894
-0.028387
-0.028682
-0.029082
-0.031573
-0.029065
-0.029360
-0.025987
-0.028256
-0.025896
-0.026044
-0.026518
-0.028861
-0.026501
-0.026649
-0.023792
-0.025913
-0.023701
-0.023701
-0.024249
-0.026445
-0.024232
-0.024232
-0.021891
-0.023865
-0.021801
-0.021653
-0.022275
-0.024323
-0.022258
-0.022111
-0.020286
-0.022113
-0.020195
-0.019900
-0.020596
-0.022496
-0.020579
-0.020284
-0.018975
-0.020655
-0.018885
-0.018442
-0.019212
-0.020965
-0.019195
-0.018752
-0.017960
-0.019492
-0.017869
-0.017279
-0.018122
-0.019728
-0.018106
-0.017516
-0.017239
-0.018624
-0.017149
-0.016411
-0.017328
-0.018786
-0.017311
-0.016574
-0.016814
-0.018050
-0.016723
-0.015838
-0.016829
-0.018139
-0.016812
-0.015927
-0.016683
-0.017772
-0.016592
-0.015560
-0.016624
-0.017787
-0.016608
-0.015575
-0.016847
-0.017789
-0.016757
-0.015577
-0.016715
-0.017730
-0.016698
-0.015518
-0.017307
-0.018101
-0.017216
-0.015889
-0.017100
-0.017968
-0.017084
-0.015756
-0.018061
-0.018708
-0.017970
-0.016495
-0.017781
-0.018501
-0.017764
-0.016289
-0.019110
-0.019609
-0.019019
-0.017397
-0.018756
-0.019329
-0.018739
-0.017117
-0.020454
-0.020806
-0.020363
-0.018594
-0.020027
-0.020452
-0.020010
-0.018240
-0.022093
-0.022297
-0.022002
-0.020085
-0.021592
-0.021870
-0.021575
-0.019658
-0.024027
-0.024084
-0.023936
-0.021872
-0.023452
-0.023583
-0.023435
-0.021371
-0.026256
-0.026165
-0.026165
-0.023953
-0.025607
-0.025591
-0.025591
-0.023378
-0.028780
-0.028542
-0.028689
-0.026330
-0.028058
-0.027893
-0.028041
-0.025681
-0.031599
-0.031213
-0.031508
-0.029001
-0.030803
-0.030491
-0.030786
-0.028279
-0.026577
-0.028846
-0.026339
-0.026781
-0.027108
-0.029451
-0.026944
-0.027386
-0.024087
-0.026208
-0.023849
-0.024144
-0.024544
-0.026739
-0.024380
-0.024675
-0.021891
-0.023865
-0.021653
-0.021801
-0.022275
-0.024323
-0.022111
-0.022258
-0.019991
-0.021818
-0.019753
-0.019753
-0.020301
-0.022201
-0.020137
-0.020137
-0.018386
-0.020065
-0.018147
-0.018000
-0.018622
-0.020375
-0.018457
-0.018310
-0.017075
-0.018607
-0.016837
-0.016542
-0.017238
-0.018843
-0.017073
-0.016778
-0.016060
-0.017444
-0.015821
-0.015379
-0.016148
-0.017606
-0.015984
-0.015542
-0.015339
-0.016576
-0.015101
-0.014511
-0.015354
-0.016664
-0.015190
-0.014600
-0.014913
-0.016003
-0.014675
-0.013938
-0.014855
-0.016018
-0.014690
-0.013953
-0.014783
-0.015724
-0.014545
-0.013660
-0.014650
-0.015666
-0.014486
-0.013601
-0.014947
-0.015741
-0.014709
-0.013677
-0.014741
-0.015609
-0.014576
-0.013544
-0.015406
-0.016053
-0.015168
-0.013988
-0.015126
-0.015847
-0.014962
-0.013782
-0.016160
-0.016660
-0.015922
-0.014595
-0.015807
-0.016380
-0.015642
-0.014315
-0.017210
-0.017561
-0.016971
-0.015497
-0.016782
-0.017208
-0.016618
-0.015143
-0.018554
-0.018758
-0.018316
-0.016693
-0.018052
-0.018331
-0.017888
-0.016266
-0.020193
-0.020250
-0.019955
-0.018185
-0.019618
-0.019748
-0.019454
-0.017684
-0.022127
-0.022036
-0.021889
-0.019971
-0.021478
-0.021461
-0.021314
-0.019397
-0.024356
-0.024118
-0.024118
-0.022053
-0.023633
-0.023469
-0.023469
-0.021404
-0.026880
-0.026494
-0.026641
-0.024429
-0.026083
-0.025772
-0.025919
-0.023707
-0.029698
-0.029165
-0.029460
-0.027101
-0.028829
-0.028369
-0.028664
-0.026305
-0.024972
-0.027093
-0.024586
-0.025176
-0.025429
-0.027624
-0.025117
-0.025707
-0.022481
-0.024455
-0.022096
-0.022538
-0.022865
-0.024913
-0.022553
-0.022996
-0.020286
-0.022113
-0.019900
-0.020195
-0.020596
-0.022496
-0.020284
-0.020579
-0.018386
-0.020065
-0.018000
-0.018147
-0.018622
-0.020375
-0.018310
-0.018457
-0.016780
-0.018312
-0.016395
-0.016395
-0.016943
-0.018548
-0.016631
-0.016631
-0.015470
-0.016854
-0.015084
-0.014937
-0.015558
-0.017016
-0.015247
-0.015099
-0.014454
-0.015691
-0.014069
-0.013774
-0.014469
-0.015780
-0.014157
-0.013862
-0.013734
-0.014823
-0.013348
-0.012906
-0.013675
-0.014838
-0.013363
-0.012921
-0.013308
-0.014250
-0.012922
-0.012332
-0.013175
-0.014191
-0.012864
-0.012274
-0.013177
-0.013972
-0.012792
-0.012054
-0.012971
-0.013839
-0.012659
-0.011922
-0.013342
-0.013988
-0.012956
-0.012071
-0.013062
-0.013782
-0.012750
-0.011865
-0.013801
-0.014300
-0.013415
-0.012383
-0.013447
-0.014020
-0.013135
-0.012103
-0.014555
-0.014907
-0.014169
-0.012990
-0.014128
-0.014553
-0.013816
-0.012636
-0.015604
-0.015808
-0.015219
-0.013891
-0.015103
-0.015381
-0.014791
-0.013464
-0.016948
-0.017005
-0.016563
-0.015088
-0.016373
-0.016504
-0.016062
-0.014587
-0.018587
-0.018497
-0.018202
-0.016579
-0.017939
-0.017922
-0.017627
-0.016005
-0.020521
-0.020283
-0.020136
-0.018366
-0.019799
-0.019635
-0.019487
-0.017717
-0.022750
-0.022365
-0.022365
-0.020447
-0.021954
-0.021642
-0.021642
-0.019725
-0.025274
-0.024741
-0.024889
-0.022824
-0.024404
-0.023945
-0.024093
-0.022028
-0.028093
-0.027412
-0.027707
-0.025495
-0.027149
-0.026543
-0.026838
-0.024625
-0.023661
-0.025635
-0.023128
-0.023865
-0.024045
-0.026093
-0.023586
-0.024323
-0.021171
-0.022997
-0.020638
-0.021228
-0.021481
-0.023381
-0.021022
-0.021611
-0.018975
-0.020655
-0.018442
-0.018885
-0.019212
-0.020965
-0.018752
-0.019195
-0.017075
-0.018607
-0.016542
-0.016837
-0.017238
-0.018843
-0.016778
-0.017073
-0.015470
-0.016854
-0.014937
-0.015084
-0.015558
-0.017016
-0.015099
-0.015247
-0.014159
-0.015396
-0.013626
-0.013626
-0.014174
-0.015485
-0.013715
-0.013715
-0.013144
-0.014233
-0.012611
-0.012463
-0.013085
-0.014248
-0.012626
-0.012478
-0.012423
-0.013365
-0.011890
-0.011595
-0.012291
-0.013306
-0.011831
-0.011536
-0.011997
-0.012792
-0.011464
-0.011022
-0.011791
-0.012659
-0.011332
-0.010890
-0.011867
-0.012514
-0.011334
-0.010744
-0.011587
-0.012307
-0.011128
-0.010538
-0.012031
-0.012530
-0.011498
-0.010761
-0.011677
-0.012250
-0.011218
-0.010481
-0.012490
-0.012842
-0.011957
-0.011072
-0.012063
-0.012489
-0.011604
-0.010719
-0.013244
-0.013449
-0.012711
-0.011679
-0.012743
-0.013021
-0.012284
-0.011252
-0.014294
-0.014351
-0.013761
-0.012581
-0.013719
-0.013849
-0.013260
-0.012080
-0.015638
-0.015547
-0.015105
-0.013777
-0.014989
-0.014972
-0.014530
-0.013203
-0.017277
-0.017039
-0.016744
-0.015269
-0.016554
-0.016390
-0.016095
-0.014620
-0.019211
-0.018825
-0.018678
-0.017056
-0.018415
-0.018103
-0.017955
-0.016333
-0.021440
-0.020907
-0.020907
-0.019137
-0.020570
-0.020111
-0.020111
-0.018341
-0.023964
-0.023283
-0.023431
-0.021513
-0.023020
-0.022413
-0.022561
-0.020644
-0.026782
-0.025955
-0.026249
-0.024185
-0.025765
-0.025011
-0.025306
-0.023241
-0.022646
-0.024472
-0.021965
-0.022850
-0.022956
-0.024856
-0.022349
-0.023234
-0.020155
-0.021834
-0.019475
-0.020212
-0.020391
-0.022144
-0.019785
-0.020522
-0.017960
-0.019492
-0.017279
-0.017869
-0.018122
-0.019728
-0.017516
-0.018106
-0.016060
-0.017444
-0.015379
-0.015821
-0.016148
-0.017606
-0.015542
-0.015984
-0.014454
-0.015691
-0.013774
-0.014069
-0.014469
-0.015780
-0.013862
-0.014157
-0.013144
-0.014233
-0.012463
-0.012611
-0.013085
-0.014248
-0.012478
-0.012626
-0.012128
-0.013070
-0.011448
-0.011448
-0.011996
-0.013011
-0.011389
-0.011389
-0.011408
-0.012202
-0.010727
-0.010580
-0.011201
-0.012069
-0.010595
-0.010447
-0.010982
-0.011629
-0.010301
-0.010006
-0.010702
-0.011423
-0.010095
-0.009800
-0.010851
-0.011351
-0.010171
-0.009728
-0.010498
-0.011071
-0.009891
-0.009448
-0.011016
-0.011367
-0.010335
-0.009745
-0.010588
-0.011014
-0.009981
-0.009392
-0.011475
-0.011679
-0.010794
-0.010057
-0.010974
-0.011252
-0.010367
-0.009630
-0.012229
-0.012286
-0.011548
-0.010664
-0.011654
-0.011785
-0.011047
-0.010163
-0.013278
-0.013188
-0.012598
-0.011565
-0.012629
-0.012613
-0.012023
-0.010990
-0.014622
-0.014384
-0.013942
-0.012762
-0.013900
-0.013736
-0.013293
-0.012113
-0.016261
-0.015876
-0.015581
-0.014253
-0.015465
-0.015153
-0.014858
-0.013531
-0.018195
-0.017662
-0.017515
-0.016040
-0.017325
-0.016866
-0.016719
-0.015244
-0.020424
-0.019744
-0.019744
-0.018121
-0.019481
-0.018874
-0.018874
-0.017252
-0.022948
-0.022120
-0.022268
-0.020498
-0.021931
-0.021177
-0.021324
-0.019554
-0.025767
-0.024792
-0.025086
-0.023169
-0.024676
-0.023774
-0.024069
-0.022152
-0.021925
-0.023604
-0.021097
-0.022129
-0.022161
-0.023914
-0.021407
-0.022439
-0.019435
-0.020966
-0.018607
-0.019492
-0.019597
-0.021203
-0.018843
-0.019728
-0.017239
-0.018624
-0.016411
-0.017149
-0.017328
-0.018786
-0.016574
-0.017311
-0.015339
-0.016576
-0.014511
-0.015101
-0.015354
-0.016664
-0.014600
-0.015190
-0.013734
-0.014823
-0.012906
-0.013348
-0.013675
-0.014838
-0.012921
-0.013363
-0.012423
-0.013365
-0.011595
-0.011890
-0.012291
-0.013306
-0.011536
-0.011831
-0.011408
-0.012202
-0.010580
-0.010727
-0.011201
-0.012069
-0.010447
-0.010595
-0.010687
-0.011334
-0.009859
-0.009859
-0.010407
-0.011128
-0.009653
-0.009653
-0.010261
-0.010761
-0.009433
-0.009286
-0.009908
-0.010481
-0.009153
-0.009006
-0.010131
-0.010483
-0.009303
-0.009008
-0.009703
-0.010129
-0.008949
-0.008654
-0.010295
-0.010499
-0.009467
-0.009025
-0.009794
-0.010072
-0.009040
-0.008597
-0.010754
-0.010811
-0.009926
-0.009336
-0.010179
-0.010310
-0.009425
-0.008835
-0.011508
-0.011418
-0.010680
-0.009943
-0.010860
-0.010843
-0.010106
-0.009368
-0.012558
-0.012319
-0.011730
-0.010845
-0.011835
-0.011671
-0.011081
-0.010196
-0.013902
-0.013516
-0.013074
-0.012041
-0.013106
-0.012794
-0.012351
-0.011319
-0.015541
-0.015008
-0.014713
-0.013533
-0.014671
-0.014212
-0.013917
-0.012737
-0.017475
-0.016794
-0.016647
-0.015319
-0.016531
-0.015924
-0.015777
-0.014450
-0.019704
-0.018876
-0.018876
-0.017401
-0.018686
-0.017932
-0.017932
-0.016457
-0.022228
-0.021252
-0.021400
-0.019777
-0.021136
-0.020235
-0.020382
-0.018760
-0.025046
-0.023923
-0.024218
-0.022449
-0.023882
-0.022832
-0.023127
-0.021358
-0.021499
-0.023031
-0.020524
-0.021704
-0.021662
-0.023267
-0.020760
-0.021940
-0.019009
-0.020393
-0.018034
-0.019066
-0.019098
-0.020556
-0.018196
-0.019228
-0.016814
-0.018050
-0.015838
-0.016723
-0.016829
-0.018139
-0.015927
-0.016812
-0.014913
-0.016003
-0.013938
-0.014675
-0.014855
-0.016018
-0.013953
-0.014690
-0.013308
-0.014250
-0.012332
-0.012922
-0.013175
-0.014191
-0.012274
-0.012864
-0.011997
-0.012792
-0.011022
-0.011464
-0.011791
-0.012659
-0.010890
-0.011332
-0.010982
-0.011629
-0.010006
-0.010301
-0.010702
-0.011423
-0.009800
-0.010095
-0.010261
-0.010761
-0.009286
-0.009433
-0.009908
-0.010481
-0.009006
-0.009153
-0.009836
-0.010188
-0.008860
-0.008860
-0.009408
-0.009834
-0.008507
-0.008507
-0.009705
-0.009909
-0.008730
-0.008582
-0.009204
-0.009482
-0.008302
-0.008155
-0.009869
-0.009926
-0.008894
-0.008599
-0.009294
-0.009425
-0.008393
-0.008098
-0.010329
-0.010238
-0.009353
-0.008911
-0.009680
-0.009663
-0.008778
-0.008336
-0.011083
-0.010845
-0.010107
-0.009517
-0.010360
-0.010196
-0.009459
-0.008869
-0.012132
-0.011746
-0.011156
-0.010419
-0.011336
-0.011024
-0.010434
-0.009697
-0.013476
-0.012943
-0.012501
-0.011616
-0.012606
-0.012147
-0.011705
-0.010820
-0.015115
-0.014435
-0.014140
-0.013107
-0.014171
-0.013565
-0.013270
-0.012237
-0.017049
-0.016221
-0.016074
-0.014894
-0.016032
-0.015278
-0.015130
-0.013950
-0.019278
-0.018303
-0.018303
-0.016975
-0.018187
-0.017285
-0.017285
-0.015958
-0.021802
-0.020679
-0.020826
-0.019352
-0.020637
-0.019588
-0.019735
-0.018261
-0.024621
-0.023350
-0.023645
-0.022023
-0.023382
-0.022186
-0.022481
-0.020858
-0.021369
-0.022753
-0.020246
-0.021573
-0.021457
-0.022915
-0.020408
-0.021736
-0.018878
-0.020115
-0.017755
-0.018935
-0.018893
-0.020204
-0.017844
-0.019024
-0.016683
-0.017772
-0.015560
-0.016592
-0.016624
-0.017787
-0.015575
-0.016608
-0.014783
-0.015724
-0.013660
-0.014545
-0.014650
-0.015666
-0.013601
-0.014486
-0.013177
-0.013972
-0.012054
-0.012792
-0.012971
-0.013839
-0.011922
-0.012659
-0.011867
-0.012514
-0.010744
-0.011334
-0.011587
-0.012307
-0.010538
-0.011128
-0.010851
-0.011351
-0.009728
-0.010171
-0.010498
-0.011071
-0.009448
-0.009891
-0.010131
-0.010483
-0.009008
-0.009303
-0.009703
-0.010129
-0.008654
-0.008949
-0.009705
-0.009909
-0.008582
-0.008730
-0.009204
-0.009482
-0.008155
-0.008302
-0.009574
-0.009631
-0.008451
-0.008451
-0.009000
-0.009130
-0.007950
-0.007950
-0.009739
-0.009648
-0.008616
-0.008468
-0.009090
-0.009073
-0.008041
-0.007893
-0.010198
-0.009960
-0.009075
-0.008780
-0.009476
-0.009311
-0.008426
-0.008131
-0.010952
-0.010567
-0.009829
-0.009387
-0.010156
-0.009844
-0.009107
-0.008664
-0.012001
-0.011468
-0.010878
-0.010288
-0.011131
-0.010672
-0.010082
-0.009492
-0.013345
-0.012665
-0.012222
-0.011485
-0.012402
-0.011795
-0.011353
-0.010615
-0.014984
-0.014156
-0.013861
-0.012977
-0.013967
-0.013213
-0.012918
-0.012033
-0.016918
-0.015943
-0.015795
-0.014763
-0.015827
-0.014926
-0.014778
-0.013746
-0.019147
-0.018024
-0.018024
-0.016845
-0.017983
-0.016933
-0.016933
-0.015754
-0.021671
-0.020401
-0.020548
-0.019221
-0.020433
-0.019236
-0.019384
-0.018056
-0.024490
-0.023072
-0.023367
-0.021892
-0.023178
-0.021834
-0.022129
-0.020654
-0.021533
-0.022770
-0.020263
-0.021737
-0.021548
-0.022858
-0.020351
-0.021826
-0.019043
-0.020132
-0.017772
-0.019100
-0.018984
-0.020147
-0.017787
-0.019115
-0.016847
-0.017789
-0.015577
-0.016757
-0.016715
-0.017730
-0.015518
-0.016698
-0.014947
-0.015741
-0.013677
-0.014709
-0.014741
-0.015609
-0.013544
-0.014576
-0.013342
-0.013988
-0.012071
-0.012956
-0.013062
-0.013782
-0.011865
-0.012750
-0.012031
-0.012530
-0.010761
-0.011498
-0.011677
-0.012250
-0.010481
-0.011218
-0.011016
-0.011367
-0.009745
-0.010335
-0.010588
-0.011014
-0.009392
-0.009981
-0.010295
-0.010499
-0.009025
-0.009467
-0.009794
-0.010072
-0.008597
-0.009040
-0.009869
-0.009926
-0.008599
-0.008894
-0.009294
-0.009425
-0.008098
-0.008393
-0.009739
-0.009648
-0.008468
-0.008616
-0.009090
-0.009073
-0.007893
-0.008041
-0.009903
-0.009665
-0.008633
-0.008633
-0.009181
-0.009016
-0.007984
-0.007984
-0.010362
-0.009977
-0.009092
-0.008944
-0.009566
-0.009254
-0.008369
-0.008222
-0.011116
-0.010583
-0.009846
-0.009551
-0.010247
-0.009787
-0.009050
-0.008755
-0.012166
-0.011485
-0.010895
-0.010453
-0.011222
-0.010615
-0.010025
-0.009583
-0.013510
-0.012682
-0.012239
-0.011649
-0.012492
-0.011738
-0.011296
-0.010706
-0.015149
-0.014173
-0.013878
-0.013141
-0.014058
-0.013156
-0.012861
-0.012124
-0.017083
-0.015960
-0.015812
-0.014927
-0.015918
-0.014869
-0.014721
-0.013836
-0.019312
-0.018041
-0.018041
-0.017009
-0.018073
-0.016876
-0.016876
-0.015844
-0.021836
-0.020418
-0.020565
-0.019385
-0.020523
-0.019179
-0.019327
-0.018147
-0.024654
-0.023089
-0.023384
-0.022057
-0.023268
-0.021777
-0.022072
-0.020744
-0.021992
-0.023081
-0.020574
-0.022197
-0.021933
-0.023096
-0.020589
-0.022212
-0.019502
-0.020444
-0.018084
-0.019559
-0.019369
-0.020385
-0.018025
-0.019500
-0.017307
-0.018101
-0.015889
-0.017216
-0.017100
-0.017968
-0.015756
-0.017084
-0.015406
-0.016053
-0.013988
-0.015168
-0.015126
-0.015847
-0.013782
-0.014962
-0.013801
-0.014300
-0.012383
-0.013415
-0.013447
-0.014020
-0.012103
-0.013135
-0.012490
-0.012842
-0.011072
-0.011957
-0.012063
-0.012489
-0.010719
-0.011604
-0.011475
-0.011679
-0.010057
-0.010794
-0.010974
-0.011252
-0.009630
-0.010367
-0.010754
-0.010811
-0.009336
-0.009926
-0.010179
-0.010310
-0.008835
-0.009425
-0.010329
-0.010238
-0.008911
-0.009353
-0.009680
-0.009663
-0.008336
-0.008778
-0.010198
-0.009960
-0.008780
-0.009075
-0.009476
-0.009311
-0.008131
-0.008426
-0.010362
-0.009977
-0.008944
-0.009092
-0.009566
-0.009254
-0.008222
-0.008369
-0.010821
-0.010288
-0.009404
-0.009404
-0.009952
-0.009492
-0.008608
-0.008608
-0.011576
-0.010895
-0.010158
-0.010010
-0.010632
-0.010025
-0.009288
-0.009140
-0.012625
-0.011797
-0.011207
-0.010912
-0.011607
-0.010853
-0.010263
-0.009968
-0.013969
-0.012993
-0.012551
-0.012109
-0.012878
-0.011976
-0.011534
-0.011091
-0.015608
-0.014485
-0.014190
-0.013600
-0.014443
-0.013394
-0.013099
-0.012509
-0.017542
-0.016272
-0.016124
-0.015387
-0.016303
-0.015107
-0.014959
-0.014222
-0.019771
-0.018353
-0.018353
-0.017468
-0.018459
-0.017115
-0.017115
-0.016230
-0.022295
-0.020729
-0.020877
-0.019845
-0.020909
-0.019417
-0.019565
-0.018532
-0.025114
-0.023401
-0.023696
-0.022516
-0.023654
-0.022015
-0.022310
-0.021130
-0.022746
-0.023688
-0.021181
-0.022951
-0.022614
-0.023629
-0.021122
-0.022892
-0.020256
-0.021050
-0.018691
-0.020313
-0.020050
-0.020918
-0.018558
-0.020181
-0.018061
-0.018708
-0.016495
-0.017970
-0.017781
-0.018501
-0.016289
-0.017764
-0.016160
-0.016660
-0.014595
-0.015922
-0.015807
-0.016380
-0.014315
-0.015642
-0.014555
-0.014907
-0.012990
-0.014169
-0.014128
-0.014553
-0.012636
-0.013816
-0.013244
-0.013449
-0.011679
-0.012711
-0.012743
-0.013021
-0.011252
-0.012284
-0.012229
-0.012286
-0.010664
-0.011548
-0.011654
-0.011785
-0.010163
-0.011047
-0.011508
-0.011418
-0.009943
-0.010680
-0.010860
-0.010843
-0.009368
-0.010106
-0.011083
-0.010845
-0.009517
-0.010107
-0.010360
-0.010196
-0.008869
-0.009459
-0.010952
-0.010567
-0.009387
-0.009829
-0.010156
-0.009844
-0.008664
-0.009107
-0.011116
-0.010583
-0.009551
-0.009846
-0.010247
-0.009787
-0.008755
-0.009050
-0.011576
-0.010895
-0.010010
-0.010158
-0.010632
-0.010025
-0.009140
-0.009288
-0.012330
-0.011502
-0.010764
-0.010764
-0.011313
-0.010558
-0.009821
-0.009821
-0.013379
-0.012404
-0.011814
-0.011666
-0.012288
-0.011386
-0.010796
-0.010649
-0.014723
-0.013600
-0.013158
-0.012863
-0.013558
-0.012509
-0.012067
-0.011772
-0.016362
-0.015092
-0.014797
-0.014354
-0.015124
-0.013927
-0.013632
-0.013190
-0.018296
-0.016878
-0.016731
-0.016141
-0.016984
-0.015640
-0.015492
-0.014902
-0.020525
-0.018960
-0.018960
-0.018222
-0.019139
-0.017647
-0.017647
-0.016910
-0.023049
-0.021336
-0.021484
-0.020599
-0.021589
-0.019950
-0.020098
-0.019213
-0.025868
-0.024008
-0.024302
-0.023270
-0.024334
-0.022548
-0.022843
-0.021810
-0.023796
-0.024590
-0.022083
-0.024000
-0.023589
-0.024457
-0.021950
-0.023867
-0.021305
-0.021952
-0.019592
-0.021362
-0.021025
-0.021746
-0.019386
-0.021156
-0.019110
-0.019609
-0.017397
-0.019019
-0.018756
-0.019329
-0.017117
-0.018739
-0.017210
-0.017561
-0.015497
-0.016971
-0.016782
-0.017208
-0.015143
-0.016618
-0.015604
-0.015808
-0.013891
-0.015219
-0.015103
-0.015381
-0.013464
-0.014791
-0.014294
-0.014351
-0.012581
-0.013761
-0.013719
-0.013849
-0.012080
-0.013260
-0.013278
-0.013188
-0.011565
-0.012598
-0.012629
-0.012613
-0.010990
-0.012023
-0.012558
-0.012319
-0.010845
-0.011730
-0.011835
-0.011671
-0.010196
-0.011081
-0.012132
-0.011746
-0.010419
-0.011156
-0.011336
-0.011024
-0.009697
-0.010434
-0.012001
-0.011468
-0.010288
-0.010878
-0.011131
-0.010672
-0.009492
-0.010082
-0.012166
-0.011485
-0.010453
-0.010895
-0.011222
-0.010615
-0.009583
-0.010025
-0.012625
-0.011797
-0.010912
-0.011207
-0.011607
-0.010853
-0.009968
-0.010263
-0.013379
-0.012404
-0.011666
-0.011814
-0.012288
-0.011386
-0.010649
-0.010796
-0.014428
-0.013305
-0.012715
-0.012715
-0.013263
-0.012214
-0.011624
-0.011624
-0.015772
-0.014502
-0.014059
-0.013912
-0.014534
-0.013337
-0.012895
-0.012747
-0.017411
-0.015993
-0.015698
-0.015403
-0.016099
-0.014755
-0.014460
-0.014165
-0.019345
-0.017780
-0.017632
-0.017190
-0.017959
-0.016468
-0.016320
-0.015878
-0.021574
-0.019861
-0.019861
-0.019271
-0.020114
-0.018475
-0.018475
-0.017886
-0.024098
-0.022238
-0.022385
-0.021648
-0.022565
-0.020778
-0.020926
-0.020188
-0.026917
-0.024909
-0.025204
-0.024319
-0.025310
-0.023376
-0.023671
-0.022786
-0.025140
-0.025786
-0.023279
-0.025344
-0.024860
-0.025580
-0.023073
-0.025138
-0.022649
-0.023149
-0.020789
-0.022706
-0.022296
-0.022869
-0.020509
-0.022426
-0.020454
-0.020806
-0.018594
-0.020363
-0.020027
-0.020452
-0.018240
-0.020010
-0.018554
-0.018758
-0.016693
-0.018316
-0.018052
-0.018331
-0.016266
-0.017888
-0.016948
-0.017005
-0.015088
-0.016563
-0.016373
-0.016504
-0.014587
-0.016062
-0.015638
-0.015547
-0.013777
-0.015105
-0.014989
-0.014972
-0.013203
-0.014530
-0.014622
-0.014384
-0.012762
-0.013942
-0.013900
-0.013736
-0.012113
-0.013293
-0.013902
-0.013516
-0.012041
-0.013074
-0.013106
-0.012794
-0.011319
-0.012351
-0.013476
-0.012943
-0.011616
-0.012501
-0.012606
-0.012147
-0.010820
-0.011705
-0.013345
-0.012665
-0.011485
-0.012222
-0.012402
-0.011795
-0.010615
-0.011353
-0.013510
-0.012682
-0.011649
-0.012239
-0.012492
-0.011738
-0.010706
-0.011296
-0.013969
-0.012993
-0.012109
-0.012551
-0.012878
-0.011976
-0.011091
-0.011534
-0.014723
-0.013600
-0.012863
-0.013158
-0.013558
-0.012509
-0.011772
-0.012067
-0.015772
-0.014502
-0.013912
-0.014059
-0.014534
-0.013337
-0.012747
-0.012895
-0.017116
-0.015698
-0.015256
-0.015256
-0.015804
-0.014460
-0.014018
-0.014018
-0.018755
-0.017190
-0.016895
-0.016748
-0.017369
-0.015878
-0.015583
-0.015435
-0.020689
-0.018977
-0.018829
-0.018534
-0.019230
-0.017591
-0.017443
-0.017148
-0.022918
-0.021058
-0.021058
-0.020616
-0.021385
-0.019598
-0.019598
-0.019156
-0.025442
-0.023434
-0.023582
-0.022992
-0.023835
-0.021901
-0.022048
-0.021459
-0.028261
-0.026106
-0.026401
-0.025663
-0.026580
-0.024499
-0.024794
-0.024056
-0.026779
-0.027278
-0.024771
-0.026983
-0.026425
-0.026998
-0.024491
-0.026703
-0.024288
-0.024640
-0.022281
-0.024345
-0.023861
-0.024287
-0.021927
-0.023992
-0.022093
-0.022297
-0.020085
-0.022002
-0.021592
-0.021870
-0.019658
-0.021575
-0.020193
-0.020250
-0.018185
-0.019955
-0.019618
-0.019748
-0.017684
-0.019454
-0.018587
-0.018497
-0.016579
-0.018202
-0.017939
-0.017922
-0.016005
-0.017627
-0.017277
-0.017039
-0.015269
-0.016744
-0.016554
-0.016390
-0.014620
-0.016095
-0.016261
-0.015876
-0.014253
-0.015581
-0.015465
-0.015153
-0.013531
-0.014858
-0.015541
-0.015008
-0.013533
-0.014713
-0.014671
-0.014212
-0.012737
-0.013917
-0.015115
-0.014435
-0.013107
-0.014140
-0.014171
-0.013565
-0.012237
-0.013270
-0.014984
-0.014156
-0.012977
-0.013861
-0.013967
-0.013213
-0.012033
-0.012918
-0.015149
-0.014173
-0.013141
-0.013878
-0.014058
-0.013156
-0.012124
-0.012861
-0.015608
-0.014485
-0.013600
-0.014190
-0.014443
-0.013394
-0.012509
-0.013099
-0.016362
-0.015092
-0.014354
-0.014797
-0.015124
-0.013927
-0.013190
-0.013632
-0.017411
-0.015993
-0.015403
-0.015698
-0.016099
-0.014755
-0.014165
-0.014460
-0.018755
-0.017190
-0.016748
-0.016895
-0.017369
-0.015878
-0.015435
-0.015583
-0.020394
-0.018682
-0.018387
-0.018387
-0.018935
-0.017296
-0.017001
-0.017001
-0.022328
-0.020468
-0.020321
-0.020173
-0.020795
-0.019008
-0.018861
-0.018713
-0.024557
-0.022550
-0.022550
-0.022255
-0.022950
-0.021016
-0.021016
-0.020721
-0.027081
-0.024926
-0.025073
-0.024631
-0.025400
-0.023319
-0.023466
-0.023024
-0.029900
-0.027597
-0.027892
-0.027302
-0.028145
-0.025916
-0.026211
-0.025621
-0.028713
-0.029065
-0.026557
-0.028917
-0.028285
-0.028711
-0.026204
-0.028563
-0.026222
-0.026427
-0.024067
-0.026279
-0.025721
-0.025999
-0.023640
-0.025852
-0.024027
-0.024084
-0.021872
-0.023936
-0.023452
-0.023583
-0.021371
-0.023435
-0.022127
-0.022036
-0.019971
-0.021889
-0.021478
-0.021461
-0.019397
-0.021314
-0.020521
-0.020283
-0.018366
-0.020136
-0.019799
-0.019635
-0.017717
-0.019487
-0.019211
-0.018825
-0.017056
-0.018678
-0.018415
-0.018103
-0.016333
-0.017955
-0.018195
-0.017662
-0.016040
-0.017515
-0.017325
-0.016866
-0.015244
-0.016719
-0.017475
-0.016794
-0.015319
-0.016647
-0.016531
-0.015924
-0.014450
-0.015777
-0.017049
-0.016221
-0.014894
-0.016074
-0.016032
-0.015278
-0.013950
-0.015130
-0.016918
-0.015943
-0.014763
-0.015795
-0.015827
-0.014926
-0.013746
-0.014778
-0.017083
-0.015960
-0.014927
-0.015812
-0.015918
-0.014869
-0.013836
-0.014721
-0.017542
-0.016272
-0.015387
-0.016124
-0.016303
-0.015107
-0.014222
-0.014959
-0.018296
-0.016878
-0.016141
-0.016731
-0.016984
-0.015640
-0.014902
-0.015492
-0.019345
-0.017780
-0.017190
-0.017632
-0.017959
-0.016468
-0.015878
-0.016320
-0.020689
-0.018977
-0.018534
-0.018829
-0.019230
-0.017591
-0.017148
-0.017443
-0.022328
-0.020468
-0.020173
-0.020321
-0.020795
-0.019008
-0.018713
-0.018861
-0.024262
-0.022255
-0.022107
-0.022107
-0.022655
-0.020721
-0.020574
-0.020574
-0.026491
-0.024336
-0.024336
-0.024189
-0.024810
-0.022729
-0.022729
-0.022581
-0.029015
-0.026713
-0.026860
-0.026565
-0.027261
-0.025032
-0.025179
-0.024884
-0.031834
-0.029384
-0.029679
-0.029236
-0.030006
-0.027629
-0.027924
-0.027482
-0.030942
-0.031146
-0.028639
-0.031146
-0.030440
-0.030719
-0.028212
-0.030719
-0.028451
-0.028508
-0.026149
-0.028508
-0.027876
-0.028007
-0.025648
-0.028007
-0.026256
-0.026165
-0.023953
-0.026165
-0.025607
-0.025591
-0.023378
-0.025591
-0.024356
-0.024118
-0.022053
-0.024118
-0.023633
-0.023469
-0.021404
-0.023469
-0.022750
-0.022365
-0.020447
-0.022365
-0.021954
-0.021642
-0.019725
-0.021642
-0.021440
-0.020907
-0.019137
-0.020907
-0.020570
-0.020111
-0.018341
-0.020111
-0.020424
-0.019744
-0.018121
-0.019744
-0.019481
-0.018874
-0.017252
-0.018874
-0.019704
-0.018876
-0.017401
-0.018876
-0.018686
-0.017932
-0.016457
-0.017932
-0.019278
-0.018303
-0.016975
-0.018303
-0.018187
-0.017285
-0.015958
-0.017285
-0.019147
-0.018024
-0.016845
-0.018024
-0.017983
-0.016933
-0.015754
-0.016933
-0.019312
-0.018041
-0.017009
-0.018041
-0.018073
-0.016876
-0.015844
-0.016876
-0.019771
-0.018353
-0.017468
-0.018353
-0.018459
-0.017115
-0.016230
-0.017115
-0.020525
-0.018960
-0.018222
-0.018960
-0.019139
-0.017647
-0.016910
-0.017647
-0.021574
-0.019861
-0.019271
-0.019861
-0.020114
-0.018475
-0.017886
-0.018475
-0.022918
-0.021058
-0.020616
-0.021058
-0.021385
-0.019598
-0.019156
-0.019598
-0.024557
-0.022550
-0.022255
-0.022550
-0.022950
-0.021016
-0.020721
-0.021016
-0.026491
-0.024336
-0.024189
-0.024336
-0.024810
-0.022729
-0.022581
-0.022729
-0.028720
-0.026418
-0.026418
-0.026418
-0.026966
-0.024737
-0.024737
-0.024737
-0.031244
-0.028794
-0.028941
-0.028794
-0.029416
-0.027039
-0.027187
-0.027039
-0.034063
-0.031465
-0.031760
-0.031465
-0.032161
-0.029637
-0.029932
-0.029637
-0.033466
-0.033522
-0.031015
-0.033670
-0.032891
-0.033021
-0.030514
-0.033169
-0.030975
-0.030885
-0.028525
-0.031032
-0.030327
-0.030310
-0.027950
-0.030457
-0.028780
-0.028542
-0.026330
-0.028689
-0.028058
-0.027893
-0.025681
-0.028041
-0.026880
-0.026494
-0.024429
-0.026641
-0.026083
-0.025772
-0.023707
-0.025919
-0.025274
-0.024741
-0.022824
-0.024889
-0.024404
-0.023945
-0.022028
-0.024093
-0.023964
-0.023283
-0.021513
-0.023431
-0.023020
-0.022413
-0.020644
-0.022561
-0.022948
-0.022120
-0.020498
-0.022268
-0.021931
-0.021177
-0.019554
-0.021324
-0.022228
-0.021252
-0.019777
-0.021400
-0.021136
-0.020235
-0.018760
-0.020382
-0.021802
-0.020679
-0.019352
-0.020826
-0.020637
-0.019588
-0.018261
-0.019735
-0.021671
-0.020401
-0.019221
-0.020548
-0.020433
-0.019236
-0.018056
-0.019384
-0.021836
-0.020418
-0.019385
-0.020565
-0.020523
-0.019179
-0.018147
-0.019327
-0.022295
-0.020729
-0.019845
-0.020877
-0.020909
-0.019417
-0.018532
-0.019565
-0.023049
-0.021336
-0.020599
-0.021484
-0.021589
-0.019950
-0.019213
-0.020098
-0.024098
-0.022238
-0.021648
-0.022385
-0.022565
-0.020778
-0.020188
-0.020926
-0.025442
-0.023434
-0.022992
-0.023582
-0.023835
-0.021901
-0.021459
-0.022048
-0.027081
-0.024926
-0.024631
-0.025073
-0.025400
-0.023319
-0.023024
-0.023466
-0.029015
-0.026713
-0.026565
-0.026860
-0.027261
-0.025032
-0.024884
-0.025179
-0.031244
-0.028794
-0.028794
-0.028941
-0.029416
-0.027039
-0.027039
-0.027187
-0.033768
-0.031170
-0.031318
-0.031318
-0.031866
-0.029342
-0.029489
-0.029489
-0.036587
-0.033842
-0.034137
-0.033989
-0.034611
-0.031940
-0.032235
-0.032087
-0.036284
-0.036194
-0.033687
-0.036489
-0.035636
-0.035619
-0.033112
-0.035914
-0.033794
-0.033556
-0.031196
-0.033851
-0.033072
-0.032907
-0.030548
-0.033202
-0.031599
-0.031213
-0.029001
-0.031508
-0.030803
-0.030491
-0.028279
-0.030786
-0.029698
-0.029165
-0.027101
-0.029460
-0.028829
-0.028369
-0.026305
-0.028664
-0.028093
-0.027412
-0.025495
-0.027707
-0.027149
-0.026543
-0.024625
-0.026838
-0.026782
-0.025955
-0.024185
-0.026249
-0.025765
-0.025011
-0.023241
-0.025306
-0.025767
-0.024792
-0.023169
-0.025086
-0.024676
-0.023774
-0.022152
-0.024069
-0.025046
-0.023923
-0.022449
-0.024218
-0.023882
-0.022832
-0.021358
-0.023127
-0.024621
-0.023350
-0.022023
-0.023645
-0.023382
-0.022186
-0.020858
-0.022481
-0.024490
-0.023072
-0.021892
-0.023367
-0.023178
-0.021834
-0.020654
-0.022129
-0.024654
-0.023089
-0.022057
-0.023384
-0.023268
-0.021777
-0.020744
-0.022072
-0.025114
-0.023401
-0.022516
-0.023696
-0.023654
-0.022015
-0.021130
-0.022310
-0.025868
-0.024008
-0.023270
-0.024302
-0.024334
-0.022548
-0.021810
-0.022843
-0.026917
-0.024909
-0.024319
-0.025204
-0.025310
-0.023376
-0.022786
-0.023671
-0.028261
-0.026106
-0.025663
-0.026401
-0.026580
-0.024499
-0.024056
-0.024794
-0.029900
-0.027597
-0.027302
-0.027892
-0.028145
-0.025916
-0.025621
-0.026211
-0.031834
-0.029384
-0.029236
-0.029679
-0.030006
-0.027629
-0.027482
-0.027924
-0.034063
-0.031465
-0.031465
-0.031760
-0.032161
-0.029637
-0.029637
-0.029932
-0.036587
-0.033842
-0.033989
-0.034137
-0.034611
-0.031940
-0.032087
-0.032235
-0.039406
-0.036513
-0.036808
-0.036808
-0.037356
-0.034537
-0.034832
-0.034832
-0.035687
-0.038398
-0.035744
-0.035744
-0.036366
-0.039151
-0.036496
-0.036496
-0.033197
-0.035761
-0.033253
-0.033106
-0.033802
-0.036439
-0.033932
-0.033785
-0.031001
-0.033418
-0.031058
-0.030763
-0.031532
-0.034023
-0.031663
-0.031368
-0.029101
-0.031370
-0.029158
-0.028715
-0.029558
-0.031901
-0.029689
-0.029247
-0.027495
-0.029617
-0.027552
-0.026962
-0.027879
-0.030074
-0.028010
-0.027420
-0.026185
-0.028159
-0.026242
-0.025504
-0.026495
-0.028543
-0.026626
-0.025888
-0.025169
-0.026996
-0.025226
-0.024341
-0.025406
-0.027306
-0.025536
-0.024651
-0.024449
-0.026128
-0.024506
-0.023473
-0.024611
-0.026364
-0.024742
-0.023710
-0.024023
-0.025555
-0.024080
-0.022900
-0.024112
-0.025717
-0.024243
-0.023063
-0.023893
-0.025277
-0.023949
-0.022622
-0.023908
-0.025366
-0.024038
-0.022711
-0.024057
-0.025294
-0.024114
-0.022639
-0.023998
-0.025309
-0.024129
-0.022654
-0.024516
-0.025605
-0.024573
-0.022951
-0.024384
-0.025547
-0.024514
-0.022892
-0.025270
-0.026212
-0.025327
-0.023557
-0.025064
-0.026080
-0.025195
-0.023425
-0.026319
-0.027114
-0.026376
-0.024459
-0.026040
-0.026908
-0.026170
-0.024253
-0.027664
-0.028310
-0.027720
-0.025656
-0.027310
-0.028030
-0.027441
-0.025376
-0.029303
-0.029802
-0.029359
-0.027147
-0.028875
-0.029448
-0.029006
-0.026794
-0.031237
-0.031588
-0.031293
-0.028934
-0.030735
-0.031161
-0.030866
-0.028506
-0.033466
-0.033670
-0.033522
-0.031015
-0.032891
-0.033169
-0.033021
-0.030514
-0.035989
-0.036046
-0.036046
-0.033392
-0.035341
-0.035471
-0.035471
-0.032817
-0.038808
-0.038718
-0.038865
-0.036063
-0.038086
-0.038069
-0.038217
-0.035415
-0.033197
-0.035761
-0.033106
-0.033253
-0.033802
-0.036439
-0.033785
-0.033932
-0.030706
-0.033123
-0.030616
-0.030616
-0.031237
-0.033728
-0.031221
-0.031221
-0.028511
-0.030780
-0.028420
-0.028273
-0.028968
-0.031311
-0.028952
-0.028804
-0.026611
-0.028732
-0.026520
-0.026225
-0.026994
-0.029190
-0.026977
-0.026683
-0.025005
-0.026979
-0.024915
-0.024472
-0.025315
-0.027363
-0.025298
-0.024856
-0.023695
-0.025521
-0.023604
-0.023014
-0.023931
-0.025831
-0.023914
-0.023324
-0.022679
-0.024358
-0.022589
-0.021851
-0.022842
-0.024595
-0.022825
-0.022087
-0.021959
-0.023490
-0.021868
-0.020983
-0.022047
-0.023653
-0.022031
-0.021146
-0.021533
-0.022917
-0.021442
-0.020410
-0.021548
-0.023006
-0.021531
-0.020499
-0.021402
-0.022639
-0.021312
-0.020132
-0.021344
-0.022654
-0.021327
-0.020147
-0.021567
-0.022656
-0.021476
-0.020149
-0.021434
-0.022597
-0.021417
-0.020090
-0.022026
-0.022968
-0.021935
-0.020460
-0.021820
-0.022835
-0.021803
-0.020328
-0.022780
-0.023574
-0.022689
-0.021067
-0.022500
-0.023368
-0.022483
-0.020861
-0.023829
-0.024476
-0.023739
-0.021969
-0.023475
-0.024196
-0.023459
-0.021689
-0.025173
-0.025673
-0.025083
-0.023165
-0.024746
-0.025319
-0.024729
-0.022812
-0.026812
-0.027164
-0.026722
-0.024657
-0.026311
-0.026737
-0.026294
-0.024230
-0.028746
-0.028951
-0.028656
-0.026444
-0.028171
-0.028450
-0.028155
-0.025942
-0.030975
-0.031032
-0.030885
-0.028525
-0.030327
-0.030457
-0.030310
-0.027950
-0.033499
-0.033409
-0.033409
-0.030901
-0.032777
-0.032760
-0.032760
-0.030253
-0.036318
-0.036080
-0.036227
-0.033573
-0.035522
-0.035358
-0.035505
-0.032851
-0.031001
-0.033418
-0.030763
-0.031058
-0.031532
-0.034023
-0.031368
-0.031663
-0.028511
-0.030780
-0.028273
-0.028420
-0.028968
-0.031311
-0.028804
-0.028952
-0.026316
-0.028437
-0.026078
-0.026078
-0.026699
-0.028895
-0.026535
-0.026535
-0.024415
-0.026389
-0.024177
-0.024030
-0.024725
-0.026773
-0.024561
-0.024413
-0.022810
-0.024636
-0.022572
-0.022277
-0.023046
-0.024946
-0.022882
-0.022587
-0.021499
-0.023178
-0.021261
-0.020819
-0.021662
-0.023415
-0.021498
-0.021055
-0.020484
-0.022015
-0.020246
-0.019656
-0.020573
-0.022178
-0.020408
-0.019818
-0.019763
-0.021147
-0.019525
-0.018788
-0.019778
-0.021236
-0.019614
-0.018877
-0.019338
-0.020574
-0.019100
-0.018215
-0.019279
-0.020589
-0.019115
-0.018230
-0.019207
-0.020296
-0.018969
-0.017937
-0.019075
-0.020238
-0.018910
-0.017878
-0.019371
-0.020313
-0.019133
-0.017953
-0.019165
-0.020181
-0.019001
-0.017821
-0.019830
-0.020625
-0.019592
-0.018265
-0.019551
-0.020419
-0.019386
-0.018059
-0.020585
-0.021231
-0.020347
-0.018872
-0.020231
-0.020952
-0.020067
-0.018592
-0.021634
-0.022133
-0.021396
-0.019774
-0.021206
-0.021780
-0.021042
-0.019420
-0.022978
-0.023330
-0.022740
-0.020970
-0.022477
-0.022902
-0.022312
-0.020543
-0.024617
-0.024821
-0.024379
-0.022462
-0.024042
-0.024320
-0.023878
-0.021961
-0.026551
-0.026608
-0.026313
-0.024248
-0.025902
-0.026033
-0.025738
-0.023673
-0.028780
-0.028689
-0.028542
-0.026330
-0.028058
-0.028041
-0.027893
-0.025681
-0.031304
-0.031066
-0.031066
-0.028706
-0.030508
-0.030343
-0.030343
-0.027984
-0.034123
-0.033737
-0.033885
-0.031378
-0.033253
-0.032941
-0.033089
-0.030581
-0.029101
-0.031370
-0.028715
-0.029158
-0.029558
-0.031901
-0.029247
-0.029689
-0.026611
-0.028732
-0.026225
-0.026520
-0.026994
-0.029190
-0.026683
-0.026977
-0.024415
-0.026389
-0.024030
-0.024177
-0.024725
-0.026773
-0.024413
-0.024561
-0.022515
-0.024341
-0.022129
-0.022129
-0.022751
-0.024651
-0.022439
-0.022439
-0.020909
-0.022589
-0.020524
-0.020376
-0.021072
-0.022825
-0.020760
-0.020613
-0.019599
-0.021131
-0.019213
-0.018918
-0.019688
-0.021293
-0.019376
-0.019081
-0.018583
-0.019968
-0.018198
-0.017755
-0.018598
-0.020056
-0.018287
-0.017844
-0.017863
-0.019100
-0.017477
-0.016887
-0.017804
-0.019115
-0.017492
-0.016902
-0.017437
-0.018526
-0.017052
-0.016314
-0.017305
-0.018468
-0.016993
-0.016256
-0.017307
-0.018248
-0.016921
-0.016036
-0.017100
-0.018116
-0.016789
-0.015904
-0.017471
-0.018265
-0.017085
-0.016053
-0.017191
-0.018059
-0.016879
-0.015847
-0.017930
-0.018577
-0.017545
-0.016365
-0.017576
-0.018297
-0.017265
-0.016085
-0.018684
-0.019184
-0.018299
-0.016971
-0.018257
-0.018830
-0.017945
-0.016618
-0.019733
-0.020085
-0.019348
-0.017873
-0.019232
-0.019658
-0.018921
-0.017446
-0.021078
-0.021282
-0.020692
-0.019070
-0.020503
-0.020781
-0.020191
-0.018569
-0.022717
-0.022773
-0.022331
-0.020561
-0.022068
-0.022199
-0.021756
-0.019986
-0.024651
-0.024560
-0.024265
-0.022348
-0.023928
-0.023911
-0.023616
-0.021699
-0.026880
-0.026641
-0.026494
-0.024429
-0.026083
-0.025919
-0.025772
-0.023707
-0.029403
-0.029018
-0.029018
-0.026806
-0.028534
-0.028222
-0.028222
-0.026010
-0.032222
-0.031689
-0.031837
-0.029477
-0.031279
-0.030819
-0.030967
-0.028607
-0.027495
-0.029617
-0.026962
-0.027552
-0.027879
-0.030074
-0.027420
-0.028010
-0.025005
-0.026979
-0.024472
-0.024915
-0.025315
-0.027363
-0.024856
-0.025298
-0.022810
-0.024636
-0.022277
-0.022572
-0.023046
-0.024946
-0.022587
-0.022882
-0.020909
-0.022589
-0.020376
-0.020524
-0.021072
-0.022825
-0.020613
-0.020760
-0.019304
-0.020836
-0.018771
-0.018771
-0.019393
-0.020998
-0.018934
-0.018934
-0.017994
-0.019378
-0.017461
-0.017313
-0.018009
-0.019467
-0.017549
-0.017402
-0.016978
-0.018215
-0.016445
-0.016150
-0.016919
-0.018230
-0.016460
-0.016165
-0.016257
-0.017347
-0.015724
-0.015282
-0.016125
-0.017288
-0.015666
-0.015223
-0.015832
-0.016774
-0.015299
-0.014709
-0.015626
-0.016641
-0.015166
-0.014576
-0.015701
-0.016495
-0.015168
-0.014431
-0.015421
-0.016289
-0.014962
-0.014225
-0.015865
-0.016512
-0.015332
-0.014448
-0.015512
-0.016232
-0.015053
-0.014168
-0.016325
-0.016824
-0.015792
-0.014759
-0.015897
-0.016470
-0.015438
-0.014406
-0.017079
-0.017431
-0.016546
-0.015366
-0.016578
-0.017003
-0.016118
-0.014939
-0.018128
-0.018332
-0.017595
-0.016268
-0.017553
-0.017831
-0.017094
-0.015767
-0.019472
-0.019529
-0.018939
-0.017464
-0.018823
-0.018954
-0.018364
-0.016889
-0.021111
-0.021021
-0.020578
-0.018956
-0.020389
-0.020372
-0.019930
-0.018307
-0.023045
-0.022807
-0.022512
-0.020742
-0.022249
-0.022085
-0.021790
-0.020020
-0.025274
-0.024889
-0.024741
-0.022824
-0.024404
-0.024093
-0.023945
-0.022028
-0.027798
-0.027265
-0.027265
-0.025200
-0.026854
-0.026395
-0.026395
-0.024331
-0.030617
-0.029936
-0.030084
-0.027872
-0.029600
-0.028993
-0.029140
-0.026928
-0.026185
-0.028159
-0.025504
-0.026242
-0.026495
-0.028543
-0.025888
-0.026626
-0.023695
-0.025521
-0.023014
-0.023604
-0.023931
-0.025831
-0.023324
-0.023914
-0.021499
-0.023178
-0.020819
-0.021261
-0.021662
-0.023415
-0.021055
-0.021498
-0.019599
-0.021131
-0.018918
-0.019213
-0.019688
-0.021293
-0.019081
-0.019376
-0.017994
-0.019378
-0.017313
-0.017461
-0.018009
-0.019467
-0.017402
-0.017549
-0.016683
-0.017920
-0.016003
-0.016003
-0.016624
-0.017935
-0.016018
-0.016018
-0.015668
-0.016757
-0.014987
-0.014840
-0.015535
-0.016698
-0.014928
-0.014781
-0.014947
-0.015889
-0.014266
-0.013972
-0.014741
-0.015756
-0.014134
-0.013839
-0.014521
-0.015316
-0.013841
-0.013398
-0.014241
-0.015109
-0.013635
-0.013192
-0.014391
-0.015037
-0.013710
-0.013120
-0.014037
-0.014758
-0.013430
-0.012840
-0.014555
-0.015054
-0.013874
-0.013137
-0.014128
-0.014701
-0.013521
-0.012783
-0.015014
-0.015366
-0.014334
-0.013449
-0.014513
-0.014939
-0.013906
-0.013021
-0.015768
-0.015973
-0.015088
-0.014056
-0.015194
-0.015472
-0.014587
-0.013554
-0.016818
-0.016874
-0.016137
-0.014957
-0.016169
-0.016300
-0.015562
-0.014382
-0.018162
-0.018071
-0.017481
-0.016154
-0.017439
-0.017422
-0.016833
-0.015505
-0.019801
-0.019563
-0.019120
-0.017645
-0.019005
-0.018840
-0.018398
-0.016923
-0.021735
-0.021349
-0.021054
-0.019432
-0.020865
-0.020553
-0.020258
-0.018636
-0.023964
-0.023431
-0.023283
-0.021513
-0.023020
-0.022561
-0.022413
-0.020644
-0.026488
-0.025807
-0.025807
-0.023890
-0.025470
-0.024864
-0.024864
-0.022946
-0.029306
-0.028478
-0.028626
-0.026561
-0.028215
-0.027461
-0.027609
-0.025544
-0.025169
-0.026996
-0.024341
-0.025226
-0.025406
-0.027306
-0.024651
-0.025536
-0.022679
-0.024358
-0.021851
-0.022589
-0.022842
-0.024595
-0.022087
-0.022825
-0.020484
-0.022015
-0.019656
-0.020246
-0.020573
-0.022178
-0.019818
-0.020408
-0.018583
-0.019968
-0.017755
-0.018198
-0.018598
-0.020056
-0.017844
-0.018287
-0.016978
-0.018215
-0.016150
-0.016445
-0.016919
-0.018230
-0.016165
-0.016460
-0.015668
-0.016757
-0.014840
-0.014987
-0.015535
-0.016698
-0.014781
-0.014928
-0.014652
-0.015594
-0.013824
-0.013824
-0.014446
-0.015461
-0.013692
-0.013692
-0.013931
-0.014726
-0.013103
-0.012956
-0.013652
-0.014520
-0.012897
-0.012750
-0.013506
-0.014153
-0.012678
-0.012383
-0.013152
-0.013873
-0.012398
-0.012103
-0.013375
-0.013874
-0.012547
-0.012105
-0.012948
-0.013521
-0.012194
-0.011751
-0.013539
-0.013891
-0.012711
-0.012122
-0.013038
-0.013464
-0.012284
-0.011694
-0.013999
-0.014203
-0.013171
-0.012433
-0.013424
-0.013702
-0.012670
-0.011932
-0.014753
-0.014810
-0.013925
-0.013040
-0.014104
-0.014235
-0.013350
-0.012465
-0.015802
-0.015711
-0.014974
-0.013942
-0.015080
-0.015063
-0.014325
-0.013293
-0.017146
-0.016908
-0.016318
-0.015138
-0.016350
-0.016186
-0.015596
-0.014416
-0.018785
-0.018400
-0.017957
-0.016630
-0.017915
-0.017604
-0.017161
-0.015834
-0.020719
-0.020186
-0.019891
-0.018416
-0.019776
-0.019316
-0.019021
-0.017547
-0.022948
-0.022268
-0.022120
-0.020498
-0.021931
-0.021324
-0.021177
-0.019554
-0.025472
-0.024644
-0.024644
-0.022874
-0.024381
-0.023627
-0.023627
-0.021857
-0.028291
-0.027315
-0.027463
-0.025546
-0.027126
-0.026224
-0.026372
-0.024455
-0.024449
-0.026128
-0.023473
-0.024506
-0.024611
-0.026364
-0.023710
-0.024742
-0.021959
-0.023490
-0.020983
-0.021868
-0.022047
-0.023653
-0.021146
-0.022031
-0.019763
-0.021147
-0.018788
-0.019525
-0.019778
-0.021236
-0.018877
-0.019614
-0.017863
-0.019100
-0.016887
-0.017477
-0.017804
-0.019115
-0.016902
-0.017492
-0.016257
-0.017347
-0.015282
-0.015724
-0.016125
-0.017288
-0.015223
-0.015666
-0.014947
-0.015889
-0.013972
-0.014266
-0.014741
-0.015756
-0.013839
-0.014134
-0.013931
-0.014726
-0.012956
-0.013103
-0.013652
-0.014520
-0.012750
-0.012897
-0.013211
-0.013858
-0.012235
-0.012235
-0.012857
-0.013578
-0.011956
-0.011956
-0.012785
-0.013285
-0.011810
-0.011662
-0.012358
-0.012931
-0.011456
-0.011309
-0.012655
-0.013006
-0.011679
-0.011384
-0.012153
-0.012579
-0.011252
-0.010957
-0.012819
-0.013023
-0.011843
-0.011401
-0.012244
-0.012522
-0.011342
-0.010900
-0.013278
-0.013335
-0.012303
-0.011713
-0.012629
-0.012760
-0.011728
-0.011138
-0.014032
-0.013942
-0.013057
-0.012319
-0.013310
-0.013293
-0.012408
-0.011671
-0.015081
-0.014843
-0.014106
-0.013221
-0.014285
-0.014121
-0.013384
-0.012499
-0.016426
-0.016040
-0.015450
-0.014418
-0.015556
-0.015244
-0.014654
-0.013622
-0.018065
-0.017532
-0.017089
-0.015909
-0.017121
-0.016662
-0.016219
-0.015040
-0.019999
-0.019318
-0.019023
-0.017696
-0.018981
-0.018375
-0.018080
-0.016752
-0.022228
-0.021400
-0.021252
-0.019777
-0.021136
-0.020382
-0.020235
-0.018760
-0.024751
-0.023776
-0.023776
-0.022154
-0.023587
-0.022685
-0.022685
-0.021063
-0.027570
-0.026447
-0.026595
-0.024825
-0.026332
-0.025283
-0.025430
-0.023660
-0.024023
-0.025555
-0.022900
-0.024080
-0.024112
-0.025717
-0.023063
-0.024243
-0.021533
-0.022917
-0.020410
-0.021442
-0.021548
-0.023006
-0.020499
-0.021531
-0.019338
-0.020574
-0.018215
-0.019100
-0.019279
-0.020589
-0.018230
-0.019115
-0.017437
-0.018526
-0.016314
-0.017052
-0.017305
-0.018468
-0.016256
-0.016993
-0.015832
-0.016774
-0.014709
-0.015299
-0.015626
-0.016641
-0.014576
-0.015166
-0.014521
-0.015316
-0.013398
-0.013841
-0.014241
-0.015109
-0.013192
-0.013635
-0.013506
-0.014153
-0.012383
-0.012678
-0.013152
-0.013873
-0.012103
-0.012398
-0.012785
-0.013285
-0.011662
-0.011810
-0.012358
-0.012931
-0.011309
-0.011456
-0.012360
-0.012711
-0.011237
-0.011237
-0.011858
-0.012284
-0.010809
-0.010809
-0.012229
-0.012433
-0.011106
-0.010959
-0.011654
-0.011932
-0.010605
-0.010457
-0.012393
-0.012450
-0.011270
-0.010975
-0.011745
-0.011875
-0.010695
-0.010401
-0.012852
-0.012762
-0.011730
-0.011287
-0.012130
-0.012113
-0.011081
-0.010639
-0.013607
-0.013369
-0.012484
-0.011894
-0.012811
-0.012646
-0.011761
-0.011172
-0.014656
-0.014270
-0.013533
-0.012796
-0.013786
-0.013474
-0.012737
-0.011999
-0.016000
-0.015467
-0.014877
-0.013992
-0.015056
-0.014597
-0.014007
-0.013122
-0.017639
-0.016958
-0.016516
-0.015484
-0.016622
-0.016015
-0.015573
-0.014540
-0.019573
-0.018745
-0.018450
-0.017270
-0.018482
-0.017728
-0.017433
-0.016253
-0.021802
-0.020826
-0.020679
-0.019352
-0.020637
-0.019735
-0.019588
-0.018261
-0.024326
-0.023203
-0.023203
-0.021728
-0.023087
-0.022038
-0.022038
-0.020563
-0.027145
-0.025874
-0.026022
-0.024400
-0.025832
-0.024636
-0.024783
-0.023161
-0.023893
-0.025277
-0.022622
-0.023949
-0.023908
-0.025366
-0.022711
-0.024038
-0.021402
-0.022639
-0.020132
-0.021312
-0.021344
-0.022654
-0.020147
-0.021327
-0.019207
-0.020296
-0.017937
-0.018969
-0.019075
-0.020238
-0.017878
-0.018910
-0.017307
-0.018248
-0.016036
-0.016921
-0.017100
-0.018116
-0.015904
-0.016789
-0.015701
-0.016495
-0.014431
-0.015168
-0.015421
-0.016289
-0.014225
-0.014962
-0.014391
-0.015037
-0.013120
-0.013710
-0.014037
-0.014758
-0.012840
-0.013430
-0.013375
-0.013874
-0.012105
-0.012547
-0.012948
-0.013521
-0.011751
-0.012194
-0.012655
-0.013006
-0.011384
-0.011679
-0.012153
-0.012579
-0.010957
-0.011252
-0.012229
-0.012433
-0.010959
-0.011106
-0.011654
-0.011932
-0.010457
-0.010605
-0.012098
-0.012155
-0.010828
-0.010828
-0.011450
-0.011580
-0.010253
-0.010253
-0.012263
-0.012172
-0.010992
-0.010845
-0.011540
-0.011523
-0.010344
-0.010196
-0.012722
-0.012484
-0.011451
-0.011156
-0.011926
-0.011761
-0.010729
-0.010434
-0.013476
-0.013090
-0.012206
-0.011763
-0.012606
-0.012294
-0.011410
-0.010967
-0.014525
-0.013992
-0.013255
-0.012665
-0.013582
-0.013122
-0.012385
-0.011795
-0.015869
-0.015189
-0.014599
-0.013861
-0.014852
-0.014245
-0.013655
-0.012918
-0.017508
-0.016680
-0.016238
-0.015353
-0.016417
-0.015663
-0.015221
-0.014336
-0.019442
-0.018467
-0.018172
-0.017140
-0.018278
-0.017376
-0.017081
-0.016049
-0.021671
-0.020548
-0.020401
-0.019221
-0.020433
-0.019384
-0.019236
-0.018056
-0.024195
-0.022925
-0.022925
-0.021597
-0.022883
-0.021686
-0.021686
-0.020359
-0.027014
-0.025596
-0.025744
-0.024269
-0.025628
-0.024284
-0.024431
-0.022957
-0.024057
-0.025294
-0.022639
-0.024114
-0.023998
-0.025309
-0.022654
-0.024129
-0.021567
-0.022656
-0.020149
-0.021476
-0.021434
-0.022597
-0.020090
-0.021417
-0.019371
-0.020313
-0.017953
-0.019133
-0.019165
-0.020181
-0.017821
-0.019001
-0.017471
-0.018265
-0.016053
-0.017085
-0.017191
-0.018059
-0.015847
-0.016879
-0.015865
-0.016512
-0.014448
-0.015332
-0.015512
-0.016232
-0.014168
-0.015053
-0.014555
-0.015054
-0.013137
-0.013874
-0.014128
-0.014701
-0.012783
-0.013521
-0.013539
-0.013891
-0.012122
-0.012711
-0.013038
-0.013464
-0.011694
-0.012284
-0.012819
-0.013023
-0.011401
-0.011843
-0.012244
-0.012522
-0.010900
-0.011342
-0.012393
-0.012450
-0.010975
-0.011270
-0.011745
-0.011875
-0.010401
-0.010695
-0.012263
-0.012172
-0.010845
-0.010992
-0.011540
-0.011523
-0.010196
-0.010344
-0.012427
-0.012189
-0.011009
-0.011009
-0.011631
-0.011466
-0.010287
-0.010287
-0.012886
-0.012501
-0.011468
-0.011321
-0.012016
-0.011705
-0.010672
-0.010525
-0.013640
-0.013107
-0.012222
-0.011927
-0.012697
-0.012237
-0.011353
-0.011058
-0.014689
-0.014009
-0.013272
-0.012829
-0.013672
-0.013065
-0.012328
-0.011886
-0.016034
-0.015206
-0.014616
-0.014026
-0.014942
-0.014188
-0.013598
-0.013008
-0.017673
-0.016697
-0.016255
-0.015517
-0.016508
-0.015606
-0.015164
-0.014426
-0.019607
-0.018484
-0.018189
-0.017304
-0.018368
-0.017319
-0.017024
-0.016139
-0.021836
-0.020565
-0.020418
-0.019385
-0.020523
-0.019327
-0.019179
-0.018147
-0.024359
-0.022942
-0.022942
-0.021762
-0.022973
-0.021629
-0.021629
-0.020450
-0.027178
-0.025613
-0.025760
-0.024433
-0.025719
-0.024227
-0.024374
-0.023047
-0.024516
-0.025605
-0.022951
-0.024573
-0.024384
-0.025547
-0.022892
-0.024514
-0.022026
-0.022968
-0.020460
-0.021935
-0.021820
-0.022835
-0.020328
-0.021803
-0.019830
-0.020625
-0.018265
-0.019592
-0.019551
-0.020419
-0.018059
-0.019386
-0.017930
-0.018577
-0.016365
-0.017545
-0.017576
-0.018297
-0.016085
-0.017265
-0.016325
-0.016824
-0.014759
-0.015792
-0.015897
-0.016470
-0.014406
-0.015438
-0.015014
-0.015366
-0.013449
-0.014334
-0.014513
-0.014939
-0.013021
-0.013906
-0.013999
-0.014203
-0.012433
-0.013171
-0.013424
-0.013702
-0.011932
-0.012670
-0.013278
-0.013335
-0.011713
-0.012303
-0.012629
-0.012760
-0.011138
-0.011728
-0.012852
-0.012762
-0.011287
-0.011730
-0.012130
-0.012113
-0.010639
-0.011081
-0.012722
-0.012484
-0.011156
-0.011451
-0.011926
-0.011761
-0.010434
-0.010729
-0.012886
-0.012501
-0.011321
-0.011468
-0.012016
-0.011705
-0.010525
-0.010672
-0.013345
-0.012812
-0.011780
-0.011780
-0.012402
-0.011943
-0.010910
-0.010910
-0.014100
-0.013419
-0.012534
-0.012387
-0.013082
-0.012476
-0.011591
-0.011443
-0.015149
-0.014321
-0.013583
-0.013288
-0.014058
-0.013303
-0.012566
-0.012271
-0.016493
-0.015517
-0.014927
-0.014485
-0.015328
-0.014426
-0.013836
-0.013394
-0.018132
-0.017009
-0.016566
-0.015977
-0.016893
-0.015844
-0.015402
-0.014812
-0.020066
-0.018795
-0.018500
-0.017763
-0.018754
-0.017557
-0.017262
-0.016525
-0.022295
-0.020877
-0.020729
-0.019845
-0.020909
-0.019565
-0.019417
-0.018532
-0.024819
-0.023253
-0.023253
-0.022221
-0.023359
-0.021867
-0.021867
-0.020835
-0.027637
-0.025925
-0.026072
-0.024892
-0.026104
-0.024465
-0.024612
-0.023433
-0.025270
-0.026212
-0.023557
-0.025327
-0.025064
-0.026080
-0.023425
-0.025195
-0.022780
-0.023574
-0.021067
-0.022689
-0.022500
-0.023368
-0.020861
-0.022483
-0.020585
-0.021231
-0.018872
-0.020347
-0.020231
-0.020952
-0.018592
-0.020067
-0.018684
-0.019184
-0.016971
-0.018299
-0.018257
-0.018830
-0.016618
-0.017945
-0.017079
-0.017431
-0.015366
-0.016546
-0.016578
-0.017003
-0.014939
-0.016118
-0.015768
-0.015973
-0.014056
-0.015088
-0.015194
-0.015472
-0.013554
-0.014587
-0.014753
-0.014810
-0.013040
-0.013925
-0.014104
-0.014235
-0.012465
-0.013350
-0.014032
-0.013942
-0.012319
-0.013057
-0.013310
-0.013293
-0.011671
-0.012408
-0.013607
-0.013369
-0.011894
-0.012484
-0.012811
-0.012646
-0.011172
-0.011761
-0.013476
-0.013090
-0.011763
-0.012206
-0.012606
-0.012294
-0.010967
-0.011410
-0.013640
-0.013107
-0.011927
-0.012222
-0.012697
-0.012237
-0.011058
-0.011353
-0.014100
-0.013419
-0.012387
-0.012534
-0.013082
-0.012476
-0.011443
-0.011591
-0.014854
-0.014026
-0.013141
-0.013141
-0.013763
-0.013008
-0.012124
-0.012124
-0.015903
-0.014927
-0.014190
-0.014043
-0.014738
-0.013836
-0.013099
-0.012952
-0.017247
-0.016124
-0.015534
-0.015239
-0.016008
-0.014959
-0.014369
-0.014074
-0.018886
-0.017616
-0.017173
-0.016731
-0.017574
-0.016377
-0.015935
-0.015492
-0.020820
-0.019402
-0.019107
-0.018517
-0.019434
-0.018090
-0.017795
-0.017205
-0.023049
-0.021484
-0.021336
-0.020599
-0.021589
-0.020098
-0.019950
-0.019213
-0.025573
-0.023860
-0.023860
-0.022975
-0.024039
-0.022400
-0.022400
-0.021515
-0.028392
-0.026531
-0.026679
-0.025647
-0.026784
-0.024998
-0.025145
-0.024113
-0.026319
-0.027114
-0.024459
-0.026376
-0.026040
-0.026908
-0.024253
-0.026170
-0.023829
-0.024476
-0.021969
-0.023739
-0.023475
-0.024196
-0.021689
-0.023459
-0.021634
-0.022133
-0.019774
-0.021396
-0.021206
-0.021780
-0.019420
-0.021042
-0.019733
-0.020085
-0.017873
-0.019348
-0.019232
-0.019658
-0.017446
-0.018921
-0.018128
-0.018332
-0.016268
-0.017595
-0.017553
-0.017831
-0.015767
-0.017094
-0.016818
-0.016874
-0.014957
-0.016137
-0.016169
-0.016300
-0.014382
-0.015562
-0.015802
-0.015711
-0.013942
-0.014974
-0.015080
-0.015063
-0.013293
-0.014325
-0.015081
-0.014843
-0.013221
-0.014106
-0.014285
-0.014121
-0.012499
-0.013384
-0.014656
-0.014270
-0.012796
-0.013533
-0.013786
-0.013474
-0.011999
-0.012737
-0.014525
-0.013992
-0.012665
-0.013255
-0.013582
-0.013122
-0.011795
-0.012385
-0.014689
-0.014009
-0.012829
-0.013272
-0.013672
-0.013065
-0.011886
-0.012328
-0.015149
-0.014321
-0.013288
-0.013583
-0.014058
-0.013303
-0.012271
-0.012566
-0.015903
-0.014927
-0.014043
-0.014190
-0.014738
-0.013836
-0.012952
-0.013099
-0.016952
-0.015829
-0.015092
-0.015092
-0.015713
-0.014664
-0.013927
-0.013927
-0.018296
-0.017026
-0.016436
-0.016288
-0.016984
-0.015787
-0.015197
-0.015050
-0.019935
-0.018517
-0.018075
-0.017780
-0.018549
-0.017205
-0.016763
-0.016468
-0.021869
-0.020304
-0.020009
-0.019566
-0.020409
-0.018918
-0.018623
-0.018180
-0.024098
-0.022385
-0.022238
-0.021648
-0.022565
-0.020926
-0.020778
-0.020188
-0.026622
-0.024762
-0.024762
-0.024024
-0.025015
-0.023228
-0.023228
-0.022491
-0.029441
-0.027433
-0.027581
-0.026696
-0.027760
-0.025826
-0.025973
-0.025089
-0.027664
-0.028310
-0.025656
-0.027720
-0.027310
-0.028030
-0.025376
-0.027441
-0.025173
-0.025673
-0.023165
-0.025083
-0.024746
-0.025319
-0.022812
-0.024729
-0.022978
-0.023330
-0.020970
-0.022740
-0.022477
-0.022902
-0.020543
-0.022312
-0.021078
-0.021282
-0.019070
-0.020692
-0.020503
-0.020781
-0.018569
-0.020191
-0.019472
-0.019529
-0.017464
-0.018939
-0.018823
-0.018954
-0.016889
-0.018364
-0.018162
-0.018071
-0.016154
-0.017481
-0.017439
-0.017422
-0.015505
-0.016833
-0.017146
-0.016908
-0.015138
-0.016318
-0.016350
-0.016186
-0.014416
-0.015596
-0.016426
-0.016040
-0.014418
-0.015450
-0.015556
-0.015244
-0.013622
-0.014654
-0.016000
-0.015467
-0.013992
-0.014877
-0.015056
-0.014597
-0.013122
-0.014007
-0.015869
-0.015189
-0.013861
-0.014599
-0.014852
-0.014245
-0.012918
-0.013655
-0.016034
-0.015206
-0.014026
-0.014616
-0.014942
-0.014188
-0.013008
-0.013598
-0.016493
-0.015517
-0.014485
-0.014927
-0.015328
-0.014426
-0.013394
-0.013836
-0.017247
-0.016124
-0.015239
-0.015534
-0.016008
-0.014959
-0.014074
-0.014369
-0.018296
-0.017026
-0.016288
-0.016436
-0.016984
-0.015787
-0.015050
-0.015197
-0.019640
-0.018222
-0.017632
-0.017632
-0.018254
-0.016910
-0.016320
-0.016320
-0.021279
-0.019714
-0.019271
-0.019124
-0.019820
-0.018328
-0.017886
-0.017738
-0.023213
-0.021500
-0.021205
-0.020911
-0.021680
-0.020041
-0.019746
-0.019451
-0.025442
-0.023582
-0.023434
-0.022992
-0.023835
-0.022048
-0.021901
-0.021459
-0.027966
-0.025958
-0.025958
-0.025368
-0.026285
-0.024351
-0.024351
-0.023761
-0.030785
-0.028630
-0.028777
-0.028040
-0.029030
-0.026949
-0.027096
-0.026359
-0.029303
-0.029802
-0.027147
-0.029359
-0.028875
-0.029448
-0.026794
-0.029006
-0.026812
-0.027164
-0.024657
-0.026722
-0.026311
-0.026737
-0.024230
-0.026294
-0.024617
-0.024821
-0.022462
-0.024379
-0.024042
-0.024320
-0.021961
-0.023878
-0.022717
-0.022773
-0.020561
-0.022331
-0.022068
-0.022199
-0.019986
-0.021756
-0.021111
-0.021021
-0.018956
-0.020578
-0.020389
-0.020372
-0.018307
-0.019930
-0.019801
-0.019563
-0.017645
-0.019120
-0.019005
-0.018840
-0.016923
-0.018398
-0.018785
-0.018400
-0.016630
-0.017957
-0.017915
-0.017604
-0.015834
-0.017161
-0.018065
-0.017532
-0.015909
-0.017089
-0.017121
-0.016662
-0.015040
-0.016219
-0.017639
-0.016958
-0.015484
-0.016516
-0.016622
-0.016015
-0.014540
-0.015573
-0.017508
-0.016680
-0.015353
-0.016238
-0.016417
-0.015663
-0.014336
-0.015221
-0.017673
-0.016697
-0.015517
-0.016255
-0.016508
-0.015606
-0.014426
-0.015164
-0.018132
-0.017009
-0.015977
-0.016566
-0.016893
-0.015844
-0.014812
-0.015402
-0.018886
-0.017616
-0.016731
-0.017173
-0.017574
-0.016377
-0.015492
-0.015935
-0.019935
-0.018517
-0.017780
-0.018075
-0.018549
-0.017205
-0.016468
-0.016763
-0.021279
-0.019714
-0.019124
-0.019271
-0.019820
-0.018328
-0.017738
-0.017886
-0.022918
-0.021205
-0.020763
-0.020763
-0.021385
-0.019746
-0.019303
-0.019303
-0.024852
-0.022992
-0.022697
-0.022550
-0.023245
-0.021459
-0.021164
-0.021016
-0.027081
-0.025073
-0.024926
-0.024631
-0.025400
-0.023466
-0.023319
-0.023024
-0.029605
-0.027450
-0.027450
-0.027007
-0.027850
-0.025769
-0.025769
-0.025327
-0.032424
-0.030121
-0.030269
-0.029679
-0.030596
-0.028367
-0.028514
-0.027924
-0.031237
-0.031588
-0.028934
-0.031293
-0.030735
-0.031161
-0.028506
-0.030866
-0.028746
-0.028951
-0.026444
-0.028656
-0.028171
-0.028450
-0.025942
-0.028155
-0.026551
-0.026608
-0.024248
-0.026313
-0.025902
-0.026033
-0.023673
-0.025738
-0.024651
-0.024560
-0.022348
-0.024265
-0.023928
-0.023911
-0.021699
-0.023616
-0.023045
-0.022807
-0.020742
-0.022512
-0.022249
-0.022085
-0.020020
-0.021790
-0.021735
-0.021349
-0.019432
-0.021054
-0.020865
-0.020553
-0.018636
-0.020258
-0.020719
-0.020186
-0.018416
-0.019891
-0.019776
-0.019316
-0.017547
-0.019021
-0.019999
-0.019318
-0.017696
-0.019023
-0.018981
-0.018375
-0.016752
-0.018080
-0.019573
-0.018745
-0.017270
-0.018450
-0.018482
-0.017728
-0.016253
-0.017433
-0.019442
-0.018467
-0.017140
-0.018172
-0.018278
-0.017376
-0.016049
-0.017081
-0.019607
-0.018484
-0.017304
-0.018189
-0.018368
-0.017319
-0.016139
-0.017024
-0.020066
-0.018795
-0.017763
-0.018500
-0.018754
-0.017557
-0.016525
-0.017262
-0.020820
-0.019402
-0.018517
-0.019107
-0.019434
-0.018090
-0.017205
-0.017795
-0.021869
-0.020304
-0.019566
-0.020009
-0.020409
-0.018918
-0.018180
-0.018623
-0.023213
-0.021500
-0.020911
-0.021205
-0.021680
-0.020041
-0.019451
-0.019746
-0.024852
-0.022992
-0.022550
-0.022697
-0.023245
-0.021459
-0.021016
-0.021164
-0.026786
-0.024779
-0.024484
-0.024484
-0.025105
-0.023171
-0.022876
-0.022876
-0.029015
-0.026860
-0.026713
-0.026565
-0.027261
-0.025179
-0.025032
-0.024884
-0.031539
-0.029236
-0.029236
-0.028941
-0.029711
-0.027482
-0.027482
-0.027187
-0.034358
-0.031908
-0.032055
-0.031613
-0.032456
-0.030079
-0.030227
-0.029784
-0.033466
-0.033670
-0.031015
-0.033522
-0.032891
-0.033169
-0.030514
-0.033021
-0.030975
-0.031032
-0.028525
-0.030885
-0.030327
-0.030457
-0.027950
-0.030310
-0.028780
-0.028689
-0.026330
-0.028542
-0.028058
-0.028041
-0.025681
-0.027893
-0.026880
-0.026641
-0.024429
-0.026494
-0.026083
-0.025919
-0.023707
-0.025772
-0.025274
-0.024889
-0.022824
-0.024741
-0.024404
-0.024093
-0.022028
-0.023945
-0.023964
-0.023431
-0.021513
-0.023283
-0.023020
-0.022561
-0.020644
-0.022413
-0.022948
-0.022268
-0.020498
-0.022120
-0.021931
-0.021324
-0.019554
-0.021177
-0.022228
-0.021400
-0.019777
-0.021252
-0.021136
-0.020382
-0.018760
-0.020235
-0.021802
-0.020826
-0.019352
-0.020679
-0.020637
-0.019735
-0.018261
-0.019588
-0.021671
-0.020548
-0.019221
-0.020401
-0.020433
-0.019384
-0.018056
-0.019236
-0.021836
-0.020565
-0.019385
-0.020418
-0.020523
-0.019327
-0.018147
-0.019179
-0.022295
-0.020877
-0.019845
-0.020729
-0.020909
-0.019565
-0.018532
-0.019417
-0.023049
-0.021484
-0.020599
-0.021336
-0.021589
-0.020098
-0.019213
-0.019950
-0.024098
-0.022385
-0.021648
-0.022238
-0.022565
-0.020926
-0.020188
-0.020778
-0.025442
-0.023582
-0.022992
-0.023434
-0.023835
-0.022048
-0.021459
-0.021901
-0.027081
-0.025073
-0.024631
-0.024926
-0.025400
-0.023466
-0.023024
-0.023319
-0.029015
-0.026860
-0.026565
-0.026713
-0.027261
-0.025179
-0.024884
-0.025032
-0.031244
-0.028941
-0.028794
-0.028794
-0.029416
-0.027187
-0.027039
-0.027039
-0.033768
-0.031318
-0.031318
-0.031170
-0.031866
-0.029489
-0.029489
-0.029342
-0.036587
-0.033989
-0.034137
-0.033842
-0.034611
-0.032087
-0.032235
-0.031940
-0.035989
-0.036046
-0.033392
-0.036046
-0.035341
-0.035471
-0.032817
-0.035471
-0.033499
-0.033409
-0.030901
-0.033409
-0.032777
-0.032760
-0.030253
-0.032760
-0.031304
-0.031066
-0.028706
-0.031066
-0.030508
-0.030343
-0.027984
-0.030343
-0.029403
-0.029018
-0.026806
-0.029018
-0.028534
-0.028222
-0.026010
-0.028222
-0.027798
-0.027265
-0.025200
-0.027265
-0.026854
-0.026395
-0.024331
-0.026395
-0.026488
-0.025807
-0.023890
-0.025807
-0.025470
-0.024864
-0.022946
-0.024864
-0.025472
-0.024644
-0.022874
-0.024644
-0.024381
-0.023627
-0.021857
-0.023627
-0.024751
-0.023776
-0.022154
-0.023776
-0.023587
-0.022685
-0.021063
-0.022685
-0.024326
-0.023203
-0.021728
-0.023203
-0.023087
-0.022038
-0.020563
-0.022038
-0.024195
-0.022925
-0.021597
-0.022925
-0.022883
-0.021686
-0.020359
-0.021686
-0.024359
-0.022942
-0.021762
-0.022942
-0.022973
-0.021629
-0.020450
-0.021629
-0.024819
-0.023253
-0.022221
-0.023253
-0.023359
-0.021867
-0.020835
-0.021867
-0.025573
-0.023860
-0.022975
-0.023860
-0.024039
-0.022400
-0.021515
-0.022400
-0.026622
-0.024762
-0.024024
-0.024762
-0.025015
-0.023228
-0.022491
-0.023228
-0.027966
-0.025958
-0.025368
-0.025958
-0.026285
-0.024351
-0.023761
-0.024351
-0.029605
-0.027450
-0.027007
-0.027450
-0.027850
-0.025769
-0.025327
-0.025769
-0.031539
-0.029236
-0.028941
-0.029236
-0.029711
-0.027482
-0.027187
-0.027482
-0.033768
-0.031318
-0.031170
-0.031318
-0.031866
-0.029489
-0.029342
-0.029489
-0.036292
-0.033694
-0.033694
-0.033694
-0.034316
-0.031792
-0.031792
-0.031792
-0.039111
-0.036366
-0.036513
-0.036366
-0.037061
-0.034390
-0.034537
-0.034390
-0.038808
-0.038718
-0.036063
-0.038865
-0.038086
-0.038069
-0.035415
-0.038217
-0.036318
-0.036080
-0.033573
-0.036227
-0.035522
-0.035358
-0.032851
-0.035505
-0.034123
-0.033737
-0.031378
-0.033885
-0.033253
-0.032941
-0.030581
-0.033089
-0.032222
-0.031689
-0.029477
-0.031837
-0.031279
-0.030819
-0.028607
-0.030967
-0.030617
-0.029936
-0.027872
-0.030084
-0.029600
-0.028993
-0.026928
-0.029140
-0.029306
-0.028478
-0.026561
-0.028626
-0.028215
-0.027461
-0.025544
-0.027609
-0.028291
-0.027315
-0.025546
-0.027463
-0.027126
-0.026224
-0.024455
-0.026372
-0.027570
-0.026447
-0.024825
-0.026595
-0.026332
-0.025283
-0.023660
-0.025430
-0.027145
-0.025874
-0.024400
-0.026022
-0.025832
-0.024636
-0.023161
-0.024783
-0.027014
-0.025596
-0.024269
-0.025744
-0.025628
-0.024284
-0.022957
-0.024431
-0.027178
-0.025613
-0.024433
-0.025760
-0.025719
-0.024227
-0.023047
-0.024374
-0.027637
-0.025925
-0.024892
-0.026072
-0.026104
-0.024465
-0.023433
-0.024612
-0.028392
-0.026531
-0.025647
-0.026679
-0.026784
-0.024998
-0.024113
-0.025145
-0.029441
-0.027433
-0.026696
-0.027581
-0.027760
-0.025826
-0.025089
-0.025973
-0.030785
-0.028630
-0.028040
-0.028777
-0.029030
-0.026949
-0.026359
-0.027096
-0.032424
-0.030121
-0.029679
-0.030269
-0.030596
-0.028367
-0.027924
-0.028514
-0.034358
-0.031908
-0.031613
-0.032055
-0.032456
-0.030079
-0.029784
-0.030227
-0.036587
-0.033989
-0.033842
-0.034137
-0.034611
-0.032087
-0.031940
-0.032235
-0.039111
-0.036366
-0.036366
-0.036513
-0.037061
-0.034390
-0.034390
-0.034537
-0.041930
-0.039037
-0.039185
-0.039185
-0.039806
-0.036987
-0.037135
-0.037135
-0.038506
-0.041217
-0.038415
-0.038415
-0.039111
-0.041896
-0.039094
-0.039094
-0.036015
-0.038579
-0.035925
-0.035777
-0.036547
-0.039184
-0.036530
-0.036382
-0.033820
-0.036237
-0.033730
-0.033435
-0.034278
-0.036768
-0.034261
-0.033966
-0.031920
-0.034189
-0.031829
-0.031387
-0.032303
-0.034646
-0.032287
-0.031844
-0.030314
-0.032436
-0.030224
-0.029634
-0.030624
-0.032820
-0.030607
-0.030018
-0.029004
-0.030978
-0.028913
-0.028176
-0.029240
-0.031288
-0.029223
-0.028486
-0.027988
-0.029815
-0.027898
-0.027013
-0.028151
-0.030051
-0.028134
-0.027249
-0.027268
-0.028947
-0.027177
-0.026145
-0.027356
-0.029109
-0.027340
-0.026307
-0.026842
-0.028374
-0.026752
-0.025572
-0.026857
-0.028463
-0.026840
-0.025661
-0.026711
-0.028096
-0.026621
-0.025294
-0.026653
-0.028111
-0.026636
-0.025309
-0.026876
-0.028112
-0.026785
-0.025310
-0.026743
-0.028054
-0.026726
-0.025252
-0.027335
-0.028424
-0.027244
-0.025622
-0.027129
-0.028292
-0.027112
-0.025490
-0.028089
-0.029031
-0.027999
-0.026229
-0.027809
-0.028825
-0.027792
-0.026023
-0.029138
-0.029933
-0.029048
-0.027131
-0.028785
-0.029653
-0.028768
-0.026851
-0.030482
-0.031129
-0.030392
-0.028327
-0.030055
-0.030776
-0.030038
-0.027974
-0.032121
-0.032621
-0.032031
-0.029819
-0.031620
-0.032193
-0.031603
-0.029391
-0.034055
-0.034407
-0.033965
-0.031605
-0.033481
-0.033906
-0.033464
-0.031104
-0.036284
-0.036489
-0.036194
-0.033687
-0.035636
-0.035914
-0.035619
-0.033112
-0.038808
-0.038865
-0.038718
-0.036063
-0.038086
-0.038217
-0.038069
-0.035415
-0.041627
-0.041537
-0.041537
-0.038735
-0.040831
-0.040814
-0.040814
-0.038012
-0.036015
-0.038579
-0.035777
-0.035925
-0.036547
-0.039184
-0.036382
-0.036530
-0.033525
-0.035942
-0.033287
-0.033287
-0.033983
-0.036473
-0.033818
-0.033818
-0.031330
-0.033599
-0.031092
-0.030944
-0.031714
-0.034056
-0.031549
-0.031402
-0.029429
-0.031551
-0.029191
-0.028896
-0.029739
-0.031935
-0.029575
-0.029280
-0.027824
-0.029798
-0.027586
-0.027144
-0.028060
-0.030108
-0.027896
-0.027454
-0.026514
-0.028340
-0.026275
-0.025686
-0.026676
-0.028576
-0.026512
-0.025922
-0.025498
-0.027177
-0.025260
-0.024523
-0.025587
-0.027340
-0.025422
-0.024685
-0.024777
-0.026309
-0.024539
-0.023655
-0.024792
-0.026398
-0.024628
-0.023743
-0.024352
-0.025736
-0.024114
-0.023081
-0.024293
-0.025751
-0.024129
-0.023096
-0.024221
-0.025458
-0.023983
-0.022803
-0.024089
-0.025399
-0.023924
-0.022745
-0.024385
-0.025475
-0.024147
-0.022820
-0.024179
-0.025342
-0.024015
-0.022688
-0.024845
-0.025786
-0.024607
-0.023132
-0.024565
-0.025580
-0.024400
-0.022926
-0.025599
-0.026393
-0.025361
-0.023739
-0.025245
-0.026113
-0.025081
-0.023459
-0.026648
-0.027295
-0.026410
-0.024640
-0.026221
-0.026941
-0.026056
-0.024287
-0.027992
-0.028491
-0.027754
-0.025837
-0.027491
-0.028064
-0.027327
-0.025409
-0.029631
-0.029983
-0.029393
-0.027328
-0.029056
-0.029482
-0.028892
-0.026827
-0.031565
-0.031770
-0.031327
-0.029115
-0.030917
-0.031195
-0.030752
-0.028540
-0.033794
-0.033851
-0.033556
-0.031196
-0.033072
-0.033202
-0.032907
-0.030548
-0.036318
-0.036227
-0.036080
-0.033573
-0.035522
-0.035505
-0.035358
-0.032851
-0.039137
-0.038899
-0.038899
-0.036244
-0.038267
-0.038103
-0.038103
-0.035448
-0.033820
-0.036237
-0.033435
-0.033730
-0.034278
-0.036768
-0.033966
-0.034261
-0.031330
-0.033599
-0.030944
-0.031092
-0.031714
-0.034056
-0.031402
-0.031549
-0.029134
-0.031256
-0.028749
-0.028749
-0.029444
-0.031640
-0.029133
-0.029133
-0.027234
-0.029208
-0.026849
-0.026701
-0.027470
-0.029518
-0.027159
-0.027011
-0.025629
-0.027455
-0.025243
-0.024948
-0.025791
-0.027692
-0.025479
-0.025184
-0.024318
-0.025997
-0.023933
-0.023490
-0.024407
-0.026160
-0.024095
-0.023653
-0.023303
-0.024834
-0.022917
-0.022327
-0.023318
-0.024923
-0.023006
-0.022416
-0.022582
-0.023966
-0.022197
-0.021459
-0.022523
-0.023981
-0.022212
-0.021474
-0.022156
-0.023393
-0.021771
-0.020886
-0.022024
-0.023335
-0.021712
-0.020827
-0.022026
-0.023115
-0.021640
-0.020608
-0.021820
-0.022983
-0.021508
-0.020476
-0.022190
-0.023132
-0.021805
-0.020625
-0.021910
-0.022926
-0.021598
-0.020419
-0.022649
-0.023444
-0.022264
-0.020937
-0.022296
-0.023164
-0.021984
-0.020657
-0.023404
-0.024050
-0.023018
-0.021543
-0.022976
-0.023697
-0.022664
-0.021190
-0.024453
-0.024952
-0.024067
-0.022445
-0.023952
-0.024525
-0.023640
-0.022018
-0.025797
-0.026149
-0.025411
-0.023642
-0.025222
-0.025648
-0.024910
-0.023140
-0.027436
-0.027640
-0.027050
-0.025133
-0.026787
-0.027065
-0.026475
-0.024558
-0.029370
-0.029427
-0.028984
-0.026920
-0.028647
-0.028778
-0.028336
-0.026271
-0.031599
-0.031508
-0.031213
-0.029001
-0.030803
-0.030786
-0.030491
-0.028279
-0.034123
-0.033885
-0.033737
-0.031378
-0.033253
-0.033089
-0.032941
-0.030581
-0.036941
-0.036556
-0.036556
-0.034049
-0.035998
-0.035686
-0.035686
-0.033179
-0.031920
-0.034189
-0.031387
-0.031829
-0.032303
-0.034646
-0.031844
-0.032287
-0.029429
-0.031551
-0.028896
-0.029191
-0.029739
-0.031935
-0.029280
-0.029575
-0.027234
-0.029208
-0.026701
-0.026849
-0.027470
-0.029518
-0.027011
-0.027159
-0.025334
-0.027160
-0.024801
-0.024801
-0.025496
-0.027397
-0.025037
-0.025037
-0.023728
-0.025407
-0.023195
-0.023048
-0.023817
-0.025570
-0.023358
-0.023210
-0.022418
-0.023949
-0.021885
-0.021590
-0.022433
-0.024038
-0.021974
-0.021679
-0.021402
-0.022786
-0.020869
-0.020427
-0.021344
-0.022802
-0.020884
-0.020442
-0.020682
-0.021918
-0.020149
-0.019559
-0.020549
-0.021860
-0.020090
-0.019500
-0.020256
-0.021345
-0.019723
-0.018986
-0.020050
-0.021213
-0.019591
-0.018853
-0.020125
-0.021067
-0.019592
-0.018708
-0.019846
-0.020861
-0.019386
-0.018501
-0.020290
-0.021084
-0.019757
-0.018724
-0.019936
-0.020804
-0.019477
-0.018444
-0.020749
-0.021396
-0.020216
-0.019036
-0.020322
-0.021042
-0.019862
-0.018683
-0.021503
-0.022002
-0.020970
-0.019643
-0.021002
-0.021575
-0.020543
-0.019215
-0.022552
-0.022904
-0.022019
-0.020545
-0.021977
-0.022403
-0.021518
-0.020043
-0.023896
-0.024101
-0.023363
-0.021741
-0.023248
-0.023526
-0.022789
-0.021166
-0.025535
-0.025592
-0.025002
-0.023233
-0.024813
-0.024944
-0.024354
-0.022584
-0.027469
-0.027379
-0.026936
-0.025019
-0.026673
-0.026657
-0.026214
-0.024297
-0.029698
-0.029460
-0.029165
-0.027101
-0.028829
-0.028664
-0.028369
-0.026305
-0.032222
-0.031837
-0.031689
-0.029477
-0.031279
-0.030967
-0.030819
-0.028607
-0.035041
-0.034508
-0.034508
-0.032149
-0.034024
-0.033565
-0.033565
-0.031205
-0.030314
-0.032436
-0.029634
-0.030224
-0.030624
-0.032820
-0.030018
-0.030607
-0.027824
-0.029798
-0.027144
-0.027586
-0.028060
-0.030108
-0.027454
-0.027896
-0.025629
-0.027455
-0.024948
-0.025243
-0.025791
-0.027692
-0.025184
-0.025479
-0.023728
-0.025407
-0.023048
-0.023195
-0.023817
-0.025570
-0.023210
-0.023358
-0.022123
-0.023655
-0.021442
-0.021442
-0.022138
-0.023743
-0.021531
-0.021531
-0.020812
-0.022197
-0.020132
-0.019984
-0.020754
-0.022212
-0.020147
-0.019999
-0.019797
-0.021034
-0.019116
-0.018821
-0.019664
-0.020975
-0.019058
-0.018763
-0.019076
-0.020166
-0.018396
-0.017953
-0.018870
-0.020033
-0.018263
-0.017821
-0.018651
-0.019592
-0.017970
-0.017380
-0.018371
-0.019386
-0.017764
-0.017174
-0.018520
-0.019314
-0.017840
-0.017102
-0.018166
-0.019034
-0.017560
-0.016822
-0.018684
-0.019331
-0.018004
-0.017119
-0.018257
-0.018977
-0.017650
-0.016765
-0.019144
-0.019643
-0.018463
-0.017431
-0.018642
-0.019215
-0.018036
-0.017003
-0.019898
-0.020250
-0.019217
-0.018037
-0.019323
-0.019748
-0.018716
-0.017536
-0.020947
-0.021151
-0.020266
-0.018939
-0.020298
-0.020576
-0.019692
-0.018364
-0.022291
-0.022348
-0.021610
-0.020136
-0.021569
-0.021699
-0.020962
-0.019487
-0.023930
-0.023839
-0.023250
-0.021627
-0.023134
-0.023117
-0.022527
-0.020905
-0.025864
-0.025626
-0.025184
-0.023414
-0.024994
-0.024830
-0.024387
-0.022618
-0.028093
-0.027707
-0.027412
-0.025495
-0.027149
-0.026838
-0.026543
-0.024625
-0.030617
-0.030084
-0.029936
-0.027872
-0.029600
-0.029140
-0.028993
-0.026928
-0.033436
-0.032755
-0.032755
-0.030543
-0.032345
-0.031738
-0.031738
-0.029526
-0.029004
-0.030978
-0.028176
-0.028913
-0.029240
-0.031288
-0.028486
-0.029223
-0.026514
-0.028340
-0.025686
-0.026275
-0.026676
-0.028576
-0.025922
-0.026512
-0.024318
-0.025997
-0.023490
-0.023933
-0.024407
-0.026160
-0.023653
-0.024095
-0.022418
-0.023949
-0.021590
-0.021885
-0.022433
-0.024038
-0.021679
-0.021974
-0.020812
-0.022197
-0.019984
-0.020132
-0.020754
-0.022212
-0.019999
-0.020147
-0.019502
-0.020739
-0.018674
-0.018674
-0.019369
-0.020680
-0.018615
-0.018615
-0.018486
-0.019576
-0.017658
-0.017511
-0.018280
-0.019443
-0.017526
-0.017379
-0.017766
-0.018708
-0.016938
-0.016643
-0.017486
-0.018501
-0.016732
-0.016437
-0.017340
-0.018134
-0.016512
-0.016070
-0.016987
-0.017855
-0.016232
-0.015790
-0.017210
-0.017856
-0.016382
-0.015792
-0.016782
-0.017503
-0.016028
-0.015438
-0.017374
-0.017873
-0.016546
-0.015808
-0.016873
-0.017446
-0.016118
-0.015381
-0.017833
-0.018185
-0.017005
-0.016120
-0.017258
-0.017684
-0.016504
-0.015619
-0.018587
-0.018792
-0.017759
-0.016727
-0.017939
-0.018217
-0.017184
-0.016152
-0.019636
-0.019693
-0.018808
-0.017629
-0.018914
-0.019045
-0.018160
-0.016980
-0.020980
-0.020890
-0.020153
-0.018825
-0.020184
-0.020168
-0.019430
-0.018103
-0.022620
-0.022381
-0.021792
-0.020317
-0.021750
-0.021585
-0.020996
-0.019521
-0.024554
-0.024168
-0.023726
-0.022103
-0.023610
-0.023298
-0.022856
-0.021234
-0.026782
-0.026249
-0.025955
-0.024185
-0.025765
-0.025306
-0.025011
-0.023241
-0.029306
-0.028626
-0.028478
-0.026561
-0.028215
-0.027609
-0.027461
-0.025544
-0.032125
-0.031297
-0.031297
-0.029233
-0.030960
-0.030206
-0.030206
-0.028142
-0.027988
-0.029815
-0.027013
-0.027898
-0.028151
-0.030051
-0.027249
-0.028134
-0.025498
-0.027177
-0.024523
-0.025260
-0.025587
-0.027340
-0.024685
-0.025422
-0.023303
-0.024834
-0.022327
-0.022917
-0.023318
-0.024923
-0.022416
-0.023006
-0.021402
-0.022786
-0.020427
-0.020869
-0.021344
-0.022802
-0.020442
-0.020884
-0.019797
-0.021034
-0.018821
-0.019116
-0.019664
-0.020975
-0.018763
-0.019058
-0.018486
-0.019576
-0.017511
-0.017658
-0.018280
-0.019443
-0.017379
-0.017526
-0.017471
-0.018413
-0.016495
-0.016495
-0.017191
-0.018206
-0.016289
-0.016289
-0.016750
-0.017545
-0.015775
-0.015627
-0.016397
-0.017265
-0.015495
-0.015347
-0.016325
-0.016971
-0.015349
-0.015054
-0.015897
-0.016618
-0.014996
-0.014701
-0.016194
-0.016693
-0.015219
-0.014776
-0.015693
-0.016266
-0.014791
-0.014349
-0.016358
-0.016710
-0.015383
-0.014793
-0.015783
-0.016209
-0.014882
-0.014292
-0.016818
-0.017022
-0.015842
-0.015105
-0.016169
-0.016447
-0.015267
-0.014530
-0.017572
-0.017629
-0.016596
-0.015711
-0.016849
-0.016980
-0.015948
-0.015063
-0.018621
-0.018530
-0.017645
-0.016613
-0.017825
-0.017808
-0.016923
-0.015891
-0.019965
-0.019727
-0.018990
-0.017810
-0.019095
-0.018931
-0.018193
-0.017014
-0.021604
-0.021218
-0.020629
-0.019301
-0.020660
-0.020349
-0.019759
-0.018431
-0.023538
-0.023005
-0.022563
-0.021088
-0.022521
-0.022061
-0.021619
-0.020144
-0.025767
-0.025086
-0.024792
-0.023169
-0.024676
-0.024069
-0.023774
-0.022152
-0.028291
-0.027463
-0.027315
-0.025546
-0.027126
-0.026372
-0.026224
-0.024455
-0.031110
-0.030134
-0.030134
-0.028217
-0.029871
-0.028970
-0.028970
-0.027052
-0.027268
-0.028947
-0.026145
-0.027177
-0.027356
-0.029109
-0.026307
-0.027340
-0.024777
-0.026309
-0.023655
-0.024539
-0.024792
-0.026398
-0.023743
-0.024628
-0.022582
-0.023966
-0.021459
-0.022197
-0.022523
-0.023981
-0.021474
-0.022212
-0.020682
-0.021918
-0.019559
-0.020149
-0.020549
-0.021860
-0.019500
-0.020090
-0.019076
-0.020166
-0.017953
-0.018396
-0.018870
-0.020033
-0.017821
-0.018263
-0.017766
-0.018708
-0.016643
-0.016938
-0.017486
-0.018501
-0.016437
-0.016732
-0.016750
-0.017545
-0.015627
-0.015775
-0.016397
-0.017265
-0.015347
-0.015495
-0.016030
-0.016677
-0.014907
-0.014907
-0.015602
-0.016323
-0.014553
-0.014553
-0.015604
-0.016103
-0.014481
-0.014334
-0.015103
-0.015676
-0.014054
-0.013906
-0.015473
-0.015825
-0.014351
-0.014056
-0.014899
-0.015324
-0.013849
-0.013554
-0.015638
-0.015842
-0.014515
-0.014072
-0.014989
-0.015267
-0.013940
-0.013498
-0.016097
-0.016154
-0.014974
-0.014384
-0.015375
-0.015505
-0.014325
-0.013736
-0.016851
-0.016761
-0.015728
-0.014991
-0.016055
-0.016038
-0.015006
-0.014269
-0.017900
-0.017662
-0.016777
-0.015893
-0.017030
-0.016866
-0.015981
-0.015096
-0.019244
-0.018859
-0.018121
-0.017089
-0.018301
-0.017989
-0.017252
-0.016219
-0.020883
-0.020350
-0.019761
-0.018581
-0.019866
-0.019407
-0.018817
-0.017637
-0.022817
-0.022137
-0.021695
-0.020367
-0.021726
-0.021120
-0.020677
-0.019350
-0.025046
-0.024218
-0.023923
-0.022449
-0.023882
-0.023127
-0.022832
-0.021358
-0.027570
-0.026595
-0.026447
-0.024825
-0.026332
-0.025430
-0.025283
-0.023660
-0.030389
-0.029266
-0.029266
-0.027497
-0.029077
-0.028028
-0.028028
-0.026258
-0.026842
-0.028374
-0.025572
-0.026752
-0.026857
-0.028463
-0.025661
-0.026840
-0.024352
-0.025736
-0.023081
-0.024114
-0.024293
-0.025751
-0.023096
-0.024129
-0.022156
-0.023393
-0.020886
-0.021771
-0.022024
-0.023335
-0.020827
-0.021712
-0.020256
-0.021345
-0.018986
-0.019723
-0.020050
-0.021213
-0.018853
-0.019591
-0.018651
-0.019592
-0.017380
-0.017970
-0.018371
-0.019386
-0.017174
-0.017764
-0.017340
-0.018134
-0.016070
-0.016512
-0.016987
-0.017855
-0.015790
-0.016232
-0.016325
-0.016971
-0.015054
-0.015349
-0.015897
-0.016618
-0.014701
-0.014996
-0.015604
-0.016103
-0.014334
-0.014481
-0.015103
-0.015676
-0.013906
-0.014054
-0.015178
-0.015530
-0.013908
-0.013908
-0.014604
-0.015029
-0.013407
-0.013407
-0.015048
-0.015252
-0.013777
-0.013630
-0.014399
-0.014677
-0.013203
-0.013055
-0.015212
-0.015269
-0.013942
-0.013647
-0.014490
-0.014620
-0.013293
-0.012998
-0.015671
-0.015581
-0.014401
-0.013959
-0.014875
-0.014858
-0.013679
-0.013236
-0.016426
-0.016187
-0.015155
-0.014565
-0.015556
-0.015391
-0.014359
-0.013769
-0.017475
-0.017089
-0.016204
-0.015467
-0.016531
-0.016219
-0.015334
-0.014597
-0.018819
-0.018286
-0.017548
-0.016664
-0.017801
-0.017342
-0.016605
-0.015720
-0.020458
-0.019777
-0.019187
-0.018155
-0.019367
-0.018760
-0.018170
-0.017138
-0.022392
-0.021564
-0.021121
-0.019942
-0.021227
-0.020473
-0.020030
-0.018851
-0.024621
-0.023645
-0.023350
-0.022023
-0.023382
-0.022481
-0.022186
-0.020858
-0.027145
-0.026022
-0.025874
-0.024400
-0.025832
-0.024783
-0.024636
-0.023161
-0.029963
-0.028693
-0.028693
-0.027071
-0.028578
-0.027381
-0.027381
-0.025759
-0.026711
-0.028096
-0.025294
-0.026621
-0.026653
-0.028111
-0.025309
-0.026636
-0.024221
-0.025458
-0.022803
-0.023983
-0.024089
-0.025399
-0.022745
-0.023924
-0.022026
-0.023115
-0.020608
-0.021640
-0.021820
-0.022983
-0.020476
-0.021508
-0.020125
-0.021067
-0.018708
-0.019592
-0.019846
-0.020861
-0.018501
-0.019386
-0.018520
-0.019314
-0.017102
-0.017840
-0.018166
-0.019034
-0.016822
-0.017560
-0.017210
-0.017856
-0.015792
-0.016382
-0.016782
-0.017503
-0.015438
-0.016028
-0.016194
-0.016693
-0.014776
-0.015219
-0.015693
-0.016266
-0.014349
-0.014791
-0.015473
-0.015825
-0.014056
-0.014351
-0.014899
-0.015324
-0.013554
-0.013849
-0.015048
-0.015252
-0.013630
-0.013777
-0.014399
-0.014677
-0.013055
-0.013203
-0.014917
-0.014974
-0.013499
-0.013499
-0.014195
-0.014325
-0.012851
-0.012851
-0.015081
-0.014991
-0.013664
-0.013516
-0.014285
-0.014269
-0.012941
-0.012794
-0.015541
-0.015303
-0.014123
-0.013828
-0.014671
-0.014507
-0.013327
-0.013032
-0.016295
-0.015909
-0.014877
-0.014435
-0.015351
-0.015040
-0.014007
-0.013565
-0.017344
-0.016811
-0.015926
-0.015336
-0.016327
-0.015867
-0.014983
-0.014393
-0.018688
-0.018008
-0.017270
-0.016533
-0.017597
-0.016990
-0.016253
-0.015516
-0.020327
-0.019499
-0.018909
-0.018024
-0.019162
-0.018408
-0.017818
-0.016933
-0.022261
-0.021286
-0.020843
-0.019811
-0.021023
-0.020121
-0.019679
-0.018646
-0.024490
-0.023367
-0.023072
-0.021892
-0.023178
-0.022129
-0.021834
-0.020654
-0.027014
-0.025744
-0.025596
-0.024269
-0.025628
-0.024431
-0.024284
-0.022957
-0.029833
-0.028415
-0.028415
-0.026940
-0.028373
-0.027029
-0.027029
-0.025554
-0.026876
-0.028112
-0.025310
-0.026785
-0.026743
-0.028054
-0.025252
-0.026726
-0.024385
-0.025475
-0.022820
-0.024147
-0.024179
-0.025342
-0.022688
-0.024015
-0.022190
-0.023132
-0.020625
-0.021805
-0.021910
-0.022926
-0.020419
-0.021598
-0.020290
-0.021084
-0.018724
-0.019757
-0.019936
-0.020804
-0.018444
-0.019477
-0.018684
-0.019331
-0.017119
-0.018004
-0.018257
-0.018977
-0.016765
-0.017650
-0.017374
-0.017873
-0.015808
-0.016546
-0.016873
-0.017446
-0.015381
-0.016118
-0.016358
-0.016710
-0.014793
-0.015383
-0.015783
-0.016209
-0.014292
-0.014882
-0.015638
-0.015842
-0.014072
-0.014515
-0.014989
-0.015267
-0.013498
-0.013940
-0.015212
-0.015269
-0.013647
-0.013942
-0.014490
-0.014620
-0.012998
-0.013293
-0.015081
-0.014991
-0.013516
-0.013664
-0.014285
-0.014269
-0.012794
-0.012941
-0.015246
-0.015008
-0.013680
-0.013680
-0.014376
-0.014212
-0.012884
-0.012884
-0.015705
-0.015319
-0.014140
-0.013992
-0.014761
-0.014450
-0.013270
-0.013122
-0.016459
-0.015926
-0.014894
-0.014599
-0.015442
-0.014983
-0.013950
-0.013655
-0.017508
-0.016828
-0.015943
-0.015501
-0.016417
-0.015811
-0.014926
-0.014483
-0.018852
-0.018024
-0.017287
-0.016697
-0.017688
-0.016933
-0.016196
-0.015606
-0.020491
-0.019516
-0.018926
-0.018189
-0.019253
-0.018351
-0.017761
-0.017024
-0.022425
-0.021303
-0.020860
-0.019975
-0.021113
-0.020064
-0.019622
-0.018737
-0.024654
-0.023384
-0.023089
-0.022057
-0.023268
-0.022072
-0.021777
-0.020744
-0.027178
-0.025760
-0.025613
-0.024433
-0.025719
-0.024374
-0.024227
-0.023047
-0.029997
-0.028432
-0.028432
-0.027105
-0.028464
-0.026972
-0.026972
-0.025645
-0.027335
-0.028424
-0.025622
-0.027244
-0.027129
-0.028292
-0.025490
-0.027112
-0.024845
-0.025786
-0.023132
-0.024607
-0.024565
-0.025580
-0.022926
-0.024400
-0.022649
-0.023444
-0.020937
-0.022264
-0.022296
-0.023164
-0.020657
-0.021984
-0.020749
-0.021396
-0.019036
-0.020216
-0.020322
-0.021042
-0.018683
-0.019862
-0.019144
-0.019643
-0.017431
-0.018463
-0.018642
-0.019215
-0.017003
-0.018036
-0.017833
-0.018185
-0.016120
-0.017005
-0.017258
-0.017684
-0.015619
-0.016504
-0.016818
-0.017022
-0.015105
-0.015842
-0.016169
-0.016447
-0.014530
-0.015267
-0.016097
-0.016154
-0.014384
-0.014974
-0.015375
-0.015505
-0.013736
-0.014325
-0.015671
-0.015581
-0.013959
-0.014401
-0.014875
-0.014858
-0.013236
-0.013679
-0.015541
-0.015303
-0.013828
-0.014123
-0.014671
-0.014507
-0.013032
-0.013327
-0.015705
-0.015319
-0.013992
-0.014140
-0.014761
-0.014450
-0.013122
-0.013270
-0.016164
-0.015631
-0.014451
-0.014451
-0.015147
-0.014688
-0.013508
-0.013508
-0.016918
-0.016238
-0.015206
-0.015058
-0.015827
-0.015221
-0.014188
-0.014041
-0.017968
-0.017140
-0.016255
-0.015960
-0.016803
-0.016049
-0.015164
-0.014869
-0.019312
-0.018336
-0.017599
-0.017156
-0.018073
-0.017171
-0.016434
-0.015992
-0.020951
-0.019828
-0.019238
-0.018648
-0.019638
-0.018589
-0.017999
-0.017409
-0.022885
-0.021614
-0.021172
-0.020434
-0.021499
-0.020302
-0.019860
-0.019122
-0.025114
-0.023696
-0.023401
-0.022516
-0.023654
-0.022310
-0.022015
-0.021130
-0.027637
-0.026072
-0.025925
-0.024892
-0.026104
-0.024612
-0.024465
-0.023433
-0.030456
-0.028744
-0.028744
-0.027564
-0.028849
-0.027210
-0.027210
-0.026030
-0.028089
-0.029031
-0.026229
-0.027999
-0.027809
-0.028825
-0.026023
-0.027792
-0.025599
-0.026393
-0.023739
-0.025361
-0.025245
-0.026113
-0.023459
-0.025081
-0.023404
-0.024050
-0.021543
-0.023018
-0.022976
-0.023697
-0.021190
-0.022664
-0.021503
-0.022002
-0.019643
-0.020970
-0.021002
-0.021575
-0.019215
-0.020543
-0.019898
-0.020250
-0.018037
-0.019217
-0.019323
-0.019748
-0.017536
-0.018716
-0.018587
-0.018792
-0.016727
-0.017759
-0.017939
-0.018217
-0.016152
-0.017184
-0.017572
-0.017629
-0.015711
-0.016596
-0.016849
-0.016980
-0.015063
-0.015948
-0.016851
-0.016761
-0.014991
-0.015728
-0.016055
-0.016038
-0.014269
-0.015006
-0.016426
-0.016187
-0.014565
-0.015155
-0.015556
-0.015391
-0.013769
-0.014359
-0.016295
-0.015909
-0.014435
-0.014877
-0.015351
-0.015040
-0.013565
-0.014007
-0.016459
-0.015926
-0.014599
-0.014894
-0.015442
-0.014983
-0.013655
-0.013950
-0.016918
-0.016238
-0.015058
-0.015206
-0.015827
-0.015221
-0.014041
-0.014188
-0.017673
-0.016845
-0.015812
-0.015812
-0.016508
-0.015754
-0.014721
-0.014721
-0.018722
-0.017746
-0.016861
-0.016714
-0.017483
-0.016582
-0.015697
-0.015549
-0.020066
-0.018943
-0.018206
-0.017911
-0.018754
-0.017704
-0.016967
-0.016672
-0.021705
-0.020434
-0.019845
-0.019402
-0.020319
-0.019122
-0.018532
-0.018090
-0.023639
-0.022221
-0.021779
-0.021189
-0.022179
-0.020835
-0.020393
-0.019803
-0.025868
-0.024302
-0.024008
-0.023270
-0.024334
-0.022843
-0.022548
-0.021810
-0.028392
-0.026679
-0.026531
-0.025647
-0.026784
-0.025145
-0.024998
-0.024113
-0.031211
-0.029350
-0.029350
-0.028318
-0.029530
-0.027743
-0.027743
-0.026711
-0.029138
-0.029933
-0.027131
-0.029048
-0.028785
-0.029653
-0.026851
-0.028768
-0.026648
-0.027295
-0.024640
-0.026410
-0.026221
-0.026941
-0.024287
-0.026056
-0.024453
-0.024952
-0.022445
-0.024067
-0.023952
-0.024525
-0.022018
-0.023640
-0.022552
-0.022904
-0.020545
-0.022019
-0.021977
-0.022403
-0.020043
-0.021518
-0.020947
-0.021151
-0.018939
-0.020266
-0.020298
-0.020576
-0.018364
-0.019692
-0.019636
-0.019693
-0.017629
-0.018808
-0.018914
-0.019045
-0.016980
-0.018160
-0.018621
-0.018530
-0.016613
-0.017645
-0.017825
-0.017808
-0.015891
-0.016923
-0.017900
-0.017662
-0.015893
-0.016777
-0.017030
-0.016866
-0.015096
-0.015981
-0.017475
-0.017089
-0.015467
-0.016204
-0.016531
-0.016219
-0.014597
-0.015334
-0.017344
-0.016811
-0.015336
-0.015926
-0.016327
-0.015867
-0.014393
-0.014983
-0.017508
-0.016828
-0.015501
-0.015943
-0.016417
-0.015811
-0.014483
-0.014926
-0.017968
-0.017140
-0.015960
-0.016255
-0.016803
-0.016049
-0.014869
-0.015164
-0.018722
-0.017746
-0.016714
-0.016861
-0.017483
-0.016582
-0.015549
-0.015697
-0.019771
-0.018648
-0.017763
-0.017763
-0.018459
-0.017409
-0.016525
-0.016525
-0.021115
-0.019845
-0.019107
-0.018960
-0.019729
-0.018532
-0.017795
-0.017647
-0.022754
-0.021336
-0.020746
-0.020451
-0.021294
-0.019950
-0.019360
-0.019065
-0.024688
-0.023123
-0.022680
-0.022238
-0.023155
-0.021663
-0.021221
-0.020778
-0.026917
-0.025204
-0.024909
-0.024319
-0.025310
-0.023671
-0.023376
-0.022786
-0.029441
-0.027581
-0.027433
-0.026696
-0.027760
-0.025973
-0.025826
-0.025089
-0.032260
-0.030252
-0.030252
-0.029367
-0.030505
-0.028571
-0.028571
-0.027686
-0.030482
-0.031129
-0.028327
-0.030392
-0.030055
-0.030776
-0.027974
-0.030038
-0.027992
-0.028491
-0.025837
-0.027754
-0.027491
-0.028064
-0.025409
-0.027327
-0.025797
-0.026149
-0.023642
-0.025411
-0.025222
-0.025648
-0.023140
-0.024910
-0.023896
-0.024101
-0.021741
-0.023363
-0.023248
-0.023526
-0.021166
-0.022789
-0.022291
-0.022348
-0.020136
-0.021610
-0.021569
-0.021699
-0.019487
-0.020962
-0.020980
-0.020890
-0.018825
-0.020153
-0.020184
-0.020168
-0.018103
-0.019430
-0.019965
-0.019727
-0.017810
-0.018990
-0.019095
-0.018931
-0.017014
-0.018193
-0.019244
-0.018859
-0.017089
-0.018121
-0.018301
-0.017989
-0.016219
-0.017252
-0.018819
-0.018286
-0.016664
-0.017548
-0.017801
-0.017342
-0.015720
-0.016605
-0.018688
-0.018008
-0.016533
-0.017270
-0.017597
-0.016990
-0.015516
-0.016253
-0.018852
-0.018024
-0.016697
-0.017287
-0.017688
-0.016933
-0.015606
-0.016196
-0.019312
-0.018336
-0.017156
-0.017599
-0.018073
-0.017171
-0.015992
-0.016434
-0.020066
-0.018943
-0.017911
-0.018206
-0.018754
-0.017704
-0.016672
-0.016967
-0.021115
-0.019845
-0.018960
-0.019107
-0.019729
-0.018532
-0.017647
-0.017795
-0.022459
-0.021041
-0.020304
-0.020304
-0.020999
-0.019655
-0.018918
-0.018918
-0.024098
-0.022533
-0.021943
-0.021795
-0.022565
-0.021073
-0.020483
-0.020336
-0.026032
-0.024319
-0.023877
-0.023582
-0.024425
-0.022786
-0.022343
-0.022048
-0.028261
-0.026401
-0.026106
-0.025663
-0.026580
-0.024794
-0.024499
-0.024056
-0.030785
-0.028777
-0.028630
-0.028040
-0.029030
-0.027096
-0.026949
-0.026359
-0.033604
-0.031449
-0.031449
-0.030711
-0.031775
-0.029694
-0.029694
-0.028957
-0.032121
-0.032621
-0.029819
-0.032031
-0.031620
-0.032193
-0.029391
-0.031603
-0.029631
-0.029983
-0.027328
-0.029393
-0.029056
-0.029482
-0.026827
-0.028892
-0.027436
-0.027640
-0.025133
-0.027050
-0.026787
-0.027065
-0.024558
-0.026475
-0.025535
-0.025592
-0.023233
-0.025002
-0.024813
-0.024944
-0.022584
-0.024354
-0.023930
-0.023839
-0.021627
-0.023250
-0.023134
-0.023117
-0.020905
-0.022527
-0.022620
-0.022381
-0.020317
-0.021792
-0.021750
-0.021585
-0.019521
-0.020996
-0.021604
-0.021218
-0.019301
-0.020629
-0.020660
-0.020349
-0.018431
-0.019759
-0.020883
-0.020350
-0.018581
-0.019761
-0.019866
-0.019407
-0.017637
-0.018817
-0.020458
-0.019777
-0.018155
-0.019187
-0.019367
-0.018760
-0.017138
-0.018170
-0.020327
-0.019499
-0.018024
-0.018909
-0.019162
-0.018408
-0.016933
-0.017818
-0.020491
-0.019516
-0.018189
-0.018926
-0.019253
-0.018351
-0.017024
-0.017761
-0.020951
-0.019828
-0.018648
-0.019238
-0.019638
-0.018589
-0.017409
-0.017999
-0.021705
-0.020434
-0.019402
-0.019845
-0.020319
-0.019122
-0.018090
-0.018532
-0.022754
-0.021336
-0.020451
-0.020746
-0.021294
-0.019950
-0.019065
-0.019360
-0.024098
-0.022533
-0.021795
-0.021943
-0.022565
-0.021073
-0.020336
-0.020483
-0.025737
-0.024024
-0.023434
-0.023434
-0.024130
-0.022491
-0.021901
-0.021901
-0.027671
-0.025811
-0.025368
-0.025221
-0.025990
-0.024204
-0.023761
-0.023614
-0.029900
-0.027892
-0.027597
-0.027302
-0.028145
-0.026211
-0.025916
-0.025621
-0.032424
-0.030269
-0.030121
-0.029679
-0.030596
-0.028514
-0.028367
-0.027924
-0.035243
-0.032940
-0.032940
-0.032350
-0.033341
-0.031112
-0.031112
-0.030522
-0.034055
-0.034407
-0.031605
-0.033965
-0.033481
-0.033906
-0.031104
-0.033464
-0.031565
-0.031770
-0.029115
-0.031327
-0.030917
-0.031195
-0.028540
-0.030752
-0.029370
-0.029427
-0.026920
-0.028984
-0.028647
-0.028778
-0.026271
-0.028336
-0.027469
-0.027379
-0.025019
-0.026936
-0.026673
-0.026657
-0.024297
-0.026214
-0.025864
-0.025626
-0.023414
-0.025184
-0.024994
-0.024830
-0.022618
-0.024387
-0.024554
-0.024168
-0.022103
-0.023726
-0.023610
-0.023298
-0.021234
-0.022856
-0.023538
-0.023005
-0.021088
-0.022563
-0.022521
-0.022061
-0.020144
-0.021619
-0.022817
-0.022137
-0.020367
-0.021695
-0.021726
-0.021120
-0.019350
-0.020677
-0.022392
-0.021564
-0.019942
-0.021121
-0.021227
-0.020473
-0.018851
-0.020030
-0.022261
-0.021286
-0.019811
-0.020843
-0.021023
-0.020121
-0.018646
-0.019679
-0.022425
-0.021303
-0.019975
-0.020860
-0.021113
-0.020064
-0.018737
-0.019622
-0.022885
-0.021614
-0.020434
-0.021172
-0.021499
-0.020302
-0.019122
-0.019860
-0.023639
-0.022221
-0.021189
-0.021779
-0.022179
-0.020835
-0.019803
-0.020393
-0.024688
-0.023123
-0.022238
-0.022680
-0.023155
-0.021663
-0.020778
-0.021221
-0.026032
-0.024319
-0.023582
-0.023877
-0.024425
-0.022786
-0.022048
-0.022343
-0.027671
-0.025811
-0.025221
-0.025368
-0.025990
-0.024204
-0.023614
-0.023761
-0.029605
-0.027597
-0.027155
-0.027155
-0.027850
-0.025916
-0.025474
-0.025474
-0.031834
-0.029679
-0.029384
-0.029236
-0.030006
-0.027924
-0.027629
-0.027482
-0.034358
-0.032055
-0.031908
-0.031613
-0.032456
-0.030227
-0.030079
-0.029784
-0.037177
-0.034727
-0.034727
-0.034284
-0.035201
-0.032825
-0.032825
-0.032382
-0.036284
-0.036489
-0.033687
-0.036194
-0.035636
-0.035914
-0.033112
-0.035619
-0.033794
-0.033851
-0.031196
-0.033556
-0.033072
-0.033202
-0.030548
-0.032907
-0.031599
-0.031508
-0.029001
-0.031213
-0.030803
-0.030786
-0.028279
-0.030491
-0.029698
-0.029460
-0.027101
-0.029165
-0.028829
-0.028664
-0.026305
-0.028369
-0.028093
-0.027707
-0.025495
-0.027412
-0.027149
-0.026838
-0.024625
-0.026543
-0.026782
-0.026249
-0.024185
-0.025955
-0.025765
-0.025306
-0.023241
-0.025011
-0.025767
-0.025086
-0.023169
-0.024792
-0.024676
-0.024069
-0.022152
-0.023774
-0.025046
-0.024218
-0.022449
-0.023923
-0.023882
-0.023127
-0.021358
-0.022832
-0.024621
-0.023645
-0.022023
-0.023350
-0.023382
-0.022481
-0.020858
-0.022186
-0.024490
-0.023367
-0.021892
-0.023072
-0.023178
-0.022129
-0.020654
-0.021834
-0.024654
-0.023384
-0.022057
-0.023089
-0.023268
-0.022072
-0.020744
-0.021777
-0.025114
-0.023696
-0.022516
-0.023401
-0.023654
-0.022310
-0.021130
-0.022015
-0.025868
-0.024302
-0.023270
-0.024008
-0.024334
-0.022843
-0.021810
-0.022548
-0.026917
-0.025204
-0.024319
-0.024909
-0.025310
-0.023671
-0.022786
-0.023376
-0.028261
-0.026401
-0.025663
-0.026106
-0.026580
-0.024794
-0.024056
-0.024499
-0.029900
-0.027892
-0.027302
-0.027597
-0.028145
-0.026211
-0.025621
-0.025916
-0.031834
-0.029679
-0.029236
-0.029384
-0.030006
-0.027924
-0.027482
-0.027629
-0.034063
-0.031760
-0.031465
-0.031465
-0.032161
-0.029932
-0.029637
-0.029637
-0.036587
-0.034137
-0.033989
-0.033842
-0.034611
-0.032235
-0.032087
-0.031940
-0.039406
-0.036808
-0.036808
-0.036513
-0.037356
-0.034832
-0.034832
-0.034537
-0.038808
-0.038865
-0.036063
-0.038718
-0.038086
-0.038217
-0.035415
-0.038069
-0.036318
-0.036227
-0.033573
-0.036080
-0.035522
-0.035505
-0.032851
-0.035358
-0.034123
-0.033885
-0.031378
-0.033737
-0.033253
-0.033089
-0.030581
-0.032941
-0.032222
-0.031837
-0.029477
-0.031689
-0.031279
-0.030967
-0.028607
-0.030819
-0.030617
-0.030084
-0.027872
-0.029936
-0.029600
-0.029140
-0.026928
-0.028993
-0.029306
-0.028626
-0.026561
-0.028478
-0.028215
-0.027609
-0.025544
-0.027461
-0.028291
-0.027463
-0.025546
-0.027315
-0.027126
-0.026372
-0.024455
-0.026224
-0.027570
-0.026595
-0.024825
-0.026447
-0.026332
-0.025430
-0.023660
-0.025283
-0.027145
-0.026022
-0.024400
-0.025874
-0.025832
-0.024783
-0.023161
-0.024636
-0.027014
-0.025744
-0.024269
-0.025596
-0.025628
-0.024431
-0.022957
-0.024284
-0.027178
-0.025760
-0.024433
-0.025613
-0.025719
-0.024374
-0.023047
-0.024227
-0.027637
-0.026072
-0.024892
-0.025925
-0.026104
-0.024612
-0.023433
-0.024465
-0.028392
-0.026679
-0.025647
-0.026531
-0.026784
-0.025145
-0.024113
-0.024998
-0.029441
-0.027581
-0.026696
-0.027433
-0.027760
-0.025973
-0.025089
-0.025826
-0.030785
-0.028777
-0.028040
-0.028630
-0.029030
-0.027096
-0.026359
-0.026949
-0.032424
-0.030269
-0.029679
-0.030121
-0.030596
-0.028514
-0.027924
-0.028367
-0.034358
-0.032055
-0.031613
-0.031908
-0.032456
-0.030227
-0.029784
-0.030079
-0.036587
-0.034137
-0.033842
-0.033989
-0.034611
-0.032235
-0.031940
-0.032087
-0.039111
-0.036513
-0.036366
-0.036366
-0.037061
-0.034537
-0.034390
-0.034390
-0.041930
-0.039185
-0.039185
-0.039037
-0.039806
-0.037135
-0.037135
-0.036987
-0.041627
-0.041537
-0.038735
-0.041537
-0.040831
-0.040814
-0.038012
-0.040814
-0.039137
-0.038899
-0.036244
-0.038899
-0.038267
-0.038103
-0.035448
-0.038103
-0.036941
-0.036556
-0.034049
-0.036556
-0.035998
-0.035686
-0.033179
-0.035686
-0.035041
-0.034508
-0.032149
-0.034508
-0.034024
-0.033565
-0.031205
-0.033565
-0.033436
-0.032755
-0.030543
-0.032755
-0.032345
-0.031738
-0.029526
-0.031738
-0.032125
-0.031297
-0.029233
-0.031297
-0.030960
-0.030206
-0.028142
-0.030206
-0.031110
-0.030134
-0.028217
-0.030134
-0.029871
-0.028970
-0.027052
-0.028970
-0.030389
-0.029266
-0.027497
-0.029266
-0.029077
-0.028028
-0.026258
-0.028028
-0.029963
-0.028693
-0.027071
-0.028693
-0.028578
-0.027381
-0.025759
-0.027381
-0.029833
-0.028415
-0.026940
-0.028415
-0.028373
-0.027029
-0.025554
-0.027029
-0.029997
-0.028432
-0.027105
-0.028432
-0.028464
-0.026972
-0.025645
-0.026972
-0.030456
-0.028744
-0.027564
-0.028744
-0.028849
-0.027210
-0.026030
-0.027210
-0.031211
-0.029350
-0.028318
-0.029350
-0.029530
-0.027743
-0.026711
-0.027743
-0.032260
-0.030252
-0.029367
-0.030252
-0.030505
-0.028571
-0.027686
-0.028571
-0.033604
-0.031449
-0.030711
-0.031449
-0.031775
-0.029694
-0.028957
-0.029694
-0.035243
-0.032940
-0.032350
-0.032940
-0.033341
-0.031112
-0.030522
-0.031112
-0.037177
-0.034727
-0.034284
-0.034727
-0.035201
-0.032825
-0.032382
-0.032825
-0.039406
-0.036808
-0.036513
-0.036808
-0.037356
-0.034832
-0.034537
-0.034832
-0.041930
-0.039185
-0.039037
-0.039185
-0.039806
-0.037135
-0.036987
-0.037135
-0.044749
-0.041856
-0.041856
-0.041856
-0.042551
-0.039733
-0.039733
-0.039733
